Codigo Linha;Linha;Referencia;Produto;Qtd Venda
001;SAND.KIDY BABY EQUILIBRIO;0010890;SAND.KIDY BABY MNO EQUILÍBRIO MARINHO/VERMELHO;11 
001;SAND.KIDY BABY EQUILIBRIO;0010894;SAND.KIDY BABY MNO EQUILÍBRIO PRETO;12 
001;SAND.KIDY BABY EQUILIBRIO;0010894;SAND.KIDY BABY MNO EQUILÍBRIO TAUPE/LARANJA;12 
001;SAND.KIDY BABY EQUILIBRIO;0010903;SAND.KIDY BABY MNO EQUILÍBRIO MARINHO/CINZA;12 
001;SAND.KIDY BABY EQUILIBRIO;0010905;SAND.KIDY BABY MNO EQUILÍBRIO MARROM/AZUL;12 
001;SAND.KIDY BABY EQUILIBRIO;0010921;SAND.KIDY BABY MNO EQUILÍBRIO CINZA/AZUL ROYAL;12 
001;SAND.KIDY BABY EQUILIBRIO;0010958;SAND.KIDY BB MNO EQUILÍBRIO MARINHO/VERMELHO;24 
001;SAND.KIDY BABY EQUILIBRIO;0010966;SAND.KIDY BB MNO EQUILÍBRIO PRETO;12 
001;SAND.KIDY BABY EQUILIBRIO;0010968;SAND.KIDY BB MNO EQUILÍBRIO AREIA/BRANCO;36 
001;SAND.KIDY BABY EQUILIBRIO;0010968;SAND.KIDY BB MNO EQUILÍBRIO CASTANHO/MARINHO;12 
001;SAND.KIDY BABY EQUILIBRIO;0010968;SAND.KIDY BB MNO EQUILÍBRIO MARINHO;96 
001;SAND.KIDY BABY EQUILIBRIO;0010969;SAND.KIDY BB MNO EQUILÍBRIO MARINHO/AZUL;275 
001;SAND.KIDY BABY EQUILIBRIO;0010969;SAND.KIDY BB MNO EQUILÍBRIO MARINHO/MOSTARDA;179 
001;SAND.KIDY BABY EQUILIBRIO;0010972;SAND.KIDY BB MNO EQUILÍBRIO CINZA/AZUL;12 
001;SAND.KIDY BABY EQUILIBRIO;0010975;SAND.KIDY BB MNO EQUILÍBRIO MARINHO;192 
001;SAND.KIDY BABY EQUILIBRIO;0010980;SAND.KIDY BB MNO EQUILÍBRIO AZUL/VERMELHO;407 
001;SAND.KIDY BABY EQUILIBRIO;0010980;SAND.KIDY BB MNO EQUILÍBRIO MARINHO/VERDE;1.188 
001;SAND.KIDY BABY EQUILIBRIO;0010980;SAND.KIDY BB MNO EQUILÍBRIO MARROM/TAUPE;336 
001;SAND.KIDY BABY EQUILIBRIO;0010985;SAND.KIDY BB MNO EQUILÍBRIO MARINHO/LARANJA;12 
001;SAND.KIDY BABY EQUILIBRIO;0010986;SAND.KIDY BB MNO EQUILÍBRIO CASTOR;12 
001;SAND.KIDY BABY EQUILIBRIO;0010987;SAND.KIDY BB MNO EQUILÍBRIO NATURAL;12 
001;SAND.KIDY BABY EQUILIBRIO;0010989;SAND.KIDY BB MNO EQUILIBRIO MARROM;72 
001;SAND.KIDY BABY EQUILIBRIO;0010992;SAND.KIDY BB MNO EQUILÍBRIO AZUL STONE;12 
001;SAND.KIDY BABY EQUILIBRIO;0010993;SAND.KIDY BB MNO EQUILÍBRIO CARAMELO;6 
001;SAND.KIDY BABY EQUILIBRIO;0010993;SAND.KIDY BB MNO EQUILÍBRIO CASTOR;12 
001;SAND.KIDY BABY EQUILIBRIO;0010993;SAND.KIDY BB MNO EQUILÍBRIO MARINHO;60 
001;SAND.KIDY BABY EQUILIBRIO;0010994;SAND.KIDY BB MNO EQUILÍBRIO CAFÉ/CAMEL;480 
001;SAND.KIDY BABY EQUILIBRIO;0010994;SAND.KIDY BB MNO EQUILÍBRIO CARAMELO;819 
001;SAND.KIDY BABY EQUILIBRIO;0010994;SAND.KIDY BB MNO EQUILÍBRIO CARAMELO/STONE;9 
001;SAND.KIDY BABY EQUILIBRIO;0010994;SAND.KIDY BB MNO EQUILÍBRIO CASTOR;1.409 
001;SAND.KIDY BABY EQUILIBRIO;0010994;SAND.KIDY BB MNO EQUILÍBRIO CASTOR/BEGE;9 
001;SAND.KIDY BABY EQUILIBRIO;0010994;SAND.KIDY BB MNO EQUILÍBRIO MARINHO;839 
001;SAND.KIDY BABY EQUILIBRIO;0010994;SAND.KIDY BB MNO EQUILÍBRIO MARINHO/VERDE;321 
001;SAND.KIDY BABY EQUILIBRIO;0010994;SAND.KIDY BB MNO EQUILÍBRIO NATURAL;202 
001;SAND.KIDY BABY EQUILIBRIO;0010995;SAND.KIDY BB MNO EQUILÍBRIO MARINHO;18 
001;SAND.KIDY BABY EQUILIBRIO;0010998;SAND.KIDY BB MNO EQUILIBRIO NATURAL;33 
001;SAND.KIDY BABY EQUILIBRIO;0010998;SAND.KIDY BB MNO EQUILIBRIO PRETO/LARANJA;9 
001;SAND.KIDY BABY EQUILIBRIO;0010999;SAND.KIDY BB MNO EQUILIBRIO CAFÉ/MARINHO;1.389 
001;SAND.KIDY BABY EQUILIBRIO;0010999;SAND.KIDY BB MNO EQUILIBRIO CASTANHO/CAMEL;5.411 
001;SAND.KIDY BABY EQUILIBRIO;0010999;SAND.KIDY BB MNO EQUILIBRIO CASTANHO/MARINHO;1.169 
001;SAND.KIDY BABY EQUILIBRIO;0010999;SAND.KIDY BB MNO EQUILIBRIO CINZA/MARINHO;2.932 
001;SAND.KIDY BABY EQUILIBRIO;0010999;SAND.KIDY BB MNO EQUILIBRIO MARINHO/AZUL STONE;1.335 
001;SAND.KIDY BABY EQUILIBRIO;0010999;SAND.KIDY BB MNO EQUILIBRIO MARINHO/LARANJA;10.072 
001;SAND.KIDY BABY EQUILIBRIO;0010999;SAND.KIDY BB MNO EQUILIBRIO MARINHO/TAUPE;177 
001;SAND.KIDY BABY EQUILIBRIO;0010999;SAND.KIDY BB MNO EQUILIBRIO MARINHO/VERDE;663 
001;SAND.KIDY BABY EQUILIBRIO;0010999;SAND.KIDY BB MNO EQUILIBRIO NATURAL/CARAMELO;9.820 
001;SAND.KIDY BABY EQUILIBRIO;0010999;SAND.KIDY BB MNO EQUILIBRIO PRETO/CAFE;0 
001;SAND.KIDY BABY EQUILIBRIO;0011000;SAND.KIDY BABY MNO EQUILÍBRIO AZUL STONE;12 
001;SAND.KIDY BABY EQUILIBRIO;0011000;SAND.KIDY BABY MNO EQUILÍBRIO CARAMELO;228 
001;SAND.KIDY BABY EQUILIBRIO;0011000;SAND.KIDY BABY MNO EQUILÍBRIO MARINHO;228 
001;SAND.KIDY BABY EQUILIBRIO;0011010;SAND.KIDY BB MNO MARINHO;12 
001;SAND.KIDY BABY EQUILIBRIO;0011010;SAND.KIDY BB MNO MARROM;12 
001;SAND.KIDY BABY EQUILIBRIO;0011012;SAND.KIDY BB MNO AMARELO;12 
001;SAND.KIDY BABY EQUILIBRIO;0011012;SAND.KIDY BB MNO MARINHO;9 
001;SAND.KIDY BABY EQUILIBRIO;0011013;SANDÁLIA KIDY BABY MNA PRETO;12 
001;SAND.KIDY BABY EQUILIBRIO;0011014;SAND.KIDY BABY EQUILÍBRIO MARINHO/AMARELO NEON;33 
001;SAND.KIDY BABY EQUILIBRIO;0011014;SAND.KIDY BABY EQUILÍBRIO PRETO/LARANJA;12 
001;SAND.KIDY BABY EQUILIBRIO;0011015;SANDÁLIA KIDY BABY EQUILÍBRIO CAFE/CARAMELO;420 
001;SAND.KIDY BABY EQUILIBRIO;0011015;SANDÁLIA KIDY BABY EQUILÍBRIO CARAMELO/MARINHO;2.595 
001;SAND.KIDY BABY EQUILIBRIO;0011015;SANDÁLIA KIDY BABY EQUILÍBRIO CASTANHO/MARROM;459 
001;SAND.KIDY BABY EQUILIBRIO;0011015;SANDÁLIA KIDY BABY EQUILÍBRIO MARINHO;1.268 
001;SAND.KIDY BABY EQUILIBRIO;0011016;SANDÁLIA KIDY BABY EQUILÍBRIO CAFE/AREIA/CASTOR;1.618 
001;SAND.KIDY BABY EQUILIBRIO;0011016;SANDÁLIA KIDY BABY EQUILÍBRIO MARINHO/NATURAL/AZUL;897 
001;SAND.KIDY BABY EQUILIBRIO;0011016;SANDÁLIA KIDY BABY EQUILÍBRIO NATURAL/MARROM;390 
001;SAND.KIDY BABY EQUILIBRIO;0011016;SANDÁLIA KIDY BABY EQUILÍBRIO PRETO/MARROM;666 
001;SAND.KIDY BABY EQUILIBRIO;0011017;SANDÁLIA KIDY BABY EQUILÍBRIO CAFE;351 
001;SAND.KIDY BABY EQUILIBRIO;0011017;SANDÁLIA KIDY BABY EQUILÍBRIO CARAMELO/MARINHO;764 
001;SAND.KIDY BABY EQUILIBRIO;0011017;SANDÁLIA KIDY BABY EQUILÍBRIO MARINHO;851 
001;SAND.KIDY BABY EQUILIBRIO;0011017;SANDÁLIA KIDY BABY EQUILÍBRIO NATURAL/CARAMELO;1.730 
001;SAND.KIDY BABY EQUILIBRIO;0011018;SANDÁLIA KIDY BABY EQUILÍBRIO CAFE;837 
001;SAND.KIDY BABY EQUILIBRIO;0011018;SANDÁLIA KIDY BABY EQUILÍBRIO MARINHO/LARANJA;1.565 
001;SAND.KIDY BABY EQUILIBRIO;0011018;SANDÁLIA KIDY BABY EQUILÍBRIO NATURAL;270 
001;SAND.KIDY BABY EQUILIBRIO;0011018;SANDÁLIA KIDY BABY EQUILÍBRIO PRETO/VERDE;746 
001;SAND.KIDY BABY EQUILIBRIO;0011019;SANDALIA KIDY BABY EQUILIBRIO AZ.ROYAL/MARINHO;42 
001;SAND.KIDY BABY EQUILIBRIO;0011019;SANDALIA KIDY BABY EQUILIBRIO MARINHO;771 
001;SAND.KIDY BABY EQUILIBRIO;0011019;SANDALIA KIDY BABY EQUILIBRIO MARINHO/LARANJA;57 
001;SAND.KIDY BABY EQUILIBRIO;0011019;SANDALIA KIDY BABY EQUILIBRIO PRETO/VERDE;423 
001;SAND.KIDY BABY EQUILIBRIO;0011020;SANDALIA KIDY BABY EQUILIBRIO CINZA;20 
001;SAND.KIDY BABY EQUILIBRIO;0011020;SANDALIA KIDY BABY EQUILIBRIO MARINHO;102 
001;SAND.KIDY BABY EQUILIBRIO;0011020;SANDALIA KIDY BABY EQUILIBRIO MARROM;80 
001;SAND.KIDY BABY EQUILIBRIO;0011021;SANDALIA KIDY BABY EQUILIBRIO AMARELO;18 
001;SAND.KIDY BABY EQUILIBRIO;0011021;SANDALIA KIDY BABY EQUILIBRIO MARINHO;48 
001;SAND.KIDY BABY EQUILIBRIO;0011025;SANDALIA KIDY BABY EQUILIBRIO AZUL/VERDE/CINZA;610 
001;SAND.KIDY BABY EQUILIBRIO;0011025;SANDALIA KIDY BABY EQUILIBRIO CASTANHO/MARINHO;3.414 
001;SAND.KIDY BABY EQUILIBRIO;0011025;SANDALIA KIDY BABY EQUILIBRIO CASTOR/LARANJA;2.216 
001;SAND.KIDY BABY EQUILIBRIO;0011025;SANDALIA KIDY BABY EQUILIBRIO MARINHO/AZ.STONE;1.289 
001;SAND.KIDY BABY EQUILIBRIO;0011025;SANDALIA KIDY BABY EQUILIBRIO NATURAL/CARAMELO;849 
001;SAND.KIDY BABY EQUILIBRIO;0011025;SANDALIA KIDY BABY EQUILIBRIO PRETO/CAFE;336 
001;SAND.KIDY BABY EQUILIBRIO;0011026;SAND.KIDY BB MNO AZUL/VERDE;633 
001;SAND.KIDY BABY EQUILIBRIO;0011026;SAND.KIDY BB MNO CASTOR/VERMELHO;123 
001;SAND.KIDY BABY EQUILIBRIO;0011026;SAND.KIDY BB MNO MARINHO/CASTANHO;297 
001;SAND.KIDY BABY EQUILIBRIO;0011026;SAND.KIDY BB MNO NATURAL/CARAMELO;351 
001;SAND.KIDY BABY EQUILIBRIO;0011026;SAND.KIDY BB MNO PRETO/CAFÉ;1.452 
001;SAND.KIDY BABY EQUILIBRIO;0011027;SAND.KIDY BB MNO AZUL/VERDE;327 
001;SAND.KIDY BABY EQUILIBRIO;0011027;SAND.KIDY BB MNO CASTANHO/MARINHO;1.827 
001;SAND.KIDY BABY EQUILIBRIO;0011027;SAND.KIDY BB MNO CASTOR/LARANJA;2.474 
001;SAND.KIDY BABY EQUILIBRIO;0011027;SAND.KIDY BB MNO MARINHO/AZUL STONE;4.557 
001;SAND.KIDY BABY EQUILIBRIO;0011027;SAND.KIDY BB MNO NATURAL/CARAMELO;1.138 
001;SAND.KIDY BABY EQUILIBRIO;0011027;SAND.KIDY BB MNO PRETO/CAFE;783 
001;SAND.KIDY BABY EQUILIBRIO;0011028;SAND.KIDY BB MNO AZUL/VERDE;283 
001;SAND.KIDY BABY EQUILIBRIO;0011028;SAND.KIDY BB MNO CAFÉ/CAMEL;564 
001;SAND.KIDY BABY EQUILIBRIO;0011028;SAND.KIDY BB MNO CINZA/MARINHO/VERMELHO;678 
001;SAND.KIDY BABY EQUILIBRIO;0011028;SAND.KIDY BB MNO MARINHO/AZUL STONE;723 
001;SAND.KIDY BABY EQUILIBRIO;0011028;SAND.KIDY BB MNO NATURAL/MARINHO;1.383 
001;SAND.KIDY BABY EQUILIBRIO;0011028;SAND.KIDY BB MNO PRETO/CAFÉ;525 
001;SAND.KIDY BABY EQUILIBRIO;0011029;SAND.KIDY BB MNO AZUL/VERDE;438 
001;SAND.KIDY BABY EQUILIBRIO;0011029;SAND.KIDY BB MNO CAFÉ/CAMEL;3.490 
001;SAND.KIDY BABY EQUILIBRIO;0011029;SAND.KIDY BB MNO CINZA/MARINHO/VERMELHO;1.167 
001;SAND.KIDY BABY EQUILIBRIO;0011029;SAND.KIDY BB MNO MARINHO/AZUL STONE;2.224 
001;SAND.KIDY BABY EQUILIBRIO;0011029;SAND.KIDY BB MNO NATURAL/MARINHO;926 
001;SAND.KIDY BABY EQUILIBRIO;0011029;SAND.KIDY BB MNO PRETO/CAFÉ;489 
001;SAND.KIDY BABY EQUILIBRIO;0011030;SAND.KIDY BABY EQUILIBRIO AZUL/VERDE;501 
001;SAND.KIDY BABY EQUILIBRIO;0011030;SAND.KIDY BABY EQUILIBRIO CASTOR/VERMELHO;201 
001;SAND.KIDY BABY EQUILIBRIO;0011030;SAND.KIDY BABY EQUILIBRIO MARINHO/CASTANHO;648 
001;SAND.KIDY BABY EQUILIBRIO;0011030;SAND.KIDY BABY EQUILIBRIO NATURAL/CARAMELO;422 
001;SAND.KIDY BABY EQUILIBRIO;0011030;SAND.KIDY BABY EQUILIBRIO PRETO/CAFE;405 
001;SAND.KIDY BABY EQUILIBRIO;0011031;SANDÁLIA KIDY BABY EQUILIBRIO AZUL STONE/VERDE;18 
001;SAND.KIDY BABY EQUILIBRIO;0011031;SANDÁLIA KIDY BABY EQUILIBRIO MARINHO/VERMELHO;55 
001;SAND.KIDY BABY EQUILIBRIO;0011031;SANDÁLIA KIDY BABY EQUILIBRIO PRETO/LARANJA;180 
001;SAND.KIDY BABY EQUILIBRIO;0011032;SANDALIA KIDY BABY EQUILIBRIO AZUL/VERDE/CINZA;27 
001;SAND.KIDY BABY EQUILIBRIO;0011032;SANDALIA KIDY BABY EQUILIBRIO CASTANHO/MARINHO;114 
001;SAND.KIDY BABY EQUILIBRIO;0011032;SANDALIA KIDY BABY EQUILIBRIO CASTOR/LARANJA;483 
001;SAND.KIDY BABY EQUILIBRIO;0011032;SANDALIA KIDY BABY EQUILIBRIO MARINHO;489 
001;SAND.KIDY BABY EQUILIBRIO;0011032;SANDALIA KIDY BABY EQUILIBRIO MARINHO/VERMELHO;189 
001;SAND.KIDY BABY EQUILIBRIO;0011032;SANDALIA KIDY BABY EQUILIBRIO NATURAL/MARROM;585 
001;SAND.KIDY BABY EQUILIBRIO;0011035;SANDALIA KIDY BABY EQUILIBRIO CARAMELO/MARROM;612 
001;SAND.KIDY BABY EQUILIBRIO;0011035;SANDALIA KIDY BABY EQUILIBRIO CINZA/MARINHO/VERMELHO;662 
001;SAND.KIDY BABY EQUILIBRIO;0011035;SANDALIA KIDY BABY EQUILIBRIO MARINHO/AZ.ROYAL;312 
001;SAND.KIDY BABY EQUILIBRIO;0011035;SANDALIA KIDY BABY EQUILIBRIO NATURAL/LARANJA;441 
001;SAND.KIDY BABY EQUILIBRIO;0011035;SANDALIA KIDY BABY EQUILIBRIO PRETO/VERDE;109 
001;SAND.KIDY BABY EQUILIBRIO;0011036;SANDALIA KIDY BABY EQUILIBRIO AZUL ROYAL/VERDE;65 
001;SAND.KIDY BABY EQUILIBRIO;0011036;SANDALIA KIDY BABY EQUILIBRIO MARINHO;252 
001;SAND.KIDY BABY EQUILIBRIO;0011036;SANDALIA KIDY BABY EQUILIBRIO NATURAL/LARANJA;75 
001;SAND.KIDY BABY EQUILIBRIO;0011036;SANDALIA KIDY BABY EQUILIBRIO PRETO/VERDE;168 
001;SAND.KIDY BABY EQUILIBRIO;0011037;SANDALIA KIDY BABY EQUILIBRIO CAFÉ/MARINHO/CARAMELO;490 
001;SAND.KIDY BABY EQUILIBRIO;0011037;SANDALIA KIDY BABY EQUILIBRIO GRAFITE/VERDE/CINZA;30 
001;SAND.KIDY BABY EQUILIBRIO;0011037;SANDALIA KIDY BABY EQUILIBRIO MARINHO/CINZA/VERMELHO;904 
001;SAND.KIDY BABY EQUILIBRIO;0011037;SANDALIA KIDY BABY EQUILIBRIO MARROM/CANELA;303 
001;SAND.KIDY BABY EQUILIBRIO;0011037;SANDALIA KIDY BABY EQUILIBRIO NATURAL/LARANJA;1.077 
001;SAND.KIDY BABY EQUILIBRIO;0011038;SANDALIA KIDY BABY EQUILIBRIO CAFE/MARINHO/CARAMELO;1.890 
001;SAND.KIDY BABY EQUILIBRIO;0011038;SANDALIA KIDY BABY EQUILIBRIO CAMEL/VERDE MILITAR;425 
001;SAND.KIDY BABY EQUILIBRIO;0011038;SANDALIA KIDY BABY EQUILIBRIO GRAFITE/CINZA/MARINHO;237 
001;SAND.KIDY BABY EQUILIBRIO;0011038;SANDALIA KIDY BABY EQUILIBRIO MARINHO/CINZA/VERMELHO;293 
001;SAND.KIDY BABY EQUILIBRIO;0011038;SANDALIA KIDY BABY EQUILIBRIO MARROM/CANELA;344 
001;SAND.KIDY BABY EQUILIBRIO;0011039;SANDALIA KIDY BABY EQUILIBRIO CARAMELO;1.558 
001;SAND.KIDY BABY EQUILIBRIO;0011039;SANDALIA KIDY BABY EQUILIBRIO CINZA/GRAFITE/VERDE;138 
001;SAND.KIDY BABY EQUILIBRIO;0011039;SANDALIA KIDY BABY EQUILIBRIO MARINHO;840 
001;SAND.KIDY BABY EQUILIBRIO;0011039;SANDALIA KIDY BABY EQUILIBRIO MARROM/CANELA;2.215 
001;SAND.KIDY BABY EQUILIBRIO;0011039;SANDALIA KIDY BABY EQUILIBRIO VERDE MILITAR/MARROM;351 
001;SAND.KIDY BABY EQUILIBRIO;0011041;SANDALIA KIDY BABY EQUILIBRIO CARAMELO/MOSTARDA;608 
001;SAND.KIDY BABY EQUILIBRIO;0011041;SANDALIA KIDY BABY EQUILIBRIO MARINHO/CAFE;312 
001;SAND.KIDY BABY EQUILIBRIO;0011042;SANDALIA KIDY BABY EQUILIBRIO CANELA;30 
001;SAND.KIDY BABY EQUILIBRIO;0011042;SANDALIA KIDY BABY EQUILIBRIO CASTOR/LARANJA;78 
001;SAND.KIDY BABY EQUILIBRIO;0011042;SANDALIA KIDY BABY EQUILIBRIO MARINHO/MARROM;171 
001;SAND.KIDY BABY EQUILIBRIO;0011042;SANDALIA KIDY BABY EQUILIBRIO MARROM/CANELA;9 
001;SAND.KIDY BABY EQUILIBRIO;0011042;SANDALIA KIDY BABY EQUILIBRIO TAUPE/CARAMELO;233 
001;SAND.KIDY BABY EQUILIBRIO;0011043;SANDALIA KIDY BABY EQUILIBRIO CARAMELO/MARROM;30 
001;SAND.KIDY BABY EQUILIBRIO;0011043;SANDALIA KIDY BABY EQUILIBRIO CINZA/MARINHO;84 
001;SAND.KIDY BABY EQUILIBRIO;0011043;SANDALIA KIDY BABY EQUILIBRIO MARINHO/CARAMELO;234 
001;SAND.KIDY BABY EQUILIBRIO;0011043;SANDALIA KIDY BABY EQUILIBRIO MARROM/CASTANHO;84 
001;SAND.KIDY BABY EQUILIBRIO;0011043;SANDALIA KIDY BABY EQUILIBRIO TAUPE/LARANJA;87 
001;SAND.KIDY BABY EQUILIBRIO;0011044;SANDALIA KIDY BABY EQUILIBRIO CINZA/MARINHO;834 
001;SAND.KIDY BABY EQUILIBRIO;0011044;SANDALIA KIDY BABY EQUILIBRIO MARROM/CANELA;39 
001;SAND.KIDY BABY EQUILIBRIO;0011044;SANDALIA KIDY BABY EQUILIBRIO NATURAL/LARANJA;27 
001;SAND.KIDY BABY EQUILIBRIO;0011044;SANDALIA KIDY BABY EQUILIBRIO PRETO/GRAFITE;80 
001;SAND.KIDY BABY EQUILIBRIO;0011044;SANDALIA KIDY BABY EQUILIBRIO TAUPE/CARAMELO;324 
001;SAND.KIDY BABY EQUILIBRIO;0011045;SANDALIA KIDY BABY EQUILIBRIO CANELA/CAFE;162 
001;SAND.KIDY BABY EQUILIBRIO;0011045;SANDALIA KIDY BABY EQUILIBRIO CARAMELO/MARROM;69 
001;SAND.KIDY BABY EQUILIBRIO;0011045;SANDALIA KIDY BABY EQUILIBRIO MARINHO/VERDE;54 
001;SAND.KIDY BABY EQUILIBRIO;0011045;SANDALIA KIDY BABY EQUILIBRIO NATURAL/LARANJA;60 
001;SAND.KIDY BABY EQUILIBRIO;0011045;SANDALIA KIDY BABY EQUILIBRIO PRETO/TAUPE;60 
001;SAND.KIDY BABY EQUILIBRIO;0011046;SANDALIA KIDY BABY EQUILIBRIO CANELA/CAFE;27 
001;SAND.KIDY BABY EQUILIBRIO;0011046;SANDALIA KIDY BABY EQUILIBRIO CARAMELO/MARROM;12 
001;SAND.KIDY BABY EQUILIBRIO;0011046;SANDALIA KIDY BABY EQUILIBRIO MARINHO/VERDE;12 
001;SAND.KIDY BABY EQUILIBRIO;0011046;SANDALIA KIDY BABY EQUILIBRIO PRETO/TAUPE;15 
001;SAND.KIDY BABY EQUILIBRIO;0012001;SANDÁLIA KIDY BABY MNA OURO;12 
001;SAND.KIDY BABY EQUILIBRIO;0012002;SANDALIA KIDY BABY MNA BRANCO;45 
001;SAND.KIDY BABY EQUILIBRIO;0012002;SANDALIA KIDY BABY MNA MARFIM;189 
001;SAND.KIDY BABY EQUILIBRIO;0012002;SANDALIA KIDY BABY MNA NUDE;490 
001;SAND.KIDY BABY EQUILIBRIO;0012002;SANDALIA KIDY BABY MNA PINK;87 
001;SAND.KIDY BABY EQUILIBRIO;0012004;SANDÁLIA KIDY BABY MNA PINK;12 
001;SAND.KIDY BABY EQUILIBRIO;0012005;SANDÁLIA KIDY BABY MNA BRANCO/COLORIDO;4.450 
001;SAND.KIDY BABY EQUILIBRIO;0012005;SANDÁLIA KIDY BABY MNA NUDE/COLORIDO;3.524 
001;SAND.KIDY BABY EQUILIBRIO;0012005;SANDÁLIA KIDY BABY MNA OURO;6.133 
001;SAND.KIDY BABY EQUILIBRIO;0012005;SANDÁLIA KIDY BABY MNA ROSA;12 
001;SAND.KIDY BABY EQUILIBRIO;0012005;SANDÁLIA KIDY BABY MNA ROSA/COLORIDO;6.228 
001;SAND.KIDY BABY EQUILIBRIO;0012005;SANDÁLIA KIDY BABY MNA VERDE/LILAS;24 
001;SAND.KIDY BABY EQUILIBRIO;0012006;SANDÁLIA KIDY BABY MNA ROSA;12 
001;SAND.KIDY BABY EQUILIBRIO;0012009;SAND.KIDY BABY MNA NUDE;15 
001;SAND.KIDY BABY EQUILIBRIO;0012009;SAND.KIDY BABY MNA PINK;18 
001;SAND.KIDY BABY EQUILIBRIO;0012009;SAND.KIDY BABY MNA VIOLETA;6 
001;SAND.KIDY BABY EQUILIBRIO;0012010;SAND.KIDY BABY MNA MARFIM;12 
001;SAND.KIDY BABY EQUILIBRIO;0012010;SAND.KIDY BABY MNA ROSA;12 
001;SAND.KIDY BABY EQUILIBRIO;0012014;SANDALIA KIDY BABY EQUILIBRIO ROSA/VERDE;12 
001;SAND.KIDY BABY EQUILIBRIO;0012014;SANDÁLIA KIDY BABY EQUILÍBRIO AZUL/ROSA;51 
001;SAND.KIDY BABY EQUILIBRIO;0012014;SANDÁLIA KIDY BABY EQUILÍBRIO BRANCO/NUDE;263 
001;SAND.KIDY BABY EQUILIBRIO;0012014;SANDÁLIA KIDY BABY EQUILÍBRIO MARFIM/NUDE;345 
001;SAND.KIDY BABY EQUILIBRIO;0012014;SANDÁLIA KIDY BABY EQUILÍBRIO NUDE/LILAS;60 
001;SAND.KIDY BABY EQUILIBRIO;0012015;SANDALIA KIDY BABY EQUILIBRIO PINK;54 
001;SAND.KIDY BABY EQUILIBRIO;0012015;SANDÁLIA KIDY BABY EQUILÍBRIO ANIS;281 
001;SAND.KIDY BABY EQUILIBRIO;0012015;SANDÁLIA KIDY BABY EQUILÍBRIO BRANCO;522 
001;SAND.KIDY BABY EQUILIBRIO;0012015;SANDÁLIA KIDY BABY EQUILÍBRIO NUDE;1.040 
001;SAND.KIDY BABY EQUILIBRIO;0012015;SANDÁLIA KIDY BABY EQUILÍBRIO OURO;327 
001;SAND.KIDY BABY EQUILIBRIO;0012017;SANDALIA KIDY BABY EQUILIBRIO PRATA;12 
001;SAND.KIDY BABY EQUILIBRIO;0012017;SANDÁLIA KIDY BABY EQUILÍBRIO MARFIM;341 
001;SAND.KIDY BABY EQUILIBRIO;0012017;SANDÁLIA KIDY BABY EQUILÍBRIO NUDE;1.040 
001;SAND.KIDY BABY EQUILIBRIO;0012017;SANDÁLIA KIDY BABY EQUILÍBRIO OURO;113 
001;SAND.KIDY BABY EQUILIBRIO;0012017;SANDÁLIA KIDY BABY EQUILÍBRIO ROSA;480 
001;SAND.KIDY BABY EQUILIBRIO;0012018;SANDALIA KIDY BABY EQUILIBRIO BRANCO;51 
001;SAND.KIDY BABY EQUILIBRIO;0012018;SANDALIA KIDY BABY EQUILIBRIO MARFIM;100 
001;SAND.KIDY BABY EQUILIBRIO;0012018;SANDALIA KIDY BABY EQUILIBRIO NUDE;162 
001;SAND.KIDY BABY EQUILIBRIO;0012018;SANDALIA KIDY BABY EQUILIBRIO OURO;343 
001;SAND.KIDY BABY EQUILIBRIO;0012018;SANDALIA KIDY BABY EQUILIBRIO ROSA;72 
001;SAND.KIDY BABY EQUILIBRIO;0012019;SANDÁLIA KIDY BABY EQUILÍBRIO BRANCO;5.821 
001;SAND.KIDY BABY EQUILIBRIO;0012019;SANDÁLIA KIDY BABY EQUILÍBRIO MARFIM;3.496 
001;SAND.KIDY BABY EQUILIBRIO;0012019;SANDÁLIA KIDY BABY EQUILÍBRIO NUDE;2.217 
001;SAND.KIDY BABY EQUILIBRIO;0012019;SANDÁLIA KIDY BABY EQUILÍBRIO OURO;2.493 
001;SAND.KIDY BABY EQUILIBRIO;0012019;SANDÁLIA KIDY BABY EQUILÍBRIO ROSA;1.294 
001;SAND.KIDY BABY EQUILIBRIO;0012020;SAND.KIDY BABY EQUILÍBRIO MARINHO/PINK;12 
001;SAND.KIDY BABY EQUILIBRIO;0012021;SAND.KIDY BABY MNA AZUL BB;6 
001;SAND.KIDY BABY EQUILIBRIO;0012021;SAND.KIDY BABY MNA BRANCO;90 
001;SAND.KIDY BABY EQUILIBRIO;0012021;SAND.KIDY BABY MNA MARFIM;542 
001;SAND.KIDY BABY EQUILIBRIO;0012021;SAND.KIDY BABY MNA NUDE;566 
001;SAND.KIDY BABY EQUILIBRIO;0012021;SAND.KIDY BABY MNA OURO;943 
001;SAND.KIDY BABY EQUILIBRIO;0012021;SAND.KIDY BABY MNA PRATA;40 
001;SAND.KIDY BABY EQUILIBRIO;0012022;SANDALIA KIDY BABY MNA AZUL BB;18 
001;SAND.KIDY BABY EQUILIBRIO;0012022;SANDÁLIA KIDY BABY MNA BRANCO;294 
001;SAND.KIDY BABY EQUILIBRIO;0012022;SANDÁLIA KIDY BABY MNA MARFIM;1.050 
001;SAND.KIDY BABY EQUILIBRIO;0012022;SANDÁLIA KIDY BABY MNA NUDE;1.615 
001;SAND.KIDY BABY EQUILIBRIO;0012022;SANDÁLIA KIDY BABY MNA OURO;197 
001;SAND.KIDY BABY EQUILIBRIO;0012022;SANDÁLIA KIDY BABY MNA PRATA;914 
001;SAND.KIDY BABY EQUILIBRIO;0012023;SANDALIA KIDY BABY EQUILIBRIO NUDE;12 
001;SAND.KIDY BABY EQUILIBRIO;0012024;SANDALIA KIDY BABY EQUILIBRIO MARFIM;30 
001;SAND.KIDY BABY EQUILIBRIO;0012024;SANDALIA KIDY BABY EQUILIBRIO VIOLETA;21 
001;SAND.KIDY BABY EQUILIBRIO;0012025;SANDÁLIA KIDY BABY EQUILÍBRIO BRANCO;2.080 
001;SAND.KIDY BABY EQUILIBRIO;0012025;SANDÁLIA KIDY BABY EQUILÍBRIO NUDE;1.494 
001;SAND.KIDY BABY EQUILIBRIO;0012025;SANDÁLIA KIDY BABY EQUILÍBRIO OURO;6.584 
001;SAND.KIDY BABY EQUILIBRIO;0012025;SANDÁLIA KIDY BABY EQUILÍBRIO PRATA;237 
001;SAND.KIDY BABY EQUILIBRIO;0012025;SANDÁLIA KIDY BABY EQUILÍBRIO PRETO;312 
001;SAND.KIDY BABY EQUILIBRIO;0012026;SANDÁLIA KIDY BABY EQUILÍBRIO BRANCO;333 
001;SAND.KIDY BABY EQUILIBRIO;0012026;SANDÁLIA KIDY BABY EQUILÍBRIO OURO;330 
001;SAND.KIDY BABY EQUILIBRIO;0012026;SANDÁLIA KIDY BABY EQUILÍBRIO PESSEGO;84 
001;SAND.KIDY BABY EQUILIBRIO;0012026;SANDÁLIA KIDY BABY EQUILÍBRIO PRATA;48 
001;SAND.KIDY BABY EQUILIBRIO;0012026;SANDÁLIA KIDY BABY EQUILÍBRIO ROSA;1.196 
001;SAND.KIDY BABY EQUILIBRIO;0012027;SANDÁLIA KIDY BABY EQUILÍBRIO BRANCO;417 
001;SAND.KIDY BABY EQUILIBRIO;0012027;SANDÁLIA KIDY BABY EQUILÍBRIO LILAS;12 
001;SAND.KIDY BABY EQUILIBRIO;0012027;SANDÁLIA KIDY BABY EQUILÍBRIO MARFIM;435 
001;SAND.KIDY BABY EQUILIBRIO;0012027;SANDÁLIA KIDY BABY EQUILÍBRIO NUDE;1.788 
001;SAND.KIDY BABY EQUILIBRIO;0012027;SANDÁLIA KIDY BABY EQUILÍBRIO PESSEGO;45 
001;SAND.KIDY BABY EQUILIBRIO;0012028;SANDÁLIA KIDY BABY EQUILÍBRIO BRANCO;1.388 
001;SAND.KIDY BABY EQUILIBRIO;0012028;SANDÁLIA KIDY BABY EQUILÍBRIO LILAS;120 
001;SAND.KIDY BABY EQUILIBRIO;0012028;SANDÁLIA KIDY BABY EQUILÍBRIO NUDE;2.525 
001;SAND.KIDY BABY EQUILIBRIO;0012028;SANDÁLIA KIDY BABY EQUILÍBRIO OURO;569 
001;SAND.KIDY BABY EQUILIBRIO;0012028;SANDÁLIA KIDY BABY EQUILÍBRIO PESSEGO;521 
001;SAND.KIDY BABY EQUILIBRIO;0012029;SANDÁLIA KIDY BABY EQUILÍBRIO BRANCO;571 
001;SAND.KIDY BABY EQUILIBRIO;0012029;SANDÁLIA KIDY BABY EQUILÍBRIO LILAS;321 
001;SAND.KIDY BABY EQUILIBRIO;0012029;SANDÁLIA KIDY BABY EQUILÍBRIO NUDE;1.991 
001;SAND.KIDY BABY EQUILIBRIO;0012029;SANDÁLIA KIDY BABY EQUILÍBRIO ROSA;552 
001;SAND.KIDY BABY EQUILIBRIO;0012030;SANDÁLIA KIDY BABY EQUILÍBRIO BRANCO;195 
001;SAND.KIDY BABY EQUILIBRIO;0012030;SANDÁLIA KIDY BABY EQUILÍBRIO NUDE;1.422 
001;SAND.KIDY BABY EQUILIBRIO;0012030;SANDÁLIA KIDY BABY EQUILÍBRIO OURO;893 
001;SAND.KIDY BABY EQUILIBRIO;0012030;SANDÁLIA KIDY BABY EQUILÍBRIO PESSEGO;18 
001;SAND.KIDY BABY EQUILIBRIO;0012030;SANDÁLIA KIDY BABY EQUILÍBRIO PINK;1.015 
001;SAND.KIDY BABY EQUILIBRIO;0012031;SANDÁLIA KIDY BABY EQUILÍBRIO BRANCO;715 
001;SAND.KIDY BABY EQUILIBRIO;0012031;SANDÁLIA KIDY BABY EQUILÍBRIO NUDE;742 
001;SAND.KIDY BABY EQUILIBRIO;0012031;SANDÁLIA KIDY BABY EQUILÍBRIO OURO;315 
001;SAND.KIDY BABY EQUILIBRIO;0012031;SANDÁLIA KIDY BABY EQUILÍBRIO PESSEGO;42 
001;SAND.KIDY BABY EQUILIBRIO;0012031;SANDÁLIA KIDY BABY EQUILÍBRIO PINK;117 
001;SAND.KIDY BABY EQUILIBRIO;0012032;SAND.KIDY BB MNA LILAS/BRANCO;18 
001;SAND.KIDY BABY EQUILIBRIO;0012032;SAND.KIDY BB MNA NUDE;258 
001;SAND.KIDY BABY EQUILIBRIO;0012032;SAND.KIDY BB MNA NUDE/BRANCO;102 
001;SAND.KIDY BABY EQUILIBRIO;0012032;SAND.KIDY BB MNA PESSEGO;18 
001;SAND.KIDY BABY EQUILIBRIO;0012032;SAND.KIDY BB MNA PINK/ROSA;572 
001;SAND.KIDY BABY EQUILIBRIO;0012033;SANDÁLIA KIDY BABY MNA LILAS;180 
001;SAND.KIDY BABY EQUILIBRIO;0012033;SANDÁLIA KIDY BABY MNA NUDE;600 
001;SAND.KIDY BABY EQUILIBRIO;0012033;SANDÁLIA KIDY BABY MNA PESSEGO;162 
001;SAND.KIDY BABY EQUILIBRIO;0012033;SANDÁLIA KIDY BABY MNA ROSA;850 
001;SAND.KIDY BABY EQUILIBRIO;0012034;SANDÁLIA KIDY BABY EQUILÍBRIO BRANCO;363 
001;SAND.KIDY BABY EQUILIBRIO;0012034;SANDÁLIA KIDY BABY EQUILÍBRIO OURO;534 
001;SAND.KIDY BABY EQUILIBRIO;0012034;SANDÁLIA KIDY BABY EQUILÍBRIO PESSEGO;18 
001;SAND.KIDY BABY EQUILIBRIO;0012034;SANDÁLIA KIDY BABY EQUILÍBRIO PRATA;48 
001;SAND.KIDY BABY EQUILIBRIO;0012034;SANDÁLIA KIDY BABY EQUILÍBRIO ROSA;608 
001;SAND.KIDY BABY EQUILIBRIO;0012035;SANDÁLIA KIDY BABY EQUILÍBRIO BRANCO;150 
001;SAND.KIDY BABY EQUILIBRIO;0012035;SANDÁLIA KIDY BABY EQUILÍBRIO LILAS;54 
001;SAND.KIDY BABY EQUILIBRIO;0012035;SANDÁLIA KIDY BABY EQUILÍBRIO NUDE;117 
001;SAND.KIDY BABY EQUILIBRIO;0012035;SANDÁLIA KIDY BABY EQUILÍBRIO ROSA;54 
001;SAND.KIDY BABY EQUILIBRIO;0012036;SANDÁLIA KIDY BABY EQUILÍBRIO BRANCO;88 
001;SAND.KIDY BABY EQUILIBRIO;0012036;SANDÁLIA KIDY BABY EQUILÍBRIO NUDE;294 
001;SAND.KIDY BABY EQUILIBRIO;0012036;SANDÁLIA KIDY BABY EQUILÍBRIO OURO;171 
001;SAND.KIDY BABY EQUILIBRIO;0012036;SANDÁLIA KIDY BABY EQUILÍBRIO PESSEGO;6 
001;SAND.KIDY BABY EQUILIBRIO;0012036;SANDÁLIA KIDY BABY EQUILÍBRIO PINK;45 
001;SAND.KIDY BABY EQUILIBRIO;0012037;SAND.KIDY BABY EQUILIBRIO LILAS;69 
001;SAND.KIDY BABY EQUILIBRIO;0012037;SAND.KIDY BABY EQUILIBRIO NUDE;696 
001;SAND.KIDY BABY EQUILIBRIO;0012037;SAND.KIDY BABY EQUILIBRIO NUDE/BRANCO;80 
001;SAND.KIDY BABY EQUILIBRIO;0012037;SAND.KIDY BABY EQUILIBRIO PESSEGO;36 
001;SAND.KIDY BABY EQUILIBRIO;0012037;SAND.KIDY BABY EQUILIBRIO PINK/ROSA;435 
001;SAND.KIDY BABY EQUILIBRIO;0012040;SANDÁLIA KIDY BABY EQUILÍBRIO BRANCO;1.476 
001;SAND.KIDY BABY EQUILIBRIO;0012040;SANDÁLIA KIDY BABY EQUILÍBRIO NUDE;7.790 
001;SAND.KIDY BABY EQUILIBRIO;0012040;SANDÁLIA KIDY BABY EQUILÍBRIO OURO;1.687 
001;SAND.KIDY BABY EQUILIBRIO;0012040;SANDÁLIA KIDY BABY EQUILÍBRIO PRATA;324 
001;SAND.KIDY BABY EQUILIBRIO;0012041;SANDÁLIA KIDY BABY EQUILÍBRIO NUDE;334 
001;SAND.KIDY BABY EQUILIBRIO;0012041;SANDÁLIA KIDY BABY EQUILÍBRIO OURO;539 
001;SAND.KIDY BABY EQUILIBRIO;0012041;SANDÁLIA KIDY BABY EQUILÍBRIO PRATA;2.167 
001;SAND.KIDY BABY EQUILIBRIO;0012042;SANDÁLIA KIDY BABY EQUILÍBRIO BRANCO;150 
001;SAND.KIDY BABY EQUILIBRIO;0012042;SANDÁLIA KIDY BABY EQUILÍBRIO MARFIM;181 
001;SAND.KIDY BABY EQUILIBRIO;0012042;SANDÁLIA KIDY BABY EQUILÍBRIO OURO;1.829 
001;SAND.KIDY BABY EQUILIBRIO;0012042;SANDÁLIA KIDY BABY EQUILÍBRIO PRATA;30 
001;SAND.KIDY BABY EQUILIBRIO;0012042;SANDÁLIA KIDY BABY EQUILÍBRIO ROSA;222 
001;SAND.KIDY BABY EQUILIBRIO;0012043;SANDÁLIA KIDY BABY EQUILÍBRIO AZUL BEBE;117 
001;SAND.KIDY BABY EQUILIBRIO;0012043;SANDÁLIA KIDY BABY EQUILÍBRIO BRANCO/COLORIDO;881 
001;SAND.KIDY BABY EQUILIBRIO;0012043;SANDÁLIA KIDY BABY EQUILÍBRIO BRANCO/OURO;920 
001;SAND.KIDY BABY EQUILIBRIO;0012043;SANDÁLIA KIDY BABY EQUILÍBRIO NUDE;309 
001;SAND.KIDY BABY EQUILIBRIO;0012043;SANDÁLIA KIDY BABY EQUILÍBRIO OURO;287 
001;SAND.KIDY BABY EQUILIBRIO;0012043;SANDÁLIA KIDY BABY EQUILÍBRIO ROSA/COLORIDO;306 
001;SAND.KIDY BABY EQUILIBRIO;0012044;SANDÁLIA KIDY BABY EQUILÍBRIO BRANCO;318 
001;SAND.KIDY BABY EQUILIBRIO;0012044;SANDÁLIA KIDY BABY EQUILÍBRIO MARFIM;1.602 
001;SAND.KIDY BABY EQUILIBRIO;0012044;SANDÁLIA KIDY BABY EQUILÍBRIO NUDE;2.856 
001;SAND.KIDY BABY EQUILIBRIO;0012044;SANDÁLIA KIDY BABY EQUILÍBRIO OURO;567 
001;SAND.KIDY BABY EQUILIBRIO;0012047;SANDALIA KIDY BABY EQUILIBRIO NUDE;315 
001;SAND.KIDY BABY EQUILIBRIO;0012047;SANDALIA KIDY BABY EQUILIBRIO OURO;171 
001;SAND.KIDY BABY EQUILIBRIO;0012048;SANDÁLIA KIDY BABY EQUILÍBRIO BRANCO;102 
001;SAND.KIDY BABY EQUILIBRIO;0012048;SANDÁLIA KIDY BABY EQUILÍBRIO MARFIM;237 
001;SAND.KIDY BABY EQUILIBRIO;0012048;SANDÁLIA KIDY BABY EQUILÍBRIO NUDE;287 
001;SAND.KIDY BABY EQUILIBRIO;0012048;SANDÁLIA KIDY BABY EQUILÍBRIO OURO;78 
001;SAND.KIDY BABY EQUILIBRIO;0012049;SANDÁLIA KIDY BABY EQUILÍBRIO AZUL;12 
001;SAND.KIDY BABY EQUILIBRIO;0012049;SANDÁLIA KIDY BABY EQUILÍBRIO BRANCO;69 
001;SAND.KIDY BABY EQUILIBRIO;0012049;SANDÁLIA KIDY BABY EQUILÍBRIO LILAS;48 
001;SAND.KIDY BABY EQUILIBRIO;0012049;SANDÁLIA KIDY BABY EQUILÍBRIO MARFIM;234 
001;SAND.KIDY BABY EQUILIBRIO;0012049;SANDÁLIA KIDY BABY EQUILÍBRIO PRETO;21 
001;SAND.KIDY BABY EQUILIBRIO;0012049;SANDÁLIA KIDY BABY EQUILÍBRIO ROSA;471 
001;SAND.KIDY BABY EQUILIBRIO;0012050;SANDÁLIA KIDY BABY EQUILÍBRIO AZUL;42 
001;SAND.KIDY BABY EQUILIBRIO;0012050;SANDÁLIA KIDY BABY EQUILÍBRIO BRANCO;398 
001;SAND.KIDY BABY EQUILIBRIO;0012050;SANDÁLIA KIDY BABY EQUILÍBRIO LILAS;66 
001;SAND.KIDY BABY EQUILIBRIO;0012050;SANDÁLIA KIDY BABY EQUILÍBRIO MARFIM;336 
001;SAND.KIDY BABY EQUILIBRIO;0012050;SANDÁLIA KIDY BABY EQUILÍBRIO PRETO;42 
001;SAND.KIDY BABY EQUILIBRIO;0012050;SANDÁLIA KIDY BABY EQUILÍBRIO ROSA;99 
001;SAND.KIDY BABY EQUILIBRIO;0012051;SANDÁLIA KIDY BABY EQUILÍBRIO ANIS;117 
001;SAND.KIDY BABY EQUILIBRIO;0012051;SANDÁLIA KIDY BABY EQUILÍBRIO BRANCO;132 
001;SAND.KIDY BABY EQUILIBRIO;0012051;SANDÁLIA KIDY BABY EQUILÍBRIO LILAS;45 
001;SAND.KIDY BABY EQUILIBRIO;0012051;SANDÁLIA KIDY BABY EQUILÍBRIO MARFIM;338 
001;SAND.KIDY BABY EQUILIBRIO;0012051;SANDÁLIA KIDY BABY EQUILÍBRIO NUDE;369 
001;SAND.KIDY BABY EQUILIBRIO;0012052;SANDÁLIA KIDY BABY EQUILÍBRIO BRANCO;99 
001;SAND.KIDY BABY EQUILIBRIO;0012052;SANDÁLIA KIDY BABY EQUILÍBRIO MARFIM;213 
001;SAND.KIDY BABY EQUILIBRIO;0012052;SANDÁLIA KIDY BABY EQUILÍBRIO NUDE;468 
001;SAND.KIDY BABY EQUILIBRIO;0012052;SANDÁLIA KIDY BABY EQUILÍBRIO PRETO;51 
001;SAND.KIDY BABY EQUILIBRIO;0012052;SANDÁLIA KIDY BABY EQUILÍBRIO ROSA;113 
001;SAND.KIDY BABY EQUILIBRIO;0016010;SAND.KIDY BB MNO EQUILÍBRIO AZUL/BRANCO;12 
001;SAND.KIDY BABY EQUILIBRIO;0016011;SAND.KIDY BB MNO EQUILÍBRIO BRANCO/AZUL/MARINHO;12 
001;SAND.KIDY BABY EQUILIBRIO;0016012;SAND.KIDY BB MNO EQUILÍBRIO MARINHO;12 
001;SAND.KIDY BABY EQUILIBRIO;0016013;SAND.KIDY BB MNO EQUILÍBRIO CINZA;9 
001;SAND.KIDY BABY EQUILIBRIO;0016013;SAND.KIDY BB MNO EQUILÍBRIO MARINHO;12 
001;SAND.KIDY BABY EQUILIBRIO;0017007;SAND.KIDY BB MNA EQUILÍBRIO AZUL BEBE;12 
001;SAND.KIDY BABY EQUILIBRIO;0017010;SAND.KIDY BB MNA EQUILÍBRIO ROSA/LILAS;12 
001;SAND.KIDY BABY EQUILIBRIO;0017011;SAND.KIDY BB MNA ROSA/PINK;9 
001;SAND.KIDY BABY EQUILIBRIO;0017011;SAND.KIDY BB MNA VIOLETA;12 
001;SAND.KIDY BABY EQUILIBRIO;0017012;SAND.KIDY BB MNA NUDE;21 
001;SAND.KIDY BABY EQUILIBRIO;0017903;SAND.KIDY BABY MNO EQUILÍBRIO PRETO;12 
001;SAND.KIDY BABY EQUILIBRIO;0017987;SAND.KIDY BB MNO EQUILÍBRIO PRETO/BRANCO;39 
002;SAND.KIDY BABY MNA EQUILIBRIO;0020785;SAND.KIDY BABY MNA EQUILÍBRIO MARFIM;12 
002;SAND.KIDY BABY MNA EQUILIBRIO;0020786;SAND.KIDY BABY MNA EQUILÍBRIO BRANCO/NUDE;300 
002;SAND.KIDY BABY MNA EQUILIBRIO;0020787;SAND.KIDY BABY MNA EQUILÍBRIO NUDE;12 
002;SAND.KIDY BABY MNA EQUILIBRIO;0020789;SAND.KIDY BABY MNA EQUILÍBRIO OURO;12 
002;SAND.KIDY BABY MNA EQUILIBRIO;0020790;SAND.KIDY BABY MNA EQUILÍBRIO PINK;12 
002;SAND.KIDY BABY MNA EQUILIBRIO;0020809;SAND.KIDY BABY MNA EQUILÍBRIO GERBERA;12 
002;SAND.KIDY BABY MNA EQUILIBRIO;0020816;SAND.KIDY BABY MNA EQUILÍBRIO NUDE;12 
002;SAND.KIDY BABY MNA EQUILIBRIO;0020817;SAND.KIDY BABY MNA EQUILÍBRIO OURO;12 
002;SAND.KIDY BABY MNA EQUILIBRIO;0020818;SAND.KIDY BABY MNA EQUILÍBRIO BRANCO/OURO;12 
002;SAND.KIDY BABY MNA EQUILIBRIO;0020818;SAND.KIDY BABY MNA EQUILÍBRIO NUDE/OURO;2.873 
002;SAND.KIDY BABY MNA EQUILIBRIO;0020819;SAND.KIDY BABY MNA EQUILÍBRIO PÉROLA;12 
002;SAND.KIDY BABY MNA EQUILIBRIO;0020823;SAND.KIDY BABY MNA EQUILÍBRIO NUDE;12 
002;SAND.KIDY BABY MNA EQUILIBRIO;0020825;SAND.KIDY BABY MNA EQUILÍBRIO ANÍS;12 
002;SAND.KIDY BABY MNA EQUILIBRIO;0020825;SAND.KIDY BABY MNA EQUILÍBRIO NUDE;276 
002;SAND.KIDY BABY MNA EQUILIBRIO;0020825;SAND.KIDY BABY MNA EQUILÍBRIO OURO;288 
002;SAND.KIDY BABY MNA EQUILIBRIO;0020831;SAND.KIDY BABY MNA EQUILÍBRIO MARINE;12 
002;SAND.KIDY BABY MNA EQUILIBRIO;0020832;SAND.KIDY BABY MNA EQUILÍBRIO PÉROLA;30 
002;SAND.KIDY BABY MNA EQUILIBRIO;0020833;SAND.KIDY BABY MNA EQUILÍBRIO AMARELO;12 
002;SAND.KIDY BABY MNA EQUILIBRIO;0020837;SAND.KIDY BABY MNA EQUILÍBRIO BRANCO;83 
002;SAND.KIDY BABY MNA EQUILIBRIO;0020840;SAND.KIDY BABY MNA EQUILÍBRIO PINK;12 
002;SAND.KIDY BABY MNA EQUILIBRIO;0020841;SAND.KIDY BABY MNA EQUILÍBRIO NUDE;12 
002;SAND.KIDY BABY MNA EQUILIBRIO;0020842;SAND.KIDY BABY MNA EQUILÍBRIO OURO;12 
002;SAND.KIDY BABY MNA EQUILIBRIO;0020843;SAND.KIDY BABY MNA EQUILÍBRIO AMARELO;12 
002;SAND.KIDY BABY MNA EQUILIBRIO;0020843;SAND.KIDY BABY MNA EQUILÍBRIO NUDE;0 
002;SAND.KIDY BABY MNA EQUILIBRIO;0020844;SAND.KIDY BABY MNA EQUILÍBRIO BRANCO/COLORIDO;192 
002;SAND.KIDY BABY MNA EQUILIBRIO;0020844;SAND.KIDY BABY MNA EQUILÍBRIO BRANCO/OURO;692 
002;SAND.KIDY BABY MNA EQUILIBRIO;0020844;SAND.KIDY BABY MNA EQUILÍBRIO NUDE/COLORIDO;1.080 
002;SAND.KIDY BABY MNA EQUILIBRIO;0020844;SAND.KIDY BABY MNA EQUILÍBRIO PINK/COLORIDO;1.068 
002;SAND.KIDY BABY MNA EQUILIBRIO;0020845;SAND.KIDY BABY MNA EQUILÍBRIO BRANCO;258 
002;SAND.KIDY BABY MNA EQUILIBRIO;0020845;SAND.KIDY BABY MNA EQUILÍBRIO OURO;96 
002;SAND.KIDY BABY MNA EQUILIBRIO;0020845;SAND.KIDY BABY MNA EQUILÍBRIO PINK;372 
002;SAND.KIDY BABY MNA EQUILIBRIO;0020846;SAND.KIDY BABY MNA EQUILÍBRIO NUDE;12 
002;SAND.KIDY BABY MNA EQUILIBRIO;0020847;SAND.KIDY BABY MNA EQUILÍBRIO LAVANDA;12 
004;SANDÁLIA KIDY BABY LIGHT;0040006;SANDÁLIA KIDY BABY LIGHT TAUPE/AMARELO;12 
004;SANDÁLIA KIDY BABY LIGHT;0040007;SANDÁLIA KIDY BABY LIGHT MARINHO/COLORIDO;12 
004;SANDÁLIA KIDY BABY LIGHT;0040008;SANDÁLIA KIDY BABY LIGHT AZUL/VERMELHO;12 
004;SANDÁLIA KIDY BABY LIGHT;0041008;SANDÁLIA KIDY BABY LIGHT ROSA;12 
007;TENIS KIDY PLAY RESPITEC;0070556;TENIS KIDY PLAY RESPI-TEC MARINHO/AZ.ROYAL/VERMEHO;12 
007;TENIS KIDY PLAY RESPITEC;0070604;TENIS KIDY PLAY MARINHO/LARANJA NEON/AZUL;12 
007;TENIS KIDY PLAY RESPITEC;0070610;TENIS KIDY PLAY PRETO/VERMELHO;60 
007;TENIS KIDY PLAY RESPITEC;0070618;TENIS KIDY PLAY CINZA/MARINHO/AMARELO;12 
007;TENIS KIDY PLAY RESPITEC;0070620;TENIS KIDY PLAY PRETO/COLORIDO;12 
007;TENIS KIDY PLAY RESPITEC;0070622;TENIS KIDY PLAY GRAFITE/VERMELHO;12 
007;TENIS KIDY PLAY RESPITEC;0070631;TENIS KIDY PLAY PRETO/AZUL PETROLEO;12 
007;TENIS KIDY PLAY RESPITEC;0070632;TENIS KIDY PLAY MARINHO/VERMELHO;6.323 
007;TENIS KIDY PLAY RESPITEC;0070632;TENIS KIDY PLAY PRETO/GRAFITE/AMARELO NEON;2.532 
007;TENIS KIDY PLAY RESPITEC;0070633;TENIS KIDY PLAY PRETO/VERMELHO;12 
007;TENIS KIDY PLAY RESPITEC;0070634;TENIS KIDY PLAY MARINHO/LARANJA;564 
007;TENIS KIDY PLAY RESPITEC;0070634;TENIS KIDY PLAY PRETO/AMARELO;156 
007;TENIS KIDY PLAY RESPITEC;0070635;TENIS KIDY PLAY MARINHO/AZUL ROYAL;12 
007;TENIS KIDY PLAY RESPITEC;0070635;TENIS KIDY PLAY PRETO/AMARELO NEW;192 
007;TENIS KIDY PLAY RESPITEC;0070635;TENIS KIDY PLAY PRETO/VERMELHO;228 
007;TENIS KIDY PLAY RESPITEC;0070636;TENIS KIDY PLAY GRAFITE/AZUL TROPICAL;12 
007;TENIS KIDY PLAY RESPITEC;0070642;TENIS KIDY PLAY MARINHO/LARANJA;3.456 
007;TENIS KIDY PLAY RESPITEC;0070642;TENIS KIDY PLAY MARINHO/VERMELHO;1.368 
007;TENIS KIDY PLAY RESPITEC;0070642;TENIS KIDY PLAY PRETO/GRAFITE/AMARELO NEON;23 
007;TENIS KIDY PLAY RESPITEC;0070642;TENIS KIDY PLAY PRETO/VERMELHO;4.272 
007;TENIS KIDY PLAY RESPITEC;0070644;TENIS KIDY PLAY MARINHO/AMARELO NEON;12 
007;TENIS KIDY PLAY RESPITEC;0070646;TENIS KIDY PLAY AZUL ROYAL/GELO/LARANJA;12 
007;TENIS KIDY PLAY RESPITEC;0070646;TENIS KIDY PLAY PRETO/VERMELHO;36 
007;TENIS KIDY PLAY RESPITEC;0070647;TENIS KIDY PLAY PRETO/AMARELO;12 
007;TENIS KIDY PLAY RESPITEC;0070648;TENIS KIDY PLAY PRETO/LARANJA NEON;648 
007;TENIS KIDY PLAY RESPITEC;0070651;TENIS KIDY PLAY GRAFITE/PRETO/AMARELO NEON;54 
007;TENIS KIDY PLAY RESPITEC;0070651;TENIS KIDY PLAY MARINHO/LARANJA;12 
007;TENIS KIDY PLAY RESPITEC;0070651;TENIS KIDY PLAY MARROM/PRETO;60 
007;TENIS KIDY PLAY RESPITEC;0070651;TENIS KIDY PLAY PRETO/VERMELHO;12 
007;TENIS KIDY PLAY RESPITEC;0070653;TENIS KIDY PLAY GRAFITE/VERMELHO;12 
007;TENIS KIDY PLAY RESPITEC;0070654;TENIS KIDY PLAY GRAFITE/AZUL ROYAL/LARANJA;192 
007;TENIS KIDY PLAY RESPITEC;0070654;TENIS KIDY PLAY MARINHO/VERMELHO;297 
007;TENIS KIDY PLAY RESPITEC;0070654;TENIS KIDY PLAY PRETO/AMARELO;144 
007;TENIS KIDY PLAY RESPITEC;0070655;TENIS KIDY PLAY RESPITEC PRETO;24 
007;TENIS KIDY PLAY RESPITEC;0070655;TENIS KIDY PLAY RESPITEC PRETO/LARANJA NEON;6 
007;TENIS KIDY PLAY RESPITEC;0070657;TENIS KIDY PLAY RESPITEC PRETO/AZUL/AMARELO NEON;6 
007;TENIS KIDY PLAY RESPITEC;0070658;TENIS KIDY PLAY RESPITEC MARINHO/AZUL ROYAL;0 
007;TENIS KIDY PLAY RESPITEC;0070660;TENIS KIDY PLAY RESPITEC MARINHO/LARANJA;600 
007;TENIS KIDY PLAY RESPITEC;0070660;TENIS KIDY PLAY RESPITEC PRETO/AMARELO NEON;801 
007;TENIS KIDY PLAY RESPITEC;0070660;TENIS KIDY PLAY RESPITEC PRETO/AZUL ROYAL;564 
007;TENIS KIDY PLAY RESPITEC;0070660;TENIS KIDY PLAY RESPITEC PRETO/VERMELHO;936 
007;TENIS KIDY PLAY RESPITEC;0070670;NU-TENIS KIDY PLAY RESPITEC PRETO/CAFÉ;957 
007;TENIS KIDY PLAY RESPITEC;0070670;TENIS KIDY PLAY RESPITEC MARINHO/AZUL/LARANJA;8.154 
007;TENIS KIDY PLAY RESPITEC;0070670;TENIS KIDY PLAY RESPITEC MARINHO/CINZA/AMRL NEON;9.596 
007;TENIS KIDY PLAY RESPITEC;0070670;TENIS KIDY PLAY RESPITEC MARINHO/CINZA/VERMELHO;1.491 
007;TENIS KIDY PLAY RESPITEC;0070670;TENIS KIDY PLAY RESPITEC PRETO/AMARELO NEON;24 
007;TENIS KIDY PLAY RESPITEC;0070670;TENIS KIDY PLAY RESPITEC PRETO/CINZA/LARANJA;882 
007;TENIS KIDY PLAY RESPITEC;0070670;TENIS KIDY PLAY RESPITEC PRETO/CINZA/LRNJ NEON;6.135 
007;TENIS KIDY PLAY RESPITEC;0070670;TENIS KIDY PLAY RESPITEC PRETO/CINZA/VERMELHO;1.986 
007;TENIS KIDY PLAY RESPITEC;0070670;TENIS KIDY PLAY RESPITEC PRETO/GRAFITE/AMARELO NEON;2.745 
007;TENIS KIDY PLAY RESPITEC;0070671;TENIS KIDY PLAY RESPITEC GRAFITE/PRETO/VERDE NEON;669 
007;TENIS KIDY PLAY RESPITEC;0070671;TENIS KIDY PLAY RESPITEC MARINHO/AMRL NEON;10.273 
007;TENIS KIDY PLAY RESPITEC;0070671;TENIS KIDY PLAY RESPITEC MARINHO/LARANJA;1.698 
007;TENIS KIDY PLAY RESPITEC;0070671;TENIS KIDY PLAY RESPITEC MARINHO/LARANJA NEON;2.535 
007;TENIS KIDY PLAY RESPITEC;0070671;TENIS KIDY PLAY RESPITEC PRETO/AZ.ROYAL;5.135 
007;TENIS KIDY PLAY RESPITEC;0070671;TENIS KIDY PLAY RESPITEC PRETO/VERMELHO;18.614 
007;TENIS KIDY PLAY RESPITEC;0070816;TENIS KIDY PLAY RESPITEC MARINHO;690 
007;TENIS KIDY PLAY RESPITEC;0070816;TENIS KIDY PLAY RESPITEC MARINHO/AZUL/LARANJA;48 
007;TENIS KIDY PLAY RESPITEC;0070816;TENIS KIDY PLAY RESPITEC PRETO/CREPE;1.404 
007;TENIS KIDY PLAY RESPITEC;0070816;TENIS KIDY PLAY RESPITEC PRETO/GRAFITE/VERMELHO;276 
007;TENIS KIDY PLAY RESPITEC;0070816;TENIS KIDY PLAY RESPITEC PRETO/VERDE NEON;36 
007;TENIS KIDY PLAY RESPITEC;0070817;TENIS KIDY PLAY RESPITEC AZUL ROYAL;309 
007;TENIS KIDY PLAY RESPITEC;0070817;TENIS KIDY PLAY RESPITEC MARINHO/LARANJA;591 
007;TENIS KIDY PLAY RESPITEC;0070817;TENIS KIDY PLAY RESPITEC MARINHO/VERMELHO;3.013 
007;TENIS KIDY PLAY RESPITEC;0070817;TENIS KIDY PLAY RESPITEC PRETO;7.916 
007;TENIS KIDY PLAY RESPITEC;0070817;TENIS KIDY PLAY RESPITEC PRETO/VERDE NEON;971 
007;TENIS KIDY PLAY RESPITEC;0070818;TÊNIS KIDY PLAY RESPITEC AZUL ROYAL/MARINHO/VERMELHO;18 
007;TENIS KIDY PLAY RESPITEC;0070818;TÊNIS KIDY PLAY RESPITEC MARINHO/VERMELHO;16.713 
007;TENIS KIDY PLAY RESPITEC;0070818;TÊNIS KIDY PLAY RESPITEC PRETO/CREPE;7.468 
007;TENIS KIDY PLAY RESPITEC;0070818;TÊNIS KIDY PLAY RESPITEC PRETO/GELO/LARANJA;4.708 
007;TENIS KIDY PLAY RESPITEC;0070819;TÊNIS KIDY PLAY RESPITEC GRAFITE/PRETO/AMARELO NEON;45 
007;TENIS KIDY PLAY RESPITEC;0070819;TÊNIS KIDY PLAY RESPITEC MARINHO/GELO/LARANJA;606 
007;TENIS KIDY PLAY RESPITEC;0070819;TÊNIS KIDY PLAY RESPITEC PRETO/AMARELO NEON;216 
007;TENIS KIDY PLAY RESPITEC;0070819;TÊNIS KIDY PLAY RESPITEC PRETO/GRAFITE/AZUL ROYAL;2.025 
007;TENIS KIDY PLAY RESPITEC;0070820;TÊNIS KIDY PLAY RESPITEC BRANCO/MARINHO/VERDE;60 
007;TENIS KIDY PLAY RESPITEC;0070820;TÊNIS KIDY PLAY RESPITEC CINZA/PRETO;24 
007;TENIS KIDY PLAY RESPITEC;0070820;TÊNIS KIDY PLAY RESPITEC GRAFITE/MARINHO;615 
007;TENIS KIDY PLAY RESPITEC;0070820;TÊNIS KIDY PLAY RESPITEC MARINHO/VERMELHO;633 
007;TENIS KIDY PLAY RESPITEC;0070820;TÊNIS KIDY PLAY RESPITEC PRETO/BRONZE;351 
007;TENIS KIDY PLAY RESPITEC;0070823;TENIS KIDY PLAY RESPITEC GRAFITE/PRETO/AMARELO NEON;76 
007;TENIS KIDY PLAY RESPITEC;0070823;TENIS KIDY PLAY RESPITEC MARINHO/AZUL ROYAL;1.290 
007;TENIS KIDY PLAY RESPITEC;0070823;TENIS KIDY PLAY RESPITEC MARINHO/VERMELHO;714 
007;TENIS KIDY PLAY RESPITEC;0070823;TENIS KIDY PLAY RESPITEC PRETO;1.450 
007;TENIS KIDY PLAY RESPITEC;0070823;TENIS KIDY PLAY RESPITEC PRETO/GRAFITE;448 
007;TENIS KIDY PLAY RESPITEC;0070824;TÊNIS KIDY PLAY RESPITEC MARINHO/AZUL;579 
007;TENIS KIDY PLAY RESPITEC;0070824;TÊNIS KIDY PLAY RESPITEC MARINHO/VERMELHO;474 
007;TENIS KIDY PLAY RESPITEC;0070824;TÊNIS KIDY PLAY RESPITEC PRETO/GRAFITE/LARANJA NEON;270 
007;TENIS KIDY PLAY RESPITEC;0070824;TÊNIS KIDY PLAY RESPITEC PRETO/VERDE;267 
007;TENIS KIDY PLAY RESPITEC;0070824;TÊNIS KIDY PLAY RESPITEC PRETO/VERMELHO;72 
007;TENIS KIDY PLAY RESPITEC;0070825;TÊNIS KIDY PLAY RESPITEC MARINHO/AZUL ROYAL/AMARELO;36 
007;TENIS KIDY PLAY RESPITEC;0070825;TÊNIS KIDY PLAY RESPITEC MARINHO/DOURADO;48 
007;TENIS KIDY PLAY RESPITEC;0070825;TÊNIS KIDY PLAY RESPITEC MARINHO/GRAFITE/VERMELHO;27 
007;TENIS KIDY PLAY RESPITEC;0070825;TÊNIS KIDY PLAY RESPITEC PRETO/AMARELO;54 
007;TENIS KIDY PLAY RESPITEC;0070825;TÊNIS KIDY PLAY RESPITEC PRETO/DOURADO;144 
007;TENIS KIDY PLAY RESPITEC;0070825;TÊNIS KIDY PLAY RESPITEC PRETO/GRAFITE/AMARELO;69 
007;TENIS KIDY PLAY RESPITEC;0070826;TÊNIS KIDY PLAY RESPITEC GRAFITE/PRETO/LARANJA;48 
007;TENIS KIDY PLAY RESPITEC;0070826;TÊNIS KIDY PLAY RESPITEC MARINHO/GRAFITE/AMARELO NEON;12 
007;TENIS KIDY PLAY RESPITEC;0070826;TÊNIS KIDY PLAY RESPITEC MARINHO/VERMELHO;147 
007;TENIS KIDY PLAY RESPITEC;0070826;TÊNIS KIDY PLAY RESPITEC PRETO/LARANJA;276 
007;TENIS KIDY PLAY RESPITEC;0070826;TÊNIS KIDY PLAY RESPITEC PRETO/LARANJA NEON;45 
007;TENIS KIDY PLAY RESPITEC;0070826;TÊNIS KIDY PLAY RESPITEC PRETO/VERMELHO;111 
007;TENIS KIDY PLAY RESPITEC;0070827;TÊNIS KIDY PLAY RESPITEC GRAFITE/LARANJA;6 
007;TENIS KIDY PLAY RESPITEC;0070827;TÊNIS KIDY PLAY RESPITEC MARINHO/LARANJA;249 
007;TENIS KIDY PLAY RESPITEC;0070827;TÊNIS KIDY PLAY RESPITEC MARROM;48 
007;TENIS KIDY PLAY RESPITEC;0070827;TÊNIS KIDY PLAY RESPITEC PRETO/CREPE;69 
007;TENIS KIDY PLAY RESPITEC;0070827;TÊNIS KIDY PLAY RESPITEC PRETO/VERMELHO;72 
007;TENIS KIDY PLAY RESPITEC;0071592;TENIS KIDY PLAY RESPI-TEC NUDE/ROSA/BLUSH;12 
007;TENIS KIDY PLAY RESPITEC;0071595;TENIS KIDY PLAY RESPI-TEC PINK/ROSA;12 
007;TENIS KIDY PLAY RESPITEC;0071604;TENIS KIDY PLAY RESPI-TEC ROSA/PINK/LILÁS;12 
007;TENIS KIDY PLAY RESPITEC;0071619;TENIS KIDY PLAY ROSA/PINK/VERDE;12 
007;TENIS KIDY PLAY RESPITEC;0071632;TENIS KIDY PLAY PRETO/MAGENTA;408 
007;TENIS KIDY PLAY RESPITEC;0071634;TENIS KIDY PLAY BRANCO/PRETO/VIOLETA;12 
007;TENIS KIDY PLAY RESPITEC;0071634;TENIS KIDY PLAY MARINHO/MAGENTA;480 
007;TENIS KIDY PLAY RESPITEC;0071642;TENIS KIDY PLAY MARINHO/GLOSS;441 
007;TENIS KIDY PLAY RESPITEC;0071642;TENIS KIDY PLAY PRETO/PINK;912 
007;TENIS KIDY PLAY RESPITEC;0071642;TENIS KIDY PLAY ROSA/LILAS;252 
007;TENIS KIDY PLAY RESPITEC;0071655;TENIS KIDY PLAY RESPITEC ROSA/PINK;24 
007;TENIS KIDY PLAY RESPITEC;0071658;TENIS KIDY PLAY RESPITEC MARINHO/ROSA;0 
007;TENIS KIDY PLAY RESPITEC;0071660;TENIS KIDY PLAY RESPITEC MARINHO/PINK;240 
007;TENIS KIDY PLAY RESPITEC;0071660;TENIS KIDY PLAY RESPITEC PRETO/PINK;168 
007;TENIS KIDY PLAY RESPITEC;0071660;TENIS KIDY PLAY RESPITEC ROSA/PINK;60 
007;TENIS KIDY PLAY RESPITEC;0071670;TENIS KIDY PLAY RESPITEC AZALEIA/JEANS;2.084 
007;TENIS KIDY PLAY RESPITEC;0071670;TENIS KIDY PLAY RESPITEC MARINHO/AZUL PINK;5.193 
007;TENIS KIDY PLAY RESPITEC;0071670;TENIS KIDY PLAY RESPITEC PRETO/PINK NEON;4.008 
007;TENIS KIDY PLAY RESPITEC;0071671;TENIS KIDY PLAY RESPITEC MARINHO/ROSA;12.061 
007;TENIS KIDY PLAY RESPITEC;0071671;TENIS KIDY PLAY RESPITEC NUDE/AZUL/PINK;2.709 
007;TENIS KIDY PLAY RESPITEC;0071671;TENIS KIDY PLAY RESPITEC PRETO/ACQUA/PINK;768 
007;TENIS KIDY PLAY RESPITEC;0071671;TENIS KIDY PLAY RESPITEC PRETO/PINK NEON;2.920 
007;TENIS KIDY PLAY RESPITEC;0071817;TENIS KIDY PLAY RESPITEC AZUL BB/ROSA;107 
007;TENIS KIDY PLAY RESPITEC;0071817;TENIS KIDY PLAY RESPITEC MARINHO/ACQUA;120 
007;TENIS KIDY PLAY RESPITEC;0071817;TENIS KIDY PLAY RESPITEC MARINHO/PINK NEON;2.475 
007;TENIS KIDY PLAY RESPITEC;0071817;TENIS KIDY PLAY RESPITEC PRETO/PINK NEON;1.871 
007;TENIS KIDY PLAY RESPITEC;0071818;TÊNIS KIDY PLAY RESPITEC PLAY NUDE/ROSA/BRANCO;2.594 
007;TENIS KIDY PLAY RESPITEC;0071818;TÊNIS KIDY PLAY RESPITEC PLAY PRATA/LILAS;6.052 
007;TENIS KIDY PLAY RESPITEC;0071818;TÊNIS KIDY PLAY RESPITEC PLAY PRETO/PINK NEON;3.729 
007;TENIS KIDY PLAY RESPITEC;0071819;TÊNIS KIDY PLAY RESPITEC BRANCO/ROSA CHICLETE;39 
007;TENIS KIDY PLAY RESPITEC;0071819;TÊNIS KIDY PLAY RESPITEC LILÁS/BRANCO;66 
007;TENIS KIDY PLAY RESPITEC;0071819;TÊNIS KIDY PLAY RESPITEC NUDE/ROSA;1.275 
007;TENIS KIDY PLAY RESPITEC;0071820;TÊNIS KIDY PLAY RESPITEC MARINHO/ROSA;720 
007;TENIS KIDY PLAY RESPITEC;0071821;TÊNIS KIDY PLAY RESPITEC BRANCO/PRATA/ROSA;9 
007;TENIS KIDY PLAY RESPITEC;0071821;TÊNIS KIDY PLAY RESPITEC BRANCO/ROSA/LILAS;189 
007;TENIS KIDY PLAY RESPITEC;0071821;TÊNIS KIDY PLAY RESPITEC MARFIM/DOURADO;27 
007;TENIS KIDY PLAY RESPITEC;0071821;TÊNIS KIDY PLAY RESPITEC PRETO/ROSA;123 
007;TENIS KIDY PLAY RESPITEC;0071823;TENIS KIDY PLAY RESPITEC GRAFITE/PRETO/ROSA;114 
007;TENIS KIDY PLAY RESPITEC;0071823;TENIS KIDY PLAY RESPITEC MARINHO/MAGENTA;970 
007;TENIS KIDY PLAY RESPITEC;0071823;TENIS KIDY PLAY RESPITEC PRETO/LILAS;2.137 
007;TENIS KIDY PLAY RESPITEC;0071823;TENIS KIDY PLAY RESPITEC PRETO/PINK NEON;653 
007;TENIS KIDY PLAY RESPITEC;0071824;TÊNIS KIDY PLAY RESPITEC BRANCO/LAVANDA;36 
007;TENIS KIDY PLAY RESPITEC;0071824;TÊNIS KIDY PLAY RESPITEC MARINHO/ROSA;156 
007;TENIS KIDY PLAY RESPITEC;0071824;TÊNIS KIDY PLAY RESPITEC NUDE;150 
007;TENIS KIDY PLAY RESPITEC;0071824;TÊNIS KIDY PLAY RESPITEC PRATA/ROSA;704 
007;TENIS KIDY PLAY RESPITEC;0071824;TÊNIS KIDY PLAY RESPITEC PRETO/PINK;242 
007;TENIS KIDY PLAY RESPITEC;0071825;TÊNIS KIDY PLAY RESPITEC PRATA/ROSA;147 
007;TENIS KIDY PLAY RESPITEC;0071825;TÊNIS KIDY PLAY RESPITEC PRETO/PINK;20 
007;TENIS KIDY PLAY RESPITEC;0071826;TÊNIS KIDY PLAY RESPITEC BRANCO/LILAS;53 
007;TENIS KIDY PLAY RESPITEC;0071826;TÊNIS KIDY PLAY RESPITEC NUDE;39 
007;TENIS KIDY PLAY RESPITEC;0071826;TÊNIS KIDY PLAY RESPITEC PRETO/PINK;54 
007;TENIS KIDY PLAY RESPITEC;0071827;TÊNIS KIDY PLAY RESPITEC MARFIM/DOURADO;69 
007;TENIS KIDY PLAY RESPITEC;0071827;TÊNIS KIDY PLAY RESPITEC MARINHO/PINK;9 
007;TENIS KIDY PLAY RESPITEC;0071827;TÊNIS KIDY PLAY RESPITEC PRETO/PINK;12 
007;TENIS KIDY PLAY RESPITEC;0071827;TÊNIS KIDY PLAY RESPITEC ROSA/OURO;36 
007;TENIS KIDY PLAY RESPITEC;0071828;TÊNIS KIDY PLAY RESPITEC BRANCO/LILAS;21 
007;TENIS KIDY PLAY RESPITEC;0071828;TÊNIS KIDY PLAY RESPITEC NUDE;45 
007;TENIS KIDY PLAY RESPITEC;0071828;TÊNIS KIDY PLAY RESPITEC PRETO/PINK;12 
007;TENIS KIDY PLAY RESPITEC;0071829;TÊNIS KIDY PLAY RESPITEC MARINHO;216 
007;TENIS KIDY PLAY RESPITEC;0071829;TÊNIS KIDY PLAY RESPITEC PRATA/ROSA;12 
007;TENIS KIDY PLAY RESPITEC;0077654;TENIS KIDY PLAY PRETO/BRANCO;39 
008;TENIS KIDY COLORS EQUILIBRIO;0080431;TÊNIS KIDY COLORS MNO MARINHO;12 
008;TENIS KIDY COLORS EQUILIBRIO;0080439;TÊNIS KIDY COLORS MNO CARAMELO;12 
008;TENIS KIDY COLORS EQUILIBRIO;0080522;TÊNIS KIDY COLORS MNO MARINHO/GELO;24 
008;TENIS KIDY COLORS EQUILIBRIO;0080522;TÊNIS KIDY COLORS MNO MARROM/CARAMELO;12 
008;TENIS KIDY COLORS EQUILIBRIO;0080552;TÊNIS KIDY COLORS MNO MARINHO/VERMELHO;12 
008;TENIS KIDY COLORS EQUILIBRIO;0080564;TÊNIS KIDY COLORS MNO MARINHO/VERMELHO;12 
008;TENIS KIDY COLORS EQUILIBRIO;0080565;TÊNIS KIDY COLORS MNO TAUPE/VERDE SÁLVIA;12 
008;TENIS KIDY COLORS EQUILIBRIO;0080566;TÊNIS KIDY COLORS MNO MARINHO/AZUL/LARANJA;12 
008;TENIS KIDY COLORS EQUILIBRIO;0080566;TÊNIS KIDY COLORS MNO MARINHO/BRANCO/PINK NEON;48 
008;TENIS KIDY COLORS EQUILIBRIO;0080568;TÊNIS KIDY COLORS MNO CASTANHO/VERDE MILITAR/TAUPE;12 
008;TENIS KIDY COLORS EQUILIBRIO;0080575;TÊNIS KIDY COLORS MNO PRETO/AZUL ROYAL;12 
008;TENIS KIDY COLORS EQUILIBRIO;0080580;TÊNIS KIDY COLORS MNO BRANCO;12 
008;TENIS KIDY COLORS EQUILIBRIO;0080580;TÊNIS KIDY COLORS MNO MOSTARDA/TAUPE;12 
008;TENIS KIDY COLORS EQUILIBRIO;0080584;TÊNIS KIDY COLORS MNO GRAFITE/AMARELO;60 
008;TENIS KIDY COLORS EQUILIBRIO;0080601;TÊNIS KIDY COLORS MNO CINZA/MARINHO/AZUL;12 
008;TENIS KIDY COLORS EQUILIBRIO;0080602;TÊNIS KIDY COLORS MNO CASTOR/AZUL INDIGO;12 
008;TENIS KIDY COLORS EQUILIBRIO;0080603;TÊNIS KIDY COLORS MNO MARROM/LARANJA;12 
008;TENIS KIDY COLORS EQUILIBRIO;0080604;TÊNIS KIDY COLORS MNO AZUL STONE/AZUL PISCINA;12 
008;TENIS KIDY COLORS EQUILIBRIO;0080605;TÊNIS KIDY COLORS MNO AZUL/VERMELHO/AMARELO;12 
008;TENIS KIDY COLORS EQUILIBRIO;0080606;TÊNIS KIDY COLORS MNO MARROM/LARANJA;12 
008;TENIS KIDY COLORS EQUILIBRIO;0080607;TÊNIS KIDY COLORS MNO AZUL STONE/VERMELHO;12 
008;TENIS KIDY COLORS EQUILIBRIO;0080609;TÊNIS KIDY COLORS MNO AZUL STONE/VERDE;864 
008;TENIS KIDY COLORS EQUILIBRIO;0080609;TÊNIS KIDY COLORS MNO CARAMELO/MARINHO;223 
008;TENIS KIDY COLORS EQUILIBRIO;0080609;TÊNIS KIDY COLORS MNO CASTOR/LARANJA;240 
008;TENIS KIDY COLORS EQUILIBRIO;0080609;TÊNIS KIDY COLORS MNO MARINHO/VERMELHO;12 
008;TENIS KIDY COLORS EQUILIBRIO;0080609;TÊNIS KIDY COLORS MNO NATURAL/MARINHO;568 
008;TENIS KIDY COLORS EQUILIBRIO;0080610;TÊNIS KIDY COLORS MNO BRANCO;862 
008;TENIS KIDY COLORS EQUILIBRIO;0080610;TÊNIS KIDY COLORS MNO CAMEL/MARINHO;6 
008;TENIS KIDY COLORS EQUILIBRIO;0080610;TÊNIS KIDY COLORS MNO MARINHO;793 
008;TENIS KIDY COLORS EQUILIBRIO;0080610;TÊNIS KIDY COLORS MNO NATURAL;3.827 
008;TENIS KIDY COLORS EQUILIBRIO;0080610;TÊNIS KIDY COLORS MNO NATURAL/MARINHO;21 
008;TENIS KIDY COLORS EQUILIBRIO;0080610;TÊNIS KIDY COLORS MNO PRETO;333 
008;TENIS KIDY COLORS EQUILIBRIO;0080611;TÊNIS KIDY COLORS MNA NUDE;24 
008;TENIS KIDY COLORS EQUILIBRIO;0080611;TÊNIS KIDY COLORS MNO MARINHO/LARANJA;6 
008;TENIS KIDY COLORS EQUILIBRIO;0080611;TÊNIS KIDY COLORS MNO MARINHO/VERMELHO;24 
008;TENIS KIDY COLORS EQUILIBRIO;0080612;TÊNIS KIDY COLORS MNO LARANJA/MARINHO;541 
008;TENIS KIDY COLORS EQUILIBRIO;0080612;TÊNIS KIDY COLORS MNO MARINHO;3.569 
008;TENIS KIDY COLORS EQUILIBRIO;0080612;TÊNIS KIDY COLORS MNO MARINHO/LARANJA;8 
008;TENIS KIDY COLORS EQUILIBRIO;0080612;TÊNIS KIDY COLORS MNO PRETO/VERDE NEON;630 
008;TENIS KIDY COLORS EQUILIBRIO;0080612;TÊNIS KIDY COLORS MNO VERDE/PRETO;54 
008;TENIS KIDY COLORS EQUILIBRIO;0080613;TÊNIS KIDY COLORS MNO BRANCO;852 
008;TENIS KIDY COLORS EQUILIBRIO;0080613;TÊNIS KIDY COLORS MNO CAFÉ;6 
008;TENIS KIDY COLORS EQUILIBRIO;0080613;TÊNIS KIDY COLORS MNO CASTANHO/MARINHO;6 
008;TENIS KIDY COLORS EQUILIBRIO;0080613;TÊNIS KIDY COLORS MNO NATURAL/MARINHO;12 
008;TENIS KIDY COLORS EQUILIBRIO;0080617;TÊNIS KIDY COLORS MNO CARAMELO/MARINHO;6 
008;TENIS KIDY COLORS EQUILIBRIO;0080618;TÊNIS KIDY COLORS EQUILÍBRIO MARINHO/VERDE;27 
008;TENIS KIDY COLORS EQUILIBRIO;0080618;TÊNIS KIDY COLORS EQUILÍBRIO PRETO/LARANJA NEON;51 
008;TENIS KIDY COLORS EQUILIBRIO;0080620;TÊNIS KIDY COLORS EQUILIBRIO AZUL STONE/VERMELHO;507 
008;TENIS KIDY COLORS EQUILIBRIO;0080620;TÊNIS KIDY COLORS EQUILIBRIO CARAMELO;385 
008;TENIS KIDY COLORS EQUILIBRIO;0080620;TÊNIS KIDY COLORS EQUILIBRIO CASTOR/LARANJA;104 
008;TENIS KIDY COLORS EQUILIBRIO;0080620;TÊNIS KIDY COLORS EQUILIBRIO NATURAL/MARINHO;2.343 
008;TENIS KIDY COLORS EQUILIBRIO;0080621;TÊNIS KIDY COLORS EQUILIBRIO BRANCO/MARINHO/VERMELHO;168 
008;TENIS KIDY COLORS EQUILIBRIO;0080621;TÊNIS KIDY COLORS EQUILIBRIO CAFE/CARAMELO;4.503 
008;TENIS KIDY COLORS EQUILIBRIO;0080621;TÊNIS KIDY COLORS EQUILIBRIO MARINHO;1.057 
008;TENIS KIDY COLORS EQUILIBRIO;0080621;TÊNIS KIDY COLORS EQUILIBRIO NATURAL/MARINHO;353 
008;TENIS KIDY COLORS EQUILIBRIO;0080622;TÊNIS KIDY COLORS EQUILIBRIO AZUL/AZUL ROYAL;487 
008;TENIS KIDY COLORS EQUILIBRIO;0080622;TÊNIS KIDY COLORS EQUILIBRIO BRANCO;1.058 
008;TENIS KIDY COLORS EQUILIBRIO;0080622;TÊNIS KIDY COLORS EQUILIBRIO CARAMELO;2.059 
008;TENIS KIDY COLORS EQUILIBRIO;0080622;TÊNIS KIDY COLORS EQUILIBRIO CASTOR/LARANJA;1.661 
008;TENIS KIDY COLORS EQUILIBRIO;0080622;TÊNIS KIDY COLORS EQUILIBRIO MARINHO;3.485 
008;TENIS KIDY COLORS EQUILIBRIO;0080622;TÊNIS KIDY COLORS EQUILIBRIO MARINHO/VERMELHO;4.778 
008;TENIS KIDY COLORS EQUILIBRIO;0080622;TÊNIS KIDY COLORS EQUILIBRIO NATURAL/MARINHO;3.751 
008;TENIS KIDY COLORS EQUILIBRIO;0080623;TÊNIS KIDY COLORS MNO CARAMELO/CAFE;1.064 
008;TENIS KIDY COLORS EQUILIBRIO;0080623;TÊNIS KIDY COLORS MNO MARINHO/VERDE;408 
008;TENIS KIDY COLORS EQUILIBRIO;0080623;TÊNIS KIDY COLORS MNO MARROM/LARANJA;2.945 
008;TENIS KIDY COLORS EQUILIBRIO;0080623;TÊNIS KIDY COLORS MNO NATURAL/MARINHO;1.442 
008;TENIS KIDY COLORS EQUILIBRIO;0080624;TÊNIS KIDY COLORS MNO AZUL ROYAL/LARANJA;39 
008;TENIS KIDY COLORS EQUILIBRIO;0080624;TÊNIS KIDY COLORS MNO MARINHO/VERDE;1.376 
008;TENIS KIDY COLORS EQUILIBRIO;0080624;TÊNIS KIDY COLORS MNO MARINHO/VERMELHO;197 
008;TENIS KIDY COLORS EQUILIBRIO;0080624;TÊNIS KIDY COLORS MNO PRETO/LARANJA;378 
008;TENIS KIDY COLORS EQUILIBRIO;0080626;TÊNIS KIDY COLORS EQUILIBRIO AZUL/LARANJA;51 
008;TENIS KIDY COLORS EQUILIBRIO;0080626;TÊNIS KIDY COLORS EQUILIBRIO MARINHO/CINZA;393 
008;TENIS KIDY COLORS EQUILIBRIO;0080626;TÊNIS KIDY COLORS EQUILIBRIO MARROM/MARINHO;105 
008;TENIS KIDY COLORS EQUILIBRIO;0080627;TÊNIS KIDY COLORS EQUILIBRIO MARINHO;69 
008;TENIS KIDY COLORS EQUILIBRIO;0080627;TÊNIS KIDY COLORS EQUILIBRIO MARROM;72 
008;TENIS KIDY COLORS EQUILIBRIO;0080627;TÊNIS KIDY COLORS EQUILIBRIO PRETO;99 
008;TENIS KIDY COLORS EQUILIBRIO;0080628;TÊNIS KIDY COLORS EQUILÍBRIO AZUL/VERDE;105 
008;TENIS KIDY COLORS EQUILIBRIO;0080628;TÊNIS KIDY COLORS EQUILÍBRIO MARINHO;1.340 
008;TENIS KIDY COLORS EQUILIBRIO;0080628;TÊNIS KIDY COLORS EQUILÍBRIO NATURAL/CARAMELO;178 
008;TENIS KIDY COLORS EQUILIBRIO;0080628;TÊNIS KIDY COLORS EQUILÍBRIO PRETO;543 
008;TENIS KIDY COLORS EQUILIBRIO;0080629;TÊNIS KIDY COLORS EQUILIBRIO MARINHO/VERMELHO;1.359 
008;TENIS KIDY COLORS EQUILIBRIO;0080629;TÊNIS KIDY COLORS EQUILIBRIO PRETO/VERMELHO;195 
008;TENIS KIDY COLORS EQUILIBRIO;0080630;TÊNIS KIDY COLORS EQUILIBRIO BRANCO/MARINHO;833 
008;TENIS KIDY COLORS EQUILIBRIO;0080630;TÊNIS KIDY COLORS EQUILIBRIO MARINHO/VERMELHO;823 
008;TENIS KIDY COLORS EQUILIBRIO;0080630;TÊNIS KIDY COLORS EQUILIBRIO PRETO/VERDE;108 
008;TENIS KIDY COLORS EQUILIBRIO;0080631;TÊNIS KIDY COLORS EQUILIBRIO GRAFITE/VERMELHO;54 
008;TENIS KIDY COLORS EQUILIBRIO;0080631;TÊNIS KIDY COLORS EQUILIBRIO MARINHO/LARANJA;434 
008;TENIS KIDY COLORS EQUILIBRIO;0080631;TÊNIS KIDY COLORS EQUILIBRIO PRETO/VERDE;36 
008;TENIS KIDY COLORS EQUILIBRIO;0080633;TÊNIS KIDY COLORS EQUILÍBRIO CARAMELO/MARINHO;1.535 
008;TENIS KIDY COLORS EQUILIBRIO;0080633;TÊNIS KIDY COLORS EQUILÍBRIO MARINHO;819 
008;TENIS KIDY COLORS EQUILIBRIO;0080633;TÊNIS KIDY COLORS EQUILÍBRIO NATURAL/CARAMELO;2.121 
008;TENIS KIDY COLORS EQUILIBRIO;0080633;TÊNIS KIDY COLORS EQUILÍBRIO PRETO/MARINHO;99 
008;TENIS KIDY COLORS EQUILIBRIO;0080634;TÊNIS KIDY COLORS EQUILIBRIO CAFE/MARINHO;12 
008;TENIS KIDY COLORS EQUILIBRIO;0080634;TÊNIS KIDY COLORS EQUILIBRIO MARROM/LARANJA;36 
008;TENIS KIDY COLORS EQUILIBRIO;0080634;TÊNIS KIDY COLORS EQUILIBRIO TAUPE/MARROM;12 
008;TENIS KIDY COLORS EQUILIBRIO;0080637;TÊNIS KIDY COLORS EQUILIBRIO BRANCO/MARINHO/VERMELHO;714 
008;TENIS KIDY COLORS EQUILIBRIO;0080637;TÊNIS KIDY COLORS EQUILIBRIO CARAMELO/BEGE;844 
008;TENIS KIDY COLORS EQUILIBRIO;0080637;TÊNIS KIDY COLORS EQUILIBRIO MARINHO/BRANCO;410 
008;TENIS KIDY COLORS EQUILIBRIO;0080637;TÊNIS KIDY COLORS EQUILIBRIO MARROM/CANELA;411 
008;TENIS KIDY COLORS EQUILIBRIO;0080637;TÊNIS KIDY COLORS EQUILIBRIO NATURAL/VERDE MILITAR;1.762 
008;TENIS KIDY COLORS EQUILIBRIO;0080639;TÊNIS KIDY COLORS EQUILIBRIO BEGE/MARINHO/VERDE MILITAR;425 
008;TENIS KIDY COLORS EQUILIBRIO;0080639;TÊNIS KIDY COLORS EQUILIBRIO BRANCO/CINZA/BORDO;30 
008;TENIS KIDY COLORS EQUILIBRIO;0080639;TÊNIS KIDY COLORS EQUILIBRIO CARAMELO/CAMEL;539 
008;TENIS KIDY COLORS EQUILIBRIO;0080639;TÊNIS KIDY COLORS EQUILIBRIO GRAFITE/MARINHO;174 
008;TENIS KIDY COLORS EQUILIBRIO;0080639;TÊNIS KIDY COLORS EQUILIBRIO MARINHO/CARAMELO;2.945 
008;TENIS KIDY COLORS EQUILIBRIO;0080640;TÊNIS KIDY COLORS EQUILIBRIO BRANCO/MARINHO/AZUL ROYAL;2.548 
008;TENIS KIDY COLORS EQUILIBRIO;0080640;TÊNIS KIDY COLORS EQUILIBRIO MARINHO/GRAFITE;237 
008;TENIS KIDY COLORS EQUILIBRIO;0080640;TÊNIS KIDY COLORS EQUILIBRIO MARROM/CANELA;93 
008;TENIS KIDY COLORS EQUILIBRIO;0080640;TÊNIS KIDY COLORS EQUILIBRIO NATURAL/MARINHO;1.702 
008;TENIS KIDY COLORS EQUILIBRIO;0080640;TÊNIS KIDY COLORS EQUILIBRIO TAUPE/BEGE/VERDE MILITAR;836 
008;TENIS KIDY COLORS EQUILIBRIO;0080641;TÊNIS KIDY COLORS EQUILIBRIO BRANCO/VERDE MILITAR/BEGE;57 
008;TENIS KIDY COLORS EQUILIBRIO;0080641;TÊNIS KIDY COLORS EQUILIBRIO MARINHO/GRAFITE;231 
008;TENIS KIDY COLORS EQUILIBRIO;0080641;TÊNIS KIDY COLORS EQUILIBRIO NATURAL/MARINHO;909 
008;TENIS KIDY COLORS EQUILIBRIO;0080641;TÊNIS KIDY COLORS EQUILIBRIO NATURAL/MARROM;93 
008;TENIS KIDY COLORS EQUILIBRIO;0080642;TÊNIS KIDY COLORS EQUILIBRIO BRANCO/MARINHO/VERDE;629 
008;TENIS KIDY COLORS EQUILIBRIO;0080642;TÊNIS KIDY COLORS EQUILIBRIO MARINHO;501 
008;TENIS KIDY COLORS EQUILIBRIO;0080642;TÊNIS KIDY COLORS EQUILIBRIO MARROM/CANELA;295 
008;TENIS KIDY COLORS EQUILIBRIO;0080642;TÊNIS KIDY COLORS EQUILIBRIO NATURAL/CARAMELO;1.033 
008;TENIS KIDY COLORS EQUILIBRIO;0080642;TÊNIS KIDY COLORS EQUILIBRIO NATURAL/VERDE/CANELA;1.911 
008;TENIS KIDY COLORS EQUILIBRIO;0080644;TÊNIS KIDY COLORS EQUILIBRIO MARINHO/CAFE;213 
008;TENIS KIDY COLORS EQUILIBRIO;0080644;TÊNIS KIDY COLORS EQUILIBRIO NATURAL/CARAMELO;606 
008;TENIS KIDY COLORS EQUILIBRIO;0080647;TÊNIS KIDY COLORS EQUILIBRIO CARAMELO/MARROM;39 
008;TENIS KIDY COLORS EQUILIBRIO;0080647;TÊNIS KIDY COLORS EQUILIBRIO CINZA/MARINHO;54 
008;TENIS KIDY COLORS EQUILIBRIO;0080647;TÊNIS KIDY COLORS EQUILIBRIO MARINHO;570 
008;TENIS KIDY COLORS EQUILIBRIO;0080647;TÊNIS KIDY COLORS EQUILIBRIO PRETO/LARANJA;42 
008;TENIS KIDY COLORS EQUILIBRIO;0080647;TÊNIS KIDY COLORS EQUILIBRIO TAUPE/CARAMELO;87 
008;TENIS KIDY COLORS EQUILIBRIO;0080648;TÊNIS KIDY COLORS EQUILIBRIO BRANCO;168 
008;TENIS KIDY COLORS EQUILIBRIO;0080648;TÊNIS KIDY COLORS EQUILIBRIO CANELA/CAFE;51 
008;TENIS KIDY COLORS EQUILIBRIO;0080648;TÊNIS KIDY COLORS EQUILIBRIO CARAMELO;432 
008;TENIS KIDY COLORS EQUILIBRIO;0080648;TÊNIS KIDY COLORS EQUILIBRIO MARINHO;54 
008;TENIS KIDY COLORS EQUILIBRIO;0080648;TÊNIS KIDY COLORS EQUILIBRIO PRETO;21 
008;TENIS KIDY COLORS EQUILIBRIO;0080648;TÊNIS KIDY COLORS EQUILIBRIO TAUPE/MARINHO;117 
008;TENIS KIDY COLORS EQUILIBRIO;0080649;TÊNIS KIDY COLORS EQUILIBRIO BRANCO/CINZA/MARINHO;174 
008;TENIS KIDY COLORS EQUILIBRIO;0080649;TÊNIS KIDY COLORS EQUILIBRIO MARINHO;94 
008;TENIS KIDY COLORS EQUILIBRIO;0080649;TÊNIS KIDY COLORS EQUILIBRIO MARROM/TAUPE;21 
008;TENIS KIDY COLORS EQUILIBRIO;0080649;TÊNIS KIDY COLORS EQUILIBRIO PRETO/GRAFITE/VERDE;6 
008;TENIS KIDY COLORS EQUILIBRIO;0080649;TÊNIS KIDY COLORS EQUILIBRIO TAUPE/CARAMELO;231 
008;TENIS KIDY COLORS EQUILIBRIO;0080650;TÊNIS KIDY COLORS EQUILIBRIO AREIA/TAUPE/LARANJA;396 
008;TENIS KIDY COLORS EQUILIBRIO;0080650;TÊNIS KIDY COLORS EQUILIBRIO BRANCO/MARINHO/AZUL ROYAL;124 
008;TENIS KIDY COLORS EQUILIBRIO;0080650;TÊNIS KIDY COLORS EQUILIBRIO CASTANHO/CARAMELO;24 
008;TENIS KIDY COLORS EQUILIBRIO;0080650;TÊNIS KIDY COLORS EQUILIBRIO MARINHO/BRANCO;75 
008;TENIS KIDY COLORS EQUILIBRIO;0080650;TÊNIS KIDY COLORS EQUILIBRIO NATURAL/MARINHO;306 
008;TENIS KIDY COLORS EQUILIBRIO;0080650;TÊNIS KIDY COLORS EQUILIBRIO PRETO/BRANCO;49 
008;TENIS KIDY COLORS EQUILIBRIO;0081012;TÊNIS KIDY COLORS MNO PRETO/AZUL ROYAL/LARANJA;12 
008;TENIS KIDY COLORS EQUILIBRIO;0081021;TÊNIS KIDY COLORS MNO MARINHO/VERMELHO;12 
008;TENIS KIDY COLORS EQUILIBRIO;0081022;TÊNIS KIDY COLORS MNO PRETO/AZ.ROYAL/AMARELO;12 
008;TENIS KIDY COLORS EQUILIBRIO;0081024;TÊNIS KIDY COLORS MNO MARINHO/VERDE/LARANJA NEON;12 
008;TENIS KIDY COLORS EQUILIBRIO;0081606;TÊNIS KIDY COLORS MNA AZALÉIA;324 
008;TENIS KIDY COLORS EQUILIBRIO;0081606;TÊNIS KIDY COLORS MNA PINK;216 
008;TENIS KIDY COLORS EQUILIBRIO;0081606;TÊNIS KIDY COLORS MNA VIOLETA;240 
008;TENIS KIDY COLORS EQUILIBRIO;0081607;TÊNIS KIDY COLORS MNA BRANCO/PINK;12 
008;TENIS KIDY COLORS EQUILIBRIO;0081609;TÊNIS KIDY COLORS MNA PINK/COLORIDO;12 
008;TENIS KIDY COLORS EQUILIBRIO;0081610;TÊNIS KIDY COLORS MNA PRETO;564 
008;TENIS KIDY COLORS EQUILIBRIO;0081618;TÊNIS KIDY COLORS EQUILÍBRIO MARINHO/AZALEIA;18 
008;TENIS KIDY COLORS EQUILIBRIO;0081620;TENIS KIDY COLORS MNA PINK;6 
008;TENIS KIDY COLORS EQUILIBRIO;0081620;TÊNIS KIDY COLORS MNA BRANCO/NUDE;60 
008;TENIS KIDY COLORS EQUILIBRIO;0081620;TÊNIS KIDY COLORS MNA MARFIM;1.007 
008;TENIS KIDY COLORS EQUILIBRIO;0081620;TÊNIS KIDY COLORS MNA NUDE;279 
008;TENIS KIDY COLORS EQUILIBRIO;0081620;TÊNIS KIDY COLORS MNA PRETO;60 
008;TENIS KIDY COLORS EQUILIBRIO;0081621;TÊNIS KIDY COLORS MNA BRANCO/PINK;126 
008;TENIS KIDY COLORS EQUILIBRIO;0081621;TÊNIS KIDY COLORS MNA BRANCO/ROSA/LILAS;66 
008;TENIS KIDY COLORS EQUILIBRIO;0081621;TÊNIS KIDY COLORS MNA MARFIM;33 
008;TENIS KIDY COLORS EQUILIBRIO;0081621;TÊNIS KIDY COLORS MNA NUDE;905 
008;TENIS KIDY COLORS EQUILIBRIO;0081621;TÊNIS KIDY COLORS MNA PRETO;411 
008;TENIS KIDY COLORS EQUILIBRIO;0081621;TÊNIS KIDY COLORS MNA ROSA/BRANCO;618 
008;TENIS KIDY COLORS EQUILIBRIO;0081622;TÊNIS KIDY COLORS MNA BRANCO;2.475 
008;TENIS KIDY COLORS EQUILIBRIO;0081622;TÊNIS KIDY COLORS MNA NUDE;1.366 
008;TENIS KIDY COLORS EQUILIBRIO;0081622;TÊNIS KIDY COLORS MNA OURO;3.133 
008;TENIS KIDY COLORS EQUILIBRIO;0081622;TÊNIS KIDY COLORS MNA PRETO;266 
008;TENIS KIDY COLORS EQUILIBRIO;0081622;TÊNIS KIDY COLORS MNA ROSA;266 
008;TENIS KIDY COLORS EQUILIBRIO;0081624;TÊNIS KIDY COLORS MNA MARFIM;679 
008;TENIS KIDY COLORS EQUILIBRIO;0081624;TÊNIS KIDY COLORS MNA NUDE;5.458 
008;TENIS KIDY COLORS EQUILIBRIO;0081624;TÊNIS KIDY COLORS MNA OURO;39 
008;TENIS KIDY COLORS EQUILIBRIO;0081624;TÊNIS KIDY COLORS MNA PRATA;33 
008;TENIS KIDY COLORS EQUILIBRIO;0081624;TÊNIS KIDY COLORS MNA ROSA;258 
008;TENIS KIDY COLORS EQUILIBRIO;0081626;TÊNIS KIDY COLORS MNA NUDE;87 
008;TENIS KIDY COLORS EQUILIBRIO;0081626;TÊNIS KIDY COLORS MNA OURO;120 
008;TENIS KIDY COLORS EQUILIBRIO;0081626;TÊNIS KIDY COLORS MNA ROSA;89 
008;TENIS KIDY COLORS EQUILIBRIO;0081627;TÊNIS KIDY COLORS MNA NUDE;1.331 
008;TENIS KIDY COLORS EQUILIBRIO;0081627;TÊNIS KIDY COLORS MNA NUDE/AZUL;326 
008;TENIS KIDY COLORS EQUILIBRIO;0081627;TÊNIS KIDY COLORS MNA NUDE/BRANCO;54 
008;TENIS KIDY COLORS EQUILIBRIO;0081627;TÊNIS KIDY COLORS MNA PINK/PRETO;186 
008;TENIS KIDY COLORS EQUILIBRIO;0081627;TÊNIS KIDY COLORS MNA ROSA/MARINHO;537 
008;TENIS KIDY COLORS EQUILIBRIO;0081628;TÊNIS KIDY COLORS EQUILIBRIO AZUL;33 
008;TENIS KIDY COLORS EQUILIBRIO;0081628;TÊNIS KIDY COLORS EQUILIBRIO BRANCO;225 
008;TENIS KIDY COLORS EQUILIBRIO;0081628;TÊNIS KIDY COLORS EQUILIBRIO NUDE;173 
008;TENIS KIDY COLORS EQUILIBRIO;0081628;TÊNIS KIDY COLORS EQUILIBRIO ROSA;155 
008;TENIS KIDY COLORS EQUILIBRIO;0081629;TÊNIS KIDY COLORS EQUILIBRIO AZUL;321 
008;TENIS KIDY COLORS EQUILIBRIO;0081629;TÊNIS KIDY COLORS EQUILIBRIO BRANCO;582 
008;TENIS KIDY COLORS EQUILIBRIO;0081629;TÊNIS KIDY COLORS EQUILIBRIO NUDE;1.224 
008;TENIS KIDY COLORS EQUILIBRIO;0081629;TÊNIS KIDY COLORS EQUILIBRIO ROSA;483 
008;TENIS KIDY COLORS EQUILIBRIO;0081631;TÊNIS KIDY COLORS EQUILIBRIO BRANCO;9 
008;TENIS KIDY COLORS EQUILIBRIO;0081631;TÊNIS KIDY COLORS EQUILIBRIO LILÁS;21 
008;TENIS KIDY COLORS EQUILIBRIO;0081631;TÊNIS KIDY COLORS EQUILIBRIO NUDE;270 
008;TENIS KIDY COLORS EQUILIBRIO;0081631;TÊNIS KIDY COLORS EQUILIBRIO PESSEGO;51 
008;TENIS KIDY COLORS EQUILIBRIO;0081631;TÊNIS KIDY COLORS EQUILIBRIO ROSA;387 
008;TENIS KIDY COLORS EQUILIBRIO;0081633;TÊNIS KIDY COLORS EQUILIBRIO BRANCO;375 
008;TENIS KIDY COLORS EQUILIBRIO;0081633;TÊNIS KIDY COLORS EQUILIBRIO LILAS;12 
008;TENIS KIDY COLORS EQUILIBRIO;0081633;TÊNIS KIDY COLORS EQUILIBRIO NUDE;818 
008;TENIS KIDY COLORS EQUILIBRIO;0081633;TÊNIS KIDY COLORS EQUILIBRIO OURO;2.747 
008;TENIS KIDY COLORS EQUILIBRIO;0081633;TÊNIS KIDY COLORS EQUILIBRIO ROSA;183 
008;TENIS KIDY COLORS EQUILIBRIO;0081634;TÊNIS KIDY COLORS EQUILIBRIO BRANCO;353 
008;TENIS KIDY COLORS EQUILIBRIO;0081634;TÊNIS KIDY COLORS EQUILIBRIO NUDE;863 
008;TENIS KIDY COLORS EQUILIBRIO;0081634;TÊNIS KIDY COLORS EQUILIBRIO OURO;177 
008;TENIS KIDY COLORS EQUILIBRIO;0081634;TÊNIS KIDY COLORS EQUILIBRIO PESSEGO;24 
008;TENIS KIDY COLORS EQUILIBRIO;0081634;TÊNIS KIDY COLORS EQUILIBRIO ROSA;1.095 
008;TENIS KIDY COLORS EQUILIBRIO;0081635;TÊNIS KIDY COLORS EQUILIBRIO BRANCO/PINK;623 
008;TENIS KIDY COLORS EQUILIBRIO;0081635;TÊNIS KIDY COLORS EQUILIBRIO LILAS/BRANCO;12 
008;TENIS KIDY COLORS EQUILIBRIO;0081635;TÊNIS KIDY COLORS EQUILIBRIO NUDE/ROSA;336 
008;TENIS KIDY COLORS EQUILIBRIO;0081635;TÊNIS KIDY COLORS EQUILIBRIO ROSA/PINK;42 
008;TENIS KIDY COLORS EQUILIBRIO;0081636;TÊNIS KIDY COLORS EQUILIBRIO BRANCO;594 
008;TENIS KIDY COLORS EQUILIBRIO;0081636;TÊNIS KIDY COLORS EQUILIBRIO MARFIM;1.110 
008;TENIS KIDY COLORS EQUILIBRIO;0081636;TÊNIS KIDY COLORS EQUILIBRIO NUDE;3.150 
008;TENIS KIDY COLORS EQUILIBRIO;0081636;TÊNIS KIDY COLORS EQUILIBRIO PÊSSEGO;27 
008;TENIS KIDY COLORS EQUILIBRIO;0081638;TÊNIS KIDY COLORS EQUILIBRIO BRANCO/ROSA;33 
008;TENIS KIDY COLORS EQUILIBRIO;0081638;TÊNIS KIDY COLORS EQUILIBRIO LILAS;273 
008;TENIS KIDY COLORS EQUILIBRIO;0081638;TÊNIS KIDY COLORS EQUILIBRIO NUDE;1.155 
008;TENIS KIDY COLORS EQUILIBRIO;0081638;TÊNIS KIDY COLORS EQUILIBRIO ROSA/PINK;342 
008;TENIS KIDY COLORS EQUILIBRIO;0081639;TÊNIS KIDY COLORS EQUILIBRIO NUDE;119 
008;TENIS KIDY COLORS EQUILIBRIO;0081639;TÊNIS KIDY COLORS EQUILIBRIO OURO;120 
008;TENIS KIDY COLORS EQUILIBRIO;0081640;TÊNIS KIDY COLORS EQUILIBRIO AZUL/COLORIDO;42 
008;TENIS KIDY COLORS EQUILIBRIO;0081640;TÊNIS KIDY COLORS EQUILIBRIO BRANCO/COLORIDO;556 
008;TENIS KIDY COLORS EQUILIBRIO;0081640;TÊNIS KIDY COLORS EQUILIBRIO NUDE;1.262 
008;TENIS KIDY COLORS EQUILIBRIO;0081640;TÊNIS KIDY COLORS EQUILIBRIO PRETO;303 
008;TENIS KIDY COLORS EQUILIBRIO;0081640;TÊNIS KIDY COLORS EQUILIBRIO ROSA/COLORIDO;398 
008;TENIS KIDY COLORS EQUILIBRIO;0081641;TÊNIS KIDY COLORS EQUILIBRIO AZUL BB;27 
008;TENIS KIDY COLORS EQUILIBRIO;0081641;TÊNIS KIDY COLORS EQUILIBRIO BRANCO;2.439 
008;TENIS KIDY COLORS EQUILIBRIO;0081641;TÊNIS KIDY COLORS EQUILIBRIO LILAS;30 
008;TENIS KIDY COLORS EQUILIBRIO;0081641;TÊNIS KIDY COLORS EQUILIBRIO MARFIM;939 
008;TENIS KIDY COLORS EQUILIBRIO;0081641;TÊNIS KIDY COLORS EQUILIBRIO NUDE;299 
008;TENIS KIDY COLORS EQUILIBRIO;0081641;TÊNIS KIDY COLORS EQUILIBRIO ROSA;27 
008;TENIS KIDY COLORS EQUILIBRIO;0081643;TÊNIS KIDY COLORS EQUILIBRIO BRANCO;149 
008;TENIS KIDY COLORS EQUILIBRIO;0081643;TÊNIS KIDY COLORS EQUILIBRIO MARFIM/OURO;498 
008;TENIS KIDY COLORS EQUILIBRIO;0081643;TÊNIS KIDY COLORS EQUILIBRIO NUDE;219 
008;TENIS KIDY COLORS EQUILIBRIO;0081643;TÊNIS KIDY COLORS EQUILIBRIO PRATA/BRANCO;30 
008;TENIS KIDY COLORS EQUILIBRIO;0081645;TÊNIS KIDY COLORS EQUILIBRIO BRANCO/PRATA;785 
008;TENIS KIDY COLORS EQUILIBRIO;0081645;TÊNIS KIDY COLORS EQUILIBRIO NUDE;681 
008;TENIS KIDY COLORS EQUILIBRIO;0081645;TÊNIS KIDY COLORS EQUILIBRIO OURO/MARFIM;87 
008;TENIS KIDY COLORS EQUILIBRIO;0081645;TÊNIS KIDY COLORS EQUILIBRIO PRATA;132 
008;TENIS KIDY COLORS EQUILIBRIO;0081646;TÊNIS KIDY COLORS EQUILIBRIO BRANCO/PRATA;231 
008;TENIS KIDY COLORS EQUILIBRIO;0081646;TÊNIS KIDY COLORS EQUILIBRIO MARFIM/OURO;1.443 
008;TENIS KIDY COLORS EQUILIBRIO;0081646;TÊNIS KIDY COLORS EQUILIBRIO NUDE/BRONZE;4.949 
008;TENIS KIDY COLORS EQUILIBRIO;0081646;TÊNIS KIDY COLORS EQUILIBRIO OURO;405 
008;TENIS KIDY COLORS EQUILIBRIO;0081646;TÊNIS KIDY COLORS EQUILIBRIO PRETO;294 
008;TENIS KIDY COLORS EQUILIBRIO;0081647;TÊNIS KIDY COLORS EQUILIBRIO BRANCO/NUDE;333 
008;TENIS KIDY COLORS EQUILIBRIO;0081647;TÊNIS KIDY COLORS EQUILIBRIO OURO;210 
008;TENIS KIDY COLORS EQUILIBRIO;0081648;TÊNIS KIDY COLORS EQUILIBRIO BRANCO;9 
008;TENIS KIDY COLORS EQUILIBRIO;0081648;TÊNIS KIDY COLORS EQUILIBRIO MARFIM;57 
008;TENIS KIDY COLORS EQUILIBRIO;0081648;TÊNIS KIDY COLORS EQUILIBRIO NUDE;211 
008;TENIS KIDY COLORS EQUILIBRIO;0081650;TÊNIS KIDY COLORS EQUILIBRIO BRANCO;265 
008;TENIS KIDY COLORS EQUILIBRIO;0081650;TÊNIS KIDY COLORS EQUILIBRIO MARFIM;342 
008;TENIS KIDY COLORS EQUILIBRIO;0081650;TÊNIS KIDY COLORS EQUILIBRIO PRETO;12 
008;TENIS KIDY COLORS EQUILIBRIO;0081650;TÊNIS KIDY COLORS EQUILIBRIO ROSA;54 
008;TENIS KIDY COLORS EQUILIBRIO;0081651;TÊNIS KIDY COLORS EQUILIBRIO BRANCO;36 
008;TENIS KIDY COLORS EQUILIBRIO;0081651;TÊNIS KIDY COLORS EQUILIBRIO MARFIM/OURO;489 
008;TENIS KIDY COLORS EQUILIBRIO;0081651;TÊNIS KIDY COLORS EQUILIBRIO ROSA;61 
008;TENIS KIDY COLORS EQUILIBRIO;0082022;TÊNIS KIDY COLORS MNO PINK/ROSA;12 
008;TENIS KIDY COLORS EQUILIBRIO;0083001;TÊNIS KIDY COLORS EQUILÍBRIO MARFIM;0 
008;TENIS KIDY COLORS EQUILIBRIO;0083002;TÊNIS KIDY COLORS EQUILÍBRIO OURO;0 
008;TENIS KIDY COLORS EQUILIBRIO;0083002;TÊNIS KIDY COLORS EQUILÍBRIO PINK;0 
008;TENIS KIDY COLORS EQUILIBRIO;0083003;TÊNIS KIDY COLORS EQUILÍBRIO ROSA;0 
008;TENIS KIDY COLORS EQUILIBRIO;0083004;TÊNIS KIDY COLORS EQUILÍBRIO NUDE;0 
008;TENIS KIDY COLORS EQUILIBRIO;0083005;TÊNIS KIDY COLORS EQUILÍBRIO PRETO;0 
008;TENIS KIDY COLORS EQUILIBRIO;0087601;TÊNIS KIDY COLORS MNO PRETO/BRANCO;24 
008;TENIS KIDY COLORS EQUILIBRIO;0088624;TÊNIS KIDY COLORS MNO MARINHO;117 
008;TENIS KIDY COLORS EQUILIBRIO;0089624;TÊNIS KIDY COLORS MNA NUDE;117 
009;TENIS KIDY COLORS MNA EQUILIBRIO;0090841;TÊNIS KIDY COLORS MNA NUDE/BRONZE;44 
009;TENIS KIDY COLORS MNA EQUILIBRIO;0090871;TÊNIS KIDY COLORS MNA AMARELO;12 
009;TENIS KIDY COLORS MNA EQUILIBRIO;0090887;TÊNIS KIDY COLORS MNA NUDE;12 
009;TENIS KIDY COLORS MNA EQUILIBRIO;0090891;TÊNIS KIDY COLORS MNA PÉROLA;12 
009;TENIS KIDY COLORS MNA EQUILIBRIO;0090892;TÊNIS KIDY COLORS MNA PRETO;12 
009;TENIS KIDY COLORS MNA EQUILIBRIO;0090895;TÊNIS KIDY COLORS MNA ROUGE;12 
009;TENIS KIDY COLORS MNA EQUILIBRIO;0090897;TÊNIS KIDY COLORS MNA NUDE;24 
009;TENIS KIDY COLORS MNA EQUILIBRIO;0090898;TÊNIS KIDY COLORS MNA ROSA;12 
009;TENIS KIDY COLORS MNA EQUILIBRIO;0090900;TÊNIS KIDY COLORS MNA PRATA;12 
009;TENIS KIDY COLORS MNA EQUILIBRIO;0097805;TÊNIS KIDY COLORS MNA BRANCO;12 
011;K360 CASUAL CONFORTO;0110335;SAPATENIS KIDY FIRENZE RESPI-TEC PRETO/CASTANHO;12 
011;K360 CASUAL CONFORTO;0110339;SAPATENIS KIDY FIRENZE RESPI-TEC GRAFITE/VERDE;12 
011;K360 CASUAL CONFORTO;0110340;SAPATENIS KIDY FIRENZE RESPI-TEC MARINHO/GRAFITE/LARANJA;318 
011;K360 CASUAL CONFORTO;0110343;SAPATENIS KIDY FIRENZE RESPI-TEC TAUPE;0 
011;K360 CASUAL CONFORTO;0110347;SAPATENIS KIDY FIRENZE RESPI-TEC MARINHO;192 
011;K360 CASUAL CONFORTO;0110347;SAPATENIS KIDY FIRENZE RESPI-TEC MARROM;24 
011;K360 CASUAL CONFORTO;0110349;SAPATENIS KIDY FIRENZE RESPI-TEC MARINHO;576 
011;K360 CASUAL CONFORTO;0110350;SAPATENIS KIDY FIRENZE RESPI-TEC MARROM/RATO;12 
011;K360 CASUAL CONFORTO;0110351;SAPATENIS KIDY FIRENZE RESPI-TEC CASTOR/PRETO;96 
011;K360 CASUAL CONFORTO;0110351;SAPATENIS KIDY FIRENZE RESPI-TEC MARINHO;57 
011;K360 CASUAL CONFORTO;0110353;SAPATENIS KIDY FIRENZE RESPI-TEC MARINHO/VERMELHO;12 
011;K360 CASUAL CONFORTO;0110353;SAPATENIS KIDY FIRENZE RESPI-TEC PRETO;12 
011;K360 CASUAL CONFORTO;0110354;SAPATENIS KIDY FIRENZE RESPI-TEC CINZA/AZUL/LARANJA;12 
011;K360 CASUAL CONFORTO;0110354;SAPATENIS KIDY FIRENZE RESPI-TEC PRETO/CREPE;36 
011;K360 CASUAL CONFORTO;0110355;SAPATENIS KIDY FIRENZE RESPI-TEC CARAMELO/MARINHO;12 
011;K360 CASUAL CONFORTO;0110355;SAPATENIS KIDY FIRENZE RESPI-TEC PRETO/CREPE;12 
011;K360 CASUAL CONFORTO;0110356;SAPATENIS KIDY FIRENZE RESPI-TEC MARINHO;12 
011;K360 CASUAL CONFORTO;0110357;SAPATENIS KIDY FIRENZE RESPI-TEC CASTANHO;12 
011;K360 CASUAL CONFORTO;0110358;SAPATENIS KIDY FIRENZE RESPI-TEC PRETO/MARROM;12 
011;K360 CASUAL CONFORTO;0110359;SAPATENIS KIDY FIRENZE RESPI-TEC BRANCO/CREPE;6 
011;K360 CASUAL CONFORTO;0110359;SAPATENIS KIDY FIRENZE RESPI-TEC CARAMELO/PRETO;32 
011;K360 CASUAL CONFORTO;0110360;SAPATENIS KIDY FIRENZE RESPI-TEC CASTANHO/MARINHO;36 
011;K360 CASUAL CONFORTO;0110361;SAPATENIS KIDY FIRENZE RESPI-TEC BRANCO;54 
011;K360 CASUAL CONFORTO;0110361;SAPATENIS KIDY FIRENZE RESPI-TEC CINZA/MARINHO;27 
011;K360 CASUAL CONFORTO;0110361;SAPATENIS KIDY FIRENZE RESPI-TEC MARINHO;69 
011;K360 CASUAL CONFORTO;0110361;SAPATENIS KIDY FIRENZE RESPI-TEC MARINHO/MARROM;45 
011;K360 CASUAL CONFORTO;0110361;SAPATENIS KIDY FIRENZE RESPI-TEC MARROM;129 
011;K360 CASUAL CONFORTO;0110361;SAPATENIS KIDY FIRENZE RESPI-TEC NATURAL;174 
011;K360 CASUAL CONFORTO;0110361;SAPATENIS KIDY FIRENZE RESPI-TEC PRETO;66 
011;K360 CASUAL CONFORTO;0110361;SAPATENIS KIDY FIRENZE RESPI-TEC PRETO/BEGE;159 
011;K360 CASUAL CONFORTO;0110361;SAPATENIS KIDY FIRENZE RESPI-TEC PRETO/CREPE;144 
011;K360 CASUAL CONFORTO;0110362;K360 CASUAL CONFORTO MARINHO;74 
011;K360 CASUAL CONFORTO;0110362;K360 CASUAL CONFORTO MARROM;102 
011;K360 CASUAL CONFORTO;0110362;K360 CASUAL CONFORTO PRETO;138 
011;K360 CASUAL CONFORTO;0110362;K360 CASUAL CONFORTO PRETO/MARROM;363 
011;K360 CASUAL CONFORTO;0110363;SAPATENIS KIDY FIRENZE RESPI-TEC AZUL STONE/MARINHO;15 
011;K360 CASUAL CONFORTO;0110363;SAPATENIS KIDY FIRENZE RESPI-TEC MARINHO/CARAMELO;87 
011;K360 CASUAL CONFORTO;0110363;SAPATENIS KIDY FIRENZE RESPI-TEC MARROM/PRETO;138 
011;K360 CASUAL CONFORTO;0110363;SAPATENIS KIDY FIRENZE RESPI-TEC NATURAL/MARROM;144 
011;K360 CASUAL CONFORTO;0110363;SAPATENIS KIDY FIRENZE RESPI-TEC PRETO;228 
011;K360 CASUAL CONFORTO;0110366;SAPATENIS KIDY FIRENZE RESPI-TEC PRETO;12 
011;K360 CASUAL CONFORTO;0110370;K360 CASUAL CONFORTO CAFÉ/CARAMELO;126 
011;K360 CASUAL CONFORTO;0110370;K360 CASUAL CONFORTO CASTANHO/MARINHO;867 
011;K360 CASUAL CONFORTO;0110370;K360 CASUAL CONFORTO CINZA/BRANCO;633 
011;K360 CASUAL CONFORTO;0110370;K360 CASUAL CONFORTO GRAFITE/PRETO;318 
011;K360 CASUAL CONFORTO;0110370;K360 CASUAL CONFORTO MARROM/PRETO;1.152 
011;K360 CASUAL CONFORTO;0110370;K360 CASUAL CONFORTO NATURAL/BRANCO/VERDE;1.593 
011;K360 CASUAL CONFORTO;0110370;K360 CASUAL CONFORTO NATURAL/MARINHO;2.015 
011;K360 CASUAL CONFORTO;0110370;K360 CASUAL CONFORTO PRETO/BRANCO;2.772 
011;K360 CASUAL CONFORTO;0110371;SAPATENIS KIDY FIRENZE RESPI-TEC BRANCO/MARINHO;81 
011;K360 CASUAL CONFORTO;0110371;SAPATENIS KIDY FIRENZE RESPI-TEC CAFÉ/PRETO;381 
011;K360 CASUAL CONFORTO;0110371;SAPATENIS KIDY FIRENZE RESPI-TEC CINZA/BRANCO;159 
011;K360 CASUAL CONFORTO;0110371;SAPATENIS KIDY FIRENZE RESPI-TEC MARINHO/AZUL ROYAL;165 
011;K360 CASUAL CONFORTO;0110371;SAPATENIS KIDY FIRENZE RESPI-TEC NATURAL/MARINHO;2.547 
011;K360 CASUAL CONFORTO;0110371;SAPATENIS KIDY FIRENZE RESPI-TEC PRETO/VERMELHO;1.059 
011;K360 CASUAL CONFORTO;0110372;K360 CASUAL CONFORTO BRANCO/CINZA;1.871 
011;K360 CASUAL CONFORTO;0110372;K360 CASUAL CONFORTO CAFÉ/PRETO;513 
011;K360 CASUAL CONFORTO;0110372;K360 CASUAL CONFORTO CARAMELO/MARINHO;972 
011;K360 CASUAL CONFORTO;0110372;K360 CASUAL CONFORTO CASTANHO/PRETO;519 
011;K360 CASUAL CONFORTO;0110372;K360 CASUAL CONFORTO MARINHO/CAFE;588 
011;K360 CASUAL CONFORTO;0110372;K360 CASUAL CONFORTO MARINHO/CASTANHO;387 
011;K360 CASUAL CONFORTO;0110372;K360 CASUAL CONFORTO NATURAL;1.062 
011;K360 CASUAL CONFORTO;0110372;K360 CASUAL CONFORTO NATURAL/MARROM;4.812 
011;K360 CASUAL CONFORTO;0110372;K360 CASUAL CONFORTO PRETO/BRANCO;1.449 
011;K360 CASUAL CONFORTO;0110372;K360 CASUAL CONFORTO PRETO/CHUMBO;2.490 
011;K360 CASUAL CONFORTO;0110373;SAPATENIS KIDY FIRENZE RESPI-TEC CAFE/PRETO;105 
011;K360 CASUAL CONFORTO;0110373;SAPATENIS KIDY FIRENZE RESPI-TEC CASTANHO/MARINHO;36 
011;K360 CASUAL CONFORTO;0110373;SAPATENIS KIDY FIRENZE RESPI-TEC MARINHO;183 
011;K360 CASUAL CONFORTO;0110373;SAPATENIS KIDY FIRENZE RESPI-TEC PRETO;1.461 
011;K360 CASUAL CONFORTO;0110375;K360 CASUAL CONFORTO BRANCO/MARINHO;345 
011;K360 CASUAL CONFORTO;0110375;K360 CASUAL CONFORTO CARAMELO/CAFÉ;1.011 
011;K360 CASUAL CONFORTO;0110375;K360 CASUAL CONFORTO CARAMELO/MARINHO;426 
011;K360 CASUAL CONFORTO;0110375;K360 CASUAL CONFORTO MARINHO;5.126 
011;K360 CASUAL CONFORTO;0110375;K360 CASUAL CONFORTO MARROM;2.059 
011;K360 CASUAL CONFORTO;0110375;K360 CASUAL CONFORTO NATURAL;876 
011;K360 CASUAL CONFORTO;0110375;K360 CASUAL CONFORTO PRETO;1.933 
011;K360 CASUAL CONFORTO;0110376;K360 CASUAL CONFORTO CASTANHO;1.517 
011;K360 CASUAL CONFORTO;0110376;K360 CASUAL CONFORTO MARINHO;1.010 
011;K360 CASUAL CONFORTO;0110376;K360 CASUAL CONFORTO MARROM/MARINHO;2.120 
011;K360 CASUAL CONFORTO;0110376;K360 CASUAL CONFORTO NATURAL;1.130 
011;K360 CASUAL CONFORTO;0110376;K360 CASUAL CONFORTO PRETO;2.172 
011;K360 CASUAL CONFORTO;0110376;K360 CASUAL CONFORTOCARAMELO/PRETO;801 
011;K360 CASUAL CONFORTO;0110377;SAPATENIS KIDY FIRENZE RESPI-TEC BRANCO;54 
011;K360 CASUAL CONFORTO;0110377;SAPATENIS KIDY FIRENZE RESPI-TEC CINZA/MARINHO;115 
011;K360 CASUAL CONFORTO;0110377;SAPATENIS KIDY FIRENZE RESPI-TEC MARINHO/MARROM;282 
011;K360 CASUAL CONFORTO;0110377;SAPATENIS KIDY FIRENZE RESPI-TEC NATURAL;149 
011;K360 CASUAL CONFORTO;0110377;SAPATENIS KIDY FIRENZE RESPI-TEC PRETO;123 
011;K360 CASUAL CONFORTO;0110377;SAPATENIS KIDY FIRENZE RESPI-TEC PRETO/BEGE;126 
011;K360 CASUAL CONFORTO;0110377;SAPATENIS KIDY FIRENZE RESPI-TEC TABACO/MARINHO;45 
011;K360 CASUAL CONFORTO;0110378;K360 CASUAL CONFORTO MARINHO;102 
011;K360 CASUAL CONFORTO;0110378;K360 CASUAL CONFORTO MARROM;569 
011;K360 CASUAL CONFORTO;0110378;K360 CASUAL CONFORTO NATURAL;99 
011;K360 CASUAL CONFORTO;0110378;K360 CASUAL CONFORTO PRETO;924 
011;K360 CASUAL CONFORTO;0110378;K360 CASUAL CONFORTO WHISKY;300 
011;K360 CASUAL CONFORTO;0110380;K360 CASUAL CONFORTO BRANCO/PRETO/CINZA;1.098 
011;K360 CASUAL CONFORTO;0110380;K360 CASUAL CONFORTO CAFÉ/CARAMELO;204 
011;K360 CASUAL CONFORTO;0110380;K360 CASUAL CONFORTO MARINHO;921 
011;K360 CASUAL CONFORTO;0110380;K360 CASUAL CONFORTO NATURAL/MARINHO;699 
011;K360 CASUAL CONFORTO;0110380;K360 CASUAL CONFORTO PRETO/BRANCO;305 
011;K360 CASUAL CONFORTO;0110381;K360 CASUAL CONFORTO CAFÉ;147 
011;K360 CASUAL CONFORTO;0110381;K360 CASUAL CONFORTO CARAMELO;66 
011;K360 CASUAL CONFORTO;0110381;K360 CASUAL CONFORTO PRETO;1.740 
011;K360 CASUAL CONFORTO;0110381;K360 CASUAL CONFORTO TAUPE/TAUPE;284 
011;K360 CASUAL CONFORTO;0110381;K360 CASUAL CONFORTO WHISKY;129 
011;K360 CASUAL CONFORTO;0110382;K360 CASUAL CONFORTO CAFÉ;48 
011;K360 CASUAL CONFORTO;0110382;K360 CASUAL CONFORTO CARAMELO;150 
011;K360 CASUAL CONFORTO;0110382;K360 CASUAL CONFORTO MARINHO;81 
011;K360 CASUAL CONFORTO;0110382;K360 CASUAL CONFORTO MARROM;219 
011;K360 CASUAL CONFORTO;0110382;K360 CASUAL CONFORTO NATURAL;225 
011;K360 CASUAL CONFORTO;0110382;K360 CASUAL CONFORTO PRETO;204 
011;K360 CASUAL CONFORTO;0110383;K360 CASUAL CONFORTO CARAMELO;150 
011;K360 CASUAL CONFORTO;0110383;K360 CASUAL CONFORTO MARINHO;57 
011;K360 CASUAL CONFORTO;0110383;K360 CASUAL CONFORTO MARROM;261 
011;K360 CASUAL CONFORTO;0110383;K360 CASUAL CONFORTO NATURAL;120 
011;K360 CASUAL CONFORTO;0110383;K360 CASUAL CONFORTO PRETO;102 
011;K360 CASUAL CONFORTO;0110384;K360 CASUAL CONFORTO BRANCO/PRETO;216 
011;K360 CASUAL CONFORTO;0110384;K360 CASUAL CONFORTO CARAMELO/PRETO;215 
011;K360 CASUAL CONFORTO;0110384;K360 CASUAL CONFORTO MARINHO;177 
011;K360 CASUAL CONFORTO;0110384;K360 CASUAL CONFORTO MARROM;219 
011;K360 CASUAL CONFORTO;0110384;K360 CASUAL CONFORTO NATURAL;66 
011;K360 CASUAL CONFORTO;0110384;K360 CASUAL CONFORTO PRETO;1.521 
011;K360 CASUAL CONFORTO;0110385;K360 CASUAL CONFORTO CAFÉ;189 
011;K360 CASUAL CONFORTO;0110385;K360 CASUAL CONFORTO PRETO;201 
011;K360 CASUAL CONFORTO;0110386;K360 CASUAL CONFORTO BRANCO/PRETO;45 
011;K360 CASUAL CONFORTO;0110386;K360 CASUAL CONFORTO CARAMELO/PRETO;1.081 
011;K360 CASUAL CONFORTO;0110386;K360 CASUAL CONFORTO MARINHO;75 
011;K360 CASUAL CONFORTO;0110386;K360 CASUAL CONFORTO MARROM;84 
011;K360 CASUAL CONFORTO;0110386;K360 CASUAL CONFORTO PRETO;264 
011;K360 CASUAL CONFORTO;0110387;K360 CASUAL CONFORTO CAFE;258 
011;K360 CASUAL CONFORTO;0110387;K360 CASUAL CONFORTO CAFÉ/MARROM;426 
011;K360 CASUAL CONFORTO;0110387;K360 CASUAL CONFORTO CASTANHO;48 
011;K360 CASUAL CONFORTO;0110387;K360 CASUAL CONFORTO MARINHO/VERMELHO;501 
011;K360 CASUAL CONFORTO;0110387;K360 CASUAL CONFORTO NATURAL/CARAMELO;6.291 
011;K360 CASUAL CONFORTO;0110387;K360 CASUAL CONFORTO NATURAL/MARROM;177 
011;K360 CASUAL CONFORTO;0110387;K360 CASUAL CONFORTO PRETO/BRANCO;372 
011;K360 CASUAL CONFORTO;0110387;K360 CASUAL CONFORTO PRETO/VERDE;1.023 
011;K360 CASUAL CONFORTO;0110388;K360 CASUAL CONFORTO CAFÉ;291 
011;K360 CASUAL CONFORTO;0110388;K360 CASUAL CONFORTO CANELA;1.119 
011;K360 CASUAL CONFORTO;0110388;K360 CASUAL CONFORTO CARAMELO;752 
011;K360 CASUAL CONFORTO;0110388;K360 CASUAL CONFORTO MARINHO;1.123 
011;K360 CASUAL CONFORTO;0110388;K360 CASUAL CONFORTO NATURAL;285 
011;K360 CASUAL CONFORTO;0110388;K360 CASUAL CONFORTO PRETO;1.526 
011;K360 CASUAL CONFORTO;0110388;K360 CASUAL CONFORTO TAUPE;24 
011;K360 CASUAL CONFORTO;0110389;K360 CASUAL CONFORTO CAFÉ;249 
011;K360 CASUAL CONFORTO;0110389;K360 CASUAL CONFORTO CARAMELO;1.260 
011;K360 CASUAL CONFORTO;0110389;K360 CASUAL CONFORTO MARINHO;219 
011;K360 CASUAL CONFORTO;0110389;K360 CASUAL CONFORTO MARROM;2.484 
011;K360 CASUAL CONFORTO;0110389;K360 CASUAL CONFORTO PRETO;1.119 
011;K360 CASUAL CONFORTO;0110389;K360 CASUAL CONFORTO TAUPE;9 
011;K360 CASUAL CONFORTO;0110402;K360 CASUAL CONFORTO BRANCO/BEGE;18 
011;K360 CASUAL CONFORTO;0110402;K360 CASUAL CONFORTO BRANCO/CINZA/MARINHO;69 
011;K360 CASUAL CONFORTO;0110402;K360 CASUAL CONFORTO CARAMELO;156 
011;K360 CASUAL CONFORTO;0110402;K360 CASUAL CONFORTO NATURAL/TAUPE;273 
011;K360 CASUAL CONFORTO;0110403;K360 CASUAL CONFORTO BRANCO/CINZA/MARINHO;54 
011;K360 CASUAL CONFORTO;0110403;K360 CASUAL CONFORTO MARROM;18 
011;K360 CASUAL CONFORTO;0110403;K360 CASUAL CONFORTO NATURAL/TAUPE;24 
011;K360 CASUAL CONFORTO;0111001;SAPATENIS KIDY FIRENZE RESPI-TEC NATURAL/MARROM;12 
011;K360 CASUAL CONFORTO;0111002;SAPATENIS KIDY FIRENZE RESPI-TEC CARAMELO/MARINHO;12 
011;K360 CASUAL CONFORTO;0111051;SAPATENIS KIDY FIRENZE RESPI-TEC CASTANHO;12 
015;SAPATILHA KIDY BABY;0150312;BAILARINA KIDY BABY VERMELHO;12 
015;SAPATILHA KIDY BABY;0150390;BAILARINA KIDY BABY MARIFIM/OURO;12 
015;SAPATILHA KIDY BABY;0150391;SAPATILHA KIDY BABY AZUL BB;12 
015;SAPATILHA KIDY BABY;0150392;SAPATILHA KIDY BABY BRANCO/MARINE;12 
015;SAPATILHA KIDY BABY;0150393;SAPATILHA KIDY BABY PINK;12 
015;SAPATILHA KIDY BABY;0150394;SAPATILHA KIDY BABY LAVANDA;12 
015;SAPATILHA KIDY BABY;0150395;SAPATILHA KIDY BABY BRANCO/NUDE;12 
015;SAPATILHA KIDY BABY;0150396;SAPATILHA KIDY BABY ROSA/BRANCO;12 
015;SAPATILHA KIDY BABY;0150400;SAPATILHA KIDY BABY ROUGE;12 
015;SAPATILHA KIDY BABY;0150401;SAPATILHA KIDY BABY LAVANDA/BRANCO;12 
015;SAPATILHA KIDY BABY;0150402;SAPATILHA KIDY BABY NUDE;202 
015;SAPATILHA KIDY BABY;0150402;SAPATILHA KIDY BABY OURO;131 
015;SAPATILHA KIDY BABY;0150403;SAPATILHA KIDY BABY MARFIM;12 
015;SAPATILHA KIDY BABY;0150404;SAPATILHA KIDY BABY BRANCO/PRETO;12 
015;SAPATILHA KIDY BABY;0150405;SAPATILHA KIDY BABY MARFIM/COLORIDO;12 
015;SAPATILHA KIDY BABY;0150406;SAPATILHA KIDY BABY NUDE;12 
015;SAPATILHA KIDY BABY;0150407;SAPATILHA KIDY BABY JEANS/PINK;12 
015;SAPATILHA KIDY BABY;0150408;SAPATILHA KIDY BABY MARFIM;12 
015;SAPATILHA KIDY BABY;0150415;SAPATILHA KIDY BABY BRANCO;5.215 
015;SAPATILHA KIDY BABY;0150415;SAPATILHA KIDY BABY NUDE;1.759 
015;SAPATILHA KIDY BABY;0150415;SAPATILHA KIDY BABY OURO;2.397 
015;SAPATILHA KIDY BABY;0150415;SAPATILHA KIDY BABY PEROLA;767 
015;SAPATILHA KIDY BABY;0150415;SAPATILHA KIDY BABY PRETO;2.193 
015;SAPATILHA KIDY BABY;0150416;SAPATILHA KIDY BABY BRANCO;12 
015;SAPATILHA KIDY BABY;0150419;SAPATILHA KIDY BABY AZUL;6 
015;SAPATILHA KIDY BABY;0150419;SAPATILHA KIDY BABY BLUSH;165 
015;SAPATILHA KIDY BABY;0150419;SAPATILHA KIDY BABY BRANCO;1.600 
015;SAPATILHA KIDY BABY;0150419;SAPATILHA KIDY BABY MARFIM;904 
015;SAPATILHA KIDY BABY;0150419;SAPATILHA KIDY BABY NUDE;284 
015;SAPATILHA KIDY BABY;0150419;SAPATILHA KIDY BABY OURO;1.268 
015;SAPATILHA KIDY BABY;0150419;SAPATILHA KIDY BABY PRETO;30 
015;SAPATILHA KIDY BABY;0150419;SAPATILHA KIDY BABY ROSA;12 
015;SAPATILHA KIDY BABY;0150419;SAPATILHA KIDY BABY VERMELHO;42 
015;SAPATILHA KIDY BABY;0150420;SAPATILHA KIDY BABY PRETO;6 
015;SAPATILHA KIDY BABY;0150421;SAPATILHA KIDY BABY BRANCO;12 
015;SAPATILHA KIDY BABY;0150421;SAPATILHA KIDY BABY PRETO;12 
015;SAPATILHA KIDY BABY;0150426;SAPATILHA KIDY BABY MARFIM;204 
015;SAPATILHA KIDY BABY;0150426;SAPATILHA KIDY BABY OURO;367 
015;SAPATILHA KIDY BABY;0150426;SAPATILHA KIDY BABY PINK;30 
015;SAPATILHA KIDY BABY;0150426;SAPATILHA KIDY BABY PRETO;63 
015;SAPATILHA KIDY BABY;0150426;SAPATILHA KIDY BABY ROSA;255 
015;SAPATILHA KIDY BABY;0150428;SAPATILHA KIDY BABY BRANCO;177 
015;SAPATILHA KIDY BABY;0150428;SAPATILHA KIDY BABY NUDE;171 
015;SAPATILHA KIDY BABY;0150428;SAPATILHA KIDY BABY OURO;164 
015;SAPATILHA KIDY BABY;0150428;SAPATILHA KIDY BABY PEROLA;42 
015;SAPATILHA KIDY BABY;0150428;SAPATILHA KIDY BABY PRATA;217 
015;SAPATILHA KIDY BABY;0150429;SAPATILHA KIDY BABY AZUL;18 
015;SAPATILHA KIDY BABY;0150429;SAPATILHA KIDY BABY BRANCO;282 
015;SAPATILHA KIDY BABY;0150429;SAPATILHA KIDY BABY NUDE;357 
015;SAPATILHA KIDY BABY;0150429;SAPATILHA KIDY BABY OURO;177 
015;SAPATILHA KIDY BABY;0150429;SAPATILHA KIDY BABY PRETO;129 
015;SAPATILHA KIDY BABY;0150432;SAPATILHA KIDY BABY BRANCO;811 
015;SAPATILHA KIDY BABY;0150432;SAPATILHA KIDY BABY NUDE;487 
015;SAPATILHA KIDY BABY;0150432;SAPATILHA KIDY BABY OURO;2.456 
015;SAPATILHA KIDY BABY;0150432;SAPATILHA KIDY BABY PRATA;174 
015;SAPATILHA KIDY BABY;0150432;SAPATILHA KIDY BABY PRETO;276 
015;SAPATILHA KIDY BABY;0150433;SAPATILHA KIDY BABY BRANCO;45 
015;SAPATILHA KIDY BABY;0150433;SAPATILHA KIDY BABY LILAS;21 
015;SAPATILHA KIDY BABY;0150433;SAPATILHA KIDY BABY MARFIM;69 
015;SAPATILHA KIDY BABY;0150433;SAPATILHA KIDY BABY NUDE;285 
015;SAPATILHA KIDY BABY;0150434;SAPATILHA KIDY BABY BRANCO;4.126 
015;SAPATILHA KIDY BABY;0150434;SAPATILHA KIDY BABY LILAS;12 
015;SAPATILHA KIDY BABY;0150434;SAPATILHA KIDY BABY NUDE;1.786 
015;SAPATILHA KIDY BABY;0150434;SAPATILHA KIDY BABY OURO;1.397 
015;SAPATILHA KIDY BABY;0150434;SAPATILHA KIDY BABY PESSEGO;39 
015;SAPATILHA KIDY BABY;0150434;SAPATILHA KIDY BABY PRETO;114 
015;SAPATILHA KIDY BABY;0150435;SAPATILHA KIDY BABY BLUSH;195 
015;SAPATILHA KIDY BABY;0150435;SAPATILHA KIDY BABY BRANCO;1.787 
015;SAPATILHA KIDY BABY;0150435;SAPATILHA KIDY BABY NUDE;719 
015;SAPATILHA KIDY BABY;0150435;SAPATILHA KIDY BABY PRETO;1.272 
015;SAPATILHA KIDY BABY;0150435;SAPATILHA KIDY BABY PÉROLA;399 
015;SAPATILHA KIDY BABY;0150435;SAPATILHA KIDY BABY VERMELHO;423 
015;SAPATILHA KIDY BABY;0150436;SAPATILHA KIDY BABY BRANCO;21 
015;SAPATILHA KIDY BABY;0150436;SAPATILHA KIDY BABY NUDE;9 
015;SAPATILHA KIDY BABY;0150436;SAPATILHA KIDY BABY PEROLA;33 
015;SAPATILHA KIDY BABY;0150436;SAPATILHA KIDY BABY PRETO;51 
015;SAPATILHA KIDY BABY;0150437;SAPATILHA KIDY BABY BRANCO;629 
015;SAPATILHA KIDY BABY;0150437;SAPATILHA KIDY BABY NUDE;554 
015;SAPATILHA KIDY BABY;0150437;SAPATILHA KIDY BABY OURO;822 
015;SAPATILHA KIDY BABY;0150437;SAPATILHA KIDY BABY PRATA;653 
015;SAPATILHA KIDY BABY;0150437;SAPATILHA KIDY BABY PRETO;284 
015;SAPATILHA KIDY BABY;0150438;SAPATILHA KIDY BABY OURO;936 
015;SAPATILHA KIDY BABY;0150439;SAPATILHA KIDY BABY BRANCO;252 
015;SAPATILHA KIDY BABY;0150440;SAPATILHA KIDY BABY BRANCO/OURO;760 
015;SAPATILHA KIDY BABY;0150440;SAPATILHA KIDY BABY NUDE/OURO;78 
015;SAPATILHA KIDY BABY;0150440;SAPATILHA KIDY BABY OURO;228 
015;SAPATILHA KIDY BABY;0150440;SAPATILHA KIDY BABY PRETO;114 
015;SAPATILHA KIDY BABY;0150440;SAPATILHA KIDY BABY ROSA;57 
015;SAPATILHA KIDY BABY;0150441;SAPATILHA KIDY BABY BRANCO;735 
015;SAPATILHA KIDY BABY;0150441;SAPATILHA KIDY BABY MARFIM/OURO;1.346 
015;SAPATILHA KIDY BABY;0150441;SAPATILHA KIDY BABY NUDE;2.086 
015;SAPATILHA KIDY BABY;0150441;SAPATILHA KIDY BABY OURO;373 
015;SAPATILHA KIDY BABY;0150441;SAPATILHA KIDY BABY PRETO;204 
015;SAPATILHA KIDY BABY;0150443;SAPATILHA KIDY BABY BRANCO;21 
015;SAPATILHA KIDY BABY;0150443;SAPATILHA KIDY BABY MARFIM;6 
015;SAPATILHA KIDY BABY;0150444;SAPATILHA KIDY BABY PRETO/ONÇA;36 
015;SAPATILHA KIDY BABY;0150445;SAPATILHA KIDY BABY AZUL;12 
015;SAPATILHA KIDY BABY;0150445;SAPATILHA KIDY BABY BRANCO;126 
015;SAPATILHA KIDY BABY;0150445;SAPATILHA KIDY BABY LILAS;36 
015;SAPATILHA KIDY BABY;0150445;SAPATILHA KIDY BABY MARFIM;393 
015;SAPATILHA KIDY BABY;0150445;SAPATILHA KIDY BABY PRETO;81 
015;SAPATILHA KIDY BABY;0150445;SAPATILHA KIDY BABY ROSA;111 
015;SAPATILHA KIDY BABY;0150446;SAPATILHA KIDY BABY AZUL;24 
015;SAPATILHA KIDY BABY;0150446;SAPATILHA KIDY BABY BRANCO;45 
015;SAPATILHA KIDY BABY;0150446;SAPATILHA KIDY BABY LILAS;0 
015;SAPATILHA KIDY BABY;0150446;SAPATILHA KIDY BABY MARFIM;36 
015;SAPATILHA KIDY BABY;0150446;SAPATILHA KIDY BABY NUDE;27 
015;SAPATILHA KIDY BABY;0150447;SAPATILHA KIDY BABY AZUL;24 
015;SAPATILHA KIDY BABY;0150447;SAPATILHA KIDY BABY BRANCO;144 
015;SAPATILHA KIDY BABY;0150447;SAPATILHA KIDY BABY MARFIM;201 
015;SAPATILHA KIDY BABY;0150447;SAPATILHA KIDY BABY PRETO;24 
015;SAPATILHA KIDY BABY;0150447;SAPATILHA KIDY BABY ROSA;54 
015;SAPATILHA KIDY BABY;0153001;BAILARINA KIDY BABY S.S NUDE;12 
015;SAPATILHA KIDY BABY;0157360;BAILARINA KIDY BABY BRANCO;24 
016;MOCASSIM KIDY BABY;0160176;MOCASSIM KIDY BABY CASTANHO;12 
016;MOCASSIM KIDY BABY;0160177;MOCASSIM KIDY BABY CASTANHO;24 
016;MOCASSIM KIDY BABY;0160177;MOCASSIM KIDY BABY MARINHO/VERMELHO;72 
016;MOCASSIM KIDY BABY;0160178;MOCASSIM KIDY BABY CASTANHO/TAUPE;12 
017;SANDÁLIA KIDY ZOO MANIA;0170152;SANDÁLIA KIDY ZOO MANIA ROSA/COLORIDO;12 
018;SANDÁLIA KIDY INFANTIL PROTECT;0180021;SAND.KIDY INFANTIL PROTECT PRETO/AMARELO NEON (C/ 4 PASTILHAS REPELENTES);12 
020;TENIS KIDY FLEX LIGHT;0200140;TENIS KIDY FLEX LIGHT MARINHO/LARANJA NEON;12 
020;TENIS KIDY FLEX LIGHT;0200160;TENIS KIDY FLEX LIGHT CINZA/GRAFITE/VERMELHO;12 
020;TENIS KIDY FLEX LIGHT;0200161;TENIS KIDY FLEX LIGHT AZUL ROYAL/PRETO;12 
020;TENIS KIDY FLEX LIGHT;0200162;TENIS KIDY FLEX LIGHT AZUL/PRETO/LARANJA;12 
020;TENIS KIDY FLEX LIGHT;0200163;TENIS KIDY FLEX LIGHT MARINHO/LARANJA NEON;12 
020;TENIS KIDY FLEX LIGHT;0200169;TENIS KIDY FLEX LIGHT AZUL ROYAL/LARANJA NEON;12 
020;TENIS KIDY FLEX LIGHT;0200173;TENIS KIDY FLEX LIGHT BRANCO/AZUL/MARINHO;6 
020;TENIS KIDY FLEX LIGHT;0200174;TENIS KIDY FLEX LIGHT PRETO/AZUL/LARANJA;12 
020;TENIS KIDY FLEX LIGHT;0200175;TENIS KIDY FLEX LIGHT AZUL ROYAL/AMARELO NEON;108 
020;TENIS KIDY FLEX LIGHT;0200175;TENIS KIDY FLEX LIGHT PRETO/LARANJA;36 
020;TENIS KIDY FLEX LIGHT;0200178;TENIS KIDY FLEX LIGHT MARINHO/VERMELHO;14.501 
020;TENIS KIDY FLEX LIGHT;0200179;TENIS KIDY FLEX LIGHT PRETO/AMARELO;1.269 
020;TENIS KIDY FLEX LIGHT;0200181;TENIS KIDY FLEX LIGHT AZUL ROYAL/LARANJA NEON;12 
020;TENIS KIDY FLEX LIGHT;0200181;TENIS KIDY FLEX LIGHT PRETO/AMARELO NEON;156 
020;TENIS KIDY FLEX LIGHT;0200181;TENIS KIDY FLEX LIGHT PRETO/VERDE MILITAR;126 
020;TENIS KIDY FLEX LIGHT;0200182;TENIS KIDY FLEX LIGHT CINZA/AZUL/AMARELO;60 
020;TENIS KIDY FLEX LIGHT;0200182;TENIS KIDY FLEX LIGHT MARINHO/VERMELHO;3.723 
020;TENIS KIDY FLEX LIGHT;0200182;TENIS KIDY FLEX LIGHT PRETO/LARANJA NEW;834 
020;TENIS KIDY FLEX LIGHT;0200183;TENIS KIDY FLEX LIGHT MARINHO/LARANJA NEON;452 
020;TENIS KIDY FLEX LIGHT;0200183;TENIS KIDY FLEX LIGHT PRETO/AZUL ROYAL/VERMELHO;408 
020;TENIS KIDY FLEX LIGHT;0200183;TENIS KIDY FLEX LIGHT PRETO/AZUL/LARANJA;1.325 
020;TENIS KIDY FLEX LIGHT;0200184;TENIS KIDY FLEX LIGHT AZUL ROYAL/AMARELO NEON;6 
020;TENIS KIDY FLEX LIGHT;0200184;TENIS KIDY FLEX LIGHT GRAFITE/PRETO/VERDE NEON;12 
020;TENIS KIDY FLEX LIGHT;0200184;TENIS KIDY FLEX LIGHT MARINHO/LARANJA NEON;2.971 
020;TENIS KIDY FLEX LIGHT;0200184;TENIS KIDY FLEX LIGHT PRETO/VERMELHO;2.094 
020;TENIS KIDY FLEX LIGHT;0200185;TENIS KIDY FLEX LIGHT GRAFITE/PRETO/LARANJA;1.159 
020;TENIS KIDY FLEX LIGHT;0200185;TENIS KIDY FLEX LIGHT MARINHO/AZUL ROYAL/AMARELO NEON;549 
020;TENIS KIDY FLEX LIGHT;0200185;TENIS KIDY FLEX LIGHT PRETO/VERMELHO;177 
020;TENIS KIDY FLEX LIGHT;0200186;TENIS KIDY FLEX LIGHT BRANCO/AZUL/AMARELO;48 
020;TENIS KIDY FLEX LIGHT;0200186;TENIS KIDY FLEX LIGHT BRANCO/MARINHO;1.754 
020;TENIS KIDY FLEX LIGHT;0200186;TENIS KIDY FLEX LIGHT BRANCO/VERMELHO/MARINHO;357 
020;TENIS KIDY FLEX LIGHT;0200186;TENIS KIDY FLEX LIGHT GRAFITE/AMARELO NEON;1.026 
020;TENIS KIDY FLEX LIGHT;0200186;TENIS KIDY FLEX LIGHT MARINHO/VERMELHO;17.779 
020;TENIS KIDY FLEX LIGHT;0200186;TENIS KIDY FLEX LIGHT PRETO/AMARELO NEON;3.033 
020;TENIS KIDY FLEX LIGHT;0200187;TENIS KIDY FLEX LIGHT MARINHO/GRAFITE/LEMON;1.098 
020;TENIS KIDY FLEX LIGHT;0200187;TENIS KIDY FLEX LIGHT PRETO/AZUL ROYAL;2.379 
020;TENIS KIDY FLEX LIGHT;0200187;TENIS KIDY FLEX LIGHT PRETO/AZUL/VERDE;21 
020;TENIS KIDY FLEX LIGHT;0200188;TENIS KIDY FLEX LIGHT GRAFITE/PRETO/VERMELHO;177 
020;TENIS KIDY FLEX LIGHT;0200188;TENIS KIDY FLEX LIGHT MARINHO/LARANJA NEON;819 
020;TENIS KIDY FLEX LIGHT;0200188;TENIS KIDY FLEX LIGHT PRETO/AMARELO NEON;1.797 
020;TENIS KIDY FLEX LIGHT;0200188;TENIS KIDY FLEX LIGHT PRETO/AZUL ROYAL;1.443 
020;TENIS KIDY FLEX LIGHT;0200189;TENIS KIDY FLEX LIGHT BRANCO/PRETO;21 
020;TENIS KIDY FLEX LIGHT;0200189;TENIS KIDY FLEX LIGHT MARINHO/VERMELHO;261 
020;TENIS KIDY FLEX LIGHT;0200189;TENIS KIDY FLEX LIGHT PRETO/AMARELO NEON;33 
020;TENIS KIDY FLEX LIGHT;0200189;TENIS KIDY FLEX LIGHT PRETO/VERDE/LARANJA;846 
020;TENIS KIDY FLEX LIGHT;0200190;TENIS KIDY FLEX LIGHT GRAFITE/MARINHO;1.689 
020;TENIS KIDY FLEX LIGHT;0200190;TENIS KIDY FLEX LIGHT MARINHO/AZUL ROYAL;480 
020;TENIS KIDY FLEX LIGHT;0200190;TENIS KIDY FLEX LIGHT MARINHO/VERMELHO;954 
020;TENIS KIDY FLEX LIGHT;0200190;TENIS KIDY FLEX LIGHT PRETO/AMARELO NEON;408 
020;TENIS KIDY FLEX LIGHT;0200191;TENIS KIDY FLEX LIGHT PRETO;195 
020;TENIS KIDY FLEX LIGHT;0200191;TENIS KIDY FLEX LIGHT PRETO/GRAFITE/LARANJA;24 
020;TENIS KIDY FLEX LIGHT;0200191;TENIS KIDY FLEX LIGHT PRETO/GRAFITE/VERDE;78 
020;TENIS KIDY FLEX LIGHT;0200192;TENIS KIDY FLEX LIGHT AZUL/VERMELHO;630 
020;TENIS KIDY FLEX LIGHT;0200192;TENIS KIDY FLEX LIGHT MARINHO/VERMELHO;429 
020;TENIS KIDY FLEX LIGHT;0200192;TENIS KIDY FLEX LIGHT PRETO/PRATA;240 
020;TENIS KIDY FLEX LIGHT;0200193;TENIS KIDY FLEX LIGHT MARINHO/VERDE;42 
020;TENIS KIDY FLEX LIGHT;0200193;TENIS KIDY FLEX LIGHT PRETO/AMARELO NEON;60 
020;TENIS KIDY FLEX LIGHT;0200193;TENIS KIDY FLEX LIGHT PRETO/VERDE;150 
020;TENIS KIDY FLEX LIGHT;0200195;TENIS KIDY FLEX LIGHT GRAFITE/MARINHO/AMARELO NEON;24 
020;TENIS KIDY FLEX LIGHT;0200195;TENIS KIDY FLEX LIGHT GRAFITE/PRETO/VERMELHO;24 
020;TENIS KIDY FLEX LIGHT;0200195;TENIS KIDY FLEX LIGHT MARINHO/LARANJA NEON;33 
020;TENIS KIDY FLEX LIGHT;0200195;TENIS KIDY FLEX LIGHT PRETO/AMARELO NEON;60 
020;TENIS KIDY FLEX LIGHT;0200196;TENIS KIDY FLEX LIGHT CINZA/MARINHO;24 
020;TENIS KIDY FLEX LIGHT;0200196;TENIS KIDY FLEX LIGHT GRAFITE/PRETO/LRNJ.NEON;444 
020;TENIS KIDY FLEX LIGHT;0200196;TENIS KIDY FLEX LIGHT MARINHO/VERMELHO;108 
020;TENIS KIDY FLEX LIGHT;0200196;TENIS KIDY FLEX LIGHT PRETO/VERMELHO;117 
020;TENIS KIDY FLEX LIGHT;0200197;TENIS KIDY FLEX LIGHT AZUL/AMARELO NEON;24 
020;TENIS KIDY FLEX LIGHT;0200197;TENIS KIDY FLEX LIGHT MARINHO/AMARELO NEON;36 
020;TENIS KIDY FLEX LIGHT;0200197;TENIS KIDY FLEX LIGHT PRETO/AZUL;30 
020;TENIS KIDY FLEX LIGHT;0200197;TENIS KIDY FLEX LIGHT PRETO/VERMELHO/LARANJA;12 
020;TENIS KIDY FLEX LIGHT;0200198;TENIS KIDY FLEX LIGHT AZUL/MARINHO/VERDE;138 
020;TENIS KIDY FLEX LIGHT;0200198;TENIS KIDY FLEX LIGHT CINZA/MARINHO;29 
020;TENIS KIDY FLEX LIGHT;0200198;TENIS KIDY FLEX LIGHT GRAFITE/MARINHO;124 
020;TENIS KIDY FLEX LIGHT;0200198;TENIS KIDY FLEX LIGHT MARINHO/AZUL ROYAL;87 
020;TENIS KIDY FLEX LIGHT;0200198;TENIS KIDY FLEX LIGHT MARINHO/VERMELHO;135 
020;TENIS KIDY FLEX LIGHT;0200199;TENIS KIDY FLEX LIGHT GRAFITE/MARINHO;108 
020;TENIS KIDY FLEX LIGHT;0200199;TENIS KIDY FLEX LIGHT MARINHO/PRATA;24 
020;TENIS KIDY FLEX LIGHT;0200199;TENIS KIDY FLEX LIGHT PRETO/PRATA;120 
020;TENIS KIDY FLEX LIGHT;0200200;TENIS KIDY FLEX LIGHT MARINHO/VERMELHO;1.017 
020;TENIS KIDY FLEX LIGHT;0200200;TENIS KIDY FLEX LIGHT MARROM/LARANJA;201 
020;TENIS KIDY FLEX LIGHT;0200200;TENIS KIDY FLEX LIGHT PRETO/PRATA;240 
020;TENIS KIDY FLEX LIGHT;0200200;TENIS KIDY FLEX LIGHT VERDE/LARANJA;300 
020;TENIS KIDY FLEX LIGHT;0200203;TENIS KIDY FLEX LIGHT BRANCO/MARINHO;33 
020;TENIS KIDY FLEX LIGHT;0200203;TENIS KIDY FLEX LIGHT MARINHO/AMARELO NEON;147 
020;TENIS KIDY FLEX LIGHT;0200203;TENIS KIDY FLEX LIGHT MARINHO/VERMELHO;159 
020;TENIS KIDY FLEX LIGHT;0200203;TENIS KIDY FLEX LIGHT PRETO/VERMELHO;57 
020;TENIS KIDY FLEX LIGHT;0200204;TENIS KIDY FLEX LIGHT PRETO;72 
020;TENIS KIDY FLEX LIGHT;0200204;TENIS KIDY FLEX LIGHT PRETO/GRAFITE/VERDE;24 
020;TENIS KIDY FLEX LIGHT;0200205;TENIS KIDY FLEX LIGHT AZUL/VERMELHO;222 
020;TENIS KIDY FLEX LIGHT;0200205;TENIS KIDY FLEX LIGHT MARINHO/VERMELHO;129 
020;TENIS KIDY FLEX LIGHT;0200206;TENIS KIDY FLEX LIGHT PRETO/AMARELO NEON;15 
020;TENIS KIDY FLEX LIGHT;0200206;TENIS KIDY FLEX LIGHT PRETO/VERDE;84 
020;TENIS KIDY FLEX LIGHT;0200207;TENIS KIDY FLEX LIGHT MARINHO/VERDE;255 
020;TENIS KIDY FLEX LIGHT;0200207;TENIS KIDY FLEX LIGHT MARROM/CAFE;528 
020;TENIS KIDY FLEX LIGHT;0201138;TENIS KIDY FLEX LIGHT MARINHO/ROSA;12 
020;TENIS KIDY FLEX LIGHT;0201140;TENIS KIDY FLEX LIGHT PINK/NUDE;12 
020;TENIS KIDY FLEX LIGHT;0201141;TENIS KIDY FLEX LIGHT NUDE/AZUL;12 
020;TENIS KIDY FLEX LIGHT;0201163;TENIS KIDY FLEX LIGHT NUDE/PINK;12 
020;TENIS KIDY FLEX LIGHT;0201173;TENIS KIDY FLEX LIGHT BRANCO/PINK/AZUL;12 
020;TENIS KIDY FLEX LIGHT;0201173;TENIS KIDY FLEX LIGHT ROSA/AMARELO/AZUL;6 
020;TENIS KIDY FLEX LIGHT;0201175;TENIS KIDY FLEX LIGHT ROSA/AZUL;456 
020;TENIS KIDY FLEX LIGHT;0201178;TENIS KIDY FLEX LIGHT PINK/COLORIDO;12 
020;TENIS KIDY FLEX LIGHT;0201181;TENIS KIDY FLEX LIGHT MARINHO/LILAS;821 
020;TENIS KIDY FLEX LIGHT;0201181;TENIS KIDY FLEX LIGHT ROSA/COLORIDO;1.026 
020;TENIS KIDY FLEX LIGHT;0201181;TENIS KIDY FLEX LIGHT ROSA/PINK;825 
020;TENIS KIDY FLEX LIGHT;0201182;TENIS KIDY FLEX LIGHT ANIS/COLORIDO;63 
020;TENIS KIDY FLEX LIGHT;0201182;TENIS KIDY FLEX LIGHT BRANCO/COLORIDO;257 
020;TENIS KIDY FLEX LIGHT;0201183;TENIS KIDY FLEX LIGHT OURO/ROSA;1.152 
020;TENIS KIDY FLEX LIGHT;0201183;TENIS KIDY FLEX LIGHT PRATA/COLORIDO;1.428 
020;TENIS KIDY FLEX LIGHT;0201183;TENIS KIDY FLEX LIGHT PRATA/PINK NEON;1.306 
020;TENIS KIDY FLEX LIGHT;0201184;TENIS KIDY FLEX LIGHT AZUL/ROSA CHICLETE;30 
020;TENIS KIDY FLEX LIGHT;0201184;TENIS KIDY FLEX LIGHT MARINHO/ACQUA/PINK;36 
020;TENIS KIDY FLEX LIGHT;0201184;TENIS KIDY FLEX LIGHT PRETO/PINK;2.321 
020;TENIS KIDY FLEX LIGHT;0201184;TENIS KIDY FLEX LIGHT PRETO/ROSA CHICLETE;1.255 
020;TENIS KIDY FLEX LIGHT;0201185;TENIS KIDY FLEX LIGHT BRANCO/AZUL/ROSA;24 
020;TENIS KIDY FLEX LIGHT;0201185;TENIS KIDY FLEX LIGHT PRETO/PINK;798 
020;TENIS KIDY FLEX LIGHT;0201185;TENIS KIDY FLEX LIGHT ROSA/PINK;933 
020;TENIS KIDY FLEX LIGHT;0201186;TENIS KIDY FLEX LIGHT AZUL/ROSA;48 
020;TENIS KIDY FLEX LIGHT;0201186;TENIS KIDY FLEX LIGHT MARINHO/PINK NEON;327 
020;TENIS KIDY FLEX LIGHT;0201186;TENIS KIDY FLEX LIGHT PINK/ACQUA;114 
020;TENIS KIDY FLEX LIGHT;0201188;TENIS KIDY FLEX LIGHT NUDE;123 
020;TENIS KIDY FLEX LIGHT;0201188;TENIS KIDY FLEX LIGHT OURO;96 
020;TENIS KIDY FLEX LIGHT;0201188;TENIS KIDY FLEX LIGHT PINK;132 
020;TENIS KIDY FLEX LIGHT;0201188;TENIS KIDY FLEX LIGHT PRATA;45 
020;TENIS KIDY FLEX LIGHT;0201190;TENIS KIDY FLEX LIGHT LILAS;36 
020;TENIS KIDY FLEX LIGHT;0201190;TENIS KIDY FLEX LIGHT PRATA;135 
020;TENIS KIDY FLEX LIGHT;0201190;TENIS KIDY FLEX LIGHT ROSA;129 
020;TENIS KIDY FLEX LIGHT;0201191;TENIS KIDY FLEX LIGHT BRANCO/ROSA;156 
020;TENIS KIDY FLEX LIGHT;0201191;TENIS KIDY FLEX LIGHT MARFIM;360 
020;TENIS KIDY FLEX LIGHT;0201191;TENIS KIDY FLEX LIGHT ROSA;2.088 
020;TENIS KIDY FLEX LIGHT;0201192;TENIS KIDY FLEX LIGHT BRANCO/LILAS;423 
020;TENIS KIDY FLEX LIGHT;0201192;TENIS KIDY FLEX LIGHT NUDE;222 
020;TENIS KIDY FLEX LIGHT;0201192;TENIS KIDY FLEX LIGHT NUDE/COLORIDO;36 
020;TENIS KIDY FLEX LIGHT;0201192;TENIS KIDY FLEX LIGHT PRETO;897 
020;TENIS KIDY FLEX LIGHT;0201193;TENIS KIDY FLEX LIGHT NUDE;324 
020;TENIS KIDY FLEX LIGHT;0201193;TENIS KIDY FLEX LIGHT OURO;2.502 
020;TENIS KIDY FLEX LIGHT;0201193;TENIS KIDY FLEX LIGHT PRATA;117 
020;TENIS KIDY FLEX LIGHT;0201193;TENIS KIDY FLEX LIGHT PRETO;373 
020;TENIS KIDY FLEX LIGHT;0201194;TENIS KIDY FLEX LIGHT BRANCO/ROSA/LILAS;9.548 
020;TENIS KIDY FLEX LIGHT;0201194;TENIS KIDY FLEX LIGHT NUDE;6.662 
020;TENIS KIDY FLEX LIGHT;0201194;TENIS KIDY FLEX LIGHT PRETO;2.541 
020;TENIS KIDY FLEX LIGHT;0201195;TENIS KIDY FLEX LIGHT MARINHO;390 
020;TENIS KIDY FLEX LIGHT;0201195;TENIS KIDY FLEX LIGHT NUDE;78 
020;TENIS KIDY FLEX LIGHT;0201195;TENIS KIDY FLEX LIGHT PRETO;939 
020;TENIS KIDY FLEX LIGHT;0201196;TENIS KIDY FLEX LIGHT BRANCO;123 
020;TENIS KIDY FLEX LIGHT;0201196;TENIS KIDY FLEX LIGHT NUDE;297 
020;TENIS KIDY FLEX LIGHT;0201196;TENIS KIDY FLEX LIGHT OURO;126 
020;TENIS KIDY FLEX LIGHT;0201196;TENIS KIDY FLEX LIGHT PRETO;756 
020;TENIS KIDY FLEX LIGHT;0201198;TENIS KIDY FLEX LIGHT LILAS;396 
020;TENIS KIDY FLEX LIGHT;0201198;TENIS KIDY FLEX LIGHT NUDE;2.194 
020;TENIS KIDY FLEX LIGHT;0201198;TENIS KIDY FLEX LIGHT PRETO;2.374 
020;TENIS KIDY FLEX LIGHT;0201199;TENIS KIDY FLEX LIGHT BRANCO/COLORIDO;516 
020;TENIS KIDY FLEX LIGHT;0201199;TENIS KIDY FLEX LIGHT NUDE;1.437 
020;TENIS KIDY FLEX LIGHT;0201199;TENIS KIDY FLEX LIGHT OURO;207 
020;TENIS KIDY FLEX LIGHT;0201199;TENIS KIDY FLEX LIGHT PRETO;618 
020;TENIS KIDY FLEX LIGHT;0201201;TENIS KIDY FLEX LIGHT BRANCO;60 
020;TENIS KIDY FLEX LIGHT;0201201;TENIS KIDY FLEX LIGHT LILAS;156 
020;TENIS KIDY FLEX LIGHT;0201201;TENIS KIDY FLEX LIGHT NUDE;138 
020;TENIS KIDY FLEX LIGHT;0201201;TENIS KIDY FLEX LIGHT PINK;60 
020;TENIS KIDY FLEX LIGHT;0201202;TENIS KIDY FLEX LIGHT BRANCO/PRATA;60 
020;TENIS KIDY FLEX LIGHT;0201202;TENIS KIDY FLEX LIGHT LILAS;21 
020;TENIS KIDY FLEX LIGHT;0201202;TENIS KIDY FLEX LIGHT OURO;795 
020;TENIS KIDY FLEX LIGHT;0201202;TENIS KIDY FLEX LIGHT ROSA;282 
020;TENIS KIDY FLEX LIGHT;0201203;TENIS KIDY FLEX LIGHT BRANCO;171 
020;TENIS KIDY FLEX LIGHT;0201203;TENIS KIDY FLEX LIGHT LILAS;24 
020;TENIS KIDY FLEX LIGHT;0201203;TENIS KIDY FLEX LIGHT PRETO;72 
020;TENIS KIDY FLEX LIGHT;0201203;TENIS KIDY FLEX LIGHT ROSA;315 
020;TENIS KIDY FLEX LIGHT;0201204;TENIS KIDY FLEX LIGHT AZUL BB;135 
020;TENIS KIDY FLEX LIGHT;0201204;TENIS KIDY FLEX LIGHT LILAS;63 
020;TENIS KIDY FLEX LIGHT;0201204;TENIS KIDY FLEX LIGHT MARFIM/AMARELO;12 
020;TENIS KIDY FLEX LIGHT;0201204;TENIS KIDY FLEX LIGHT NUDE;261 
020;TENIS KIDY FLEX LIGHT;0201204;TENIS KIDY FLEX LIGHT PRETO/NUDE;45 
020;TENIS KIDY FLEX LIGHT;0201205;TENIS KIDY FLEX LIGHT MARFIM;24 
020;TENIS KIDY FLEX LIGHT;0201205;TENIS KIDY FLEX LIGHT MARINHO/ROSA;63 
020;TENIS KIDY FLEX LIGHT;0201205;TENIS KIDY FLEX LIGHT NUDE;24 
020;TENIS KIDY FLEX LIGHT;0201205;TENIS KIDY FLEX LIGHT PRETO;36 
020;TENIS KIDY FLEX LIGHT;0201206;TENIS KIDY FLEX LIGHT LILAS;69 
020;TENIS KIDY FLEX LIGHT;0201206;TENIS KIDY FLEX LIGHT MARFIM;96 
020;TENIS KIDY FLEX LIGHT;0201206;TENIS KIDY FLEX LIGHT NUDE;408 
020;TENIS KIDY FLEX LIGHT;0201206;TENIS KIDY FLEX LIGHT NUDE/BLUSH;192 
020;TENIS KIDY FLEX LIGHT;0201206;TENIS KIDY FLEX LIGHT PRETO;99 
020;TENIS KIDY FLEX LIGHT;0201209;TENIS KIDY FLEX LIGHT MARFIM;30 
020;TENIS KIDY FLEX LIGHT;0201209;TENIS KIDY FLEX LIGHT MARROM/CAFE;168 
020;TENIS KIDY FLEX LIGHT;0201209;TENIS KIDY FLEX LIGHT ROSA;609 
020;TENIS KIDY FLEX LIGHT;0201211;TENIS KIDY FLEX LIGHT BRANCO/ROSA/LILAS;21 
020;TENIS KIDY FLEX LIGHT;0201211;TENIS KIDY FLEX LIGHT MARFIM;96 
020;TENIS KIDY FLEX LIGHT;0201211;TENIS KIDY FLEX LIGHT NUDE;90 
020;TENIS KIDY FLEX LIGHT;0201211;TENIS KIDY FLEX LIGHT PRETO;153 
020;TENIS KIDY FLEX LIGHT;0207171;TENIS KIDY FLEX LIGHT PRETO/BRANCO;12 
020;TENIS KIDY FLEX LIGHT;0208187;TENIS KIDY FLEX LIGHT MARINHO;153 
020;TENIS KIDY FLEX LIGHT;0209183;TENIS KIDY FLEX LIGHT PRATA/PINK NEON;153 
021;SANDALIA KIDY WAVE ANATOMICA;0210512;SANDALIA KIDY WAVE MARINHO/CINZA/AMARELO NEON;12 
021;SANDALIA KIDY WAVE ANATOMICA;0210520;SANDALIA KIDY WAVE GRAFITE/VERMELHO;36 
021;SANDALIA KIDY WAVE ANATOMICA;0210520;SANDALIA KIDY WAVE MARINHO/VERDE NEON;36 
021;SANDALIA KIDY WAVE ANATOMICA;0210528;SANDALIA KIDY WAVE MARINHO/BRANCO/VERMELHO;12 
021;SANDALIA KIDY WAVE ANATOMICA;0210530;SANDALIA KIDY WAVE CINZA/MARINHO/AMARELO NEON;12 
021;SANDALIA KIDY WAVE ANATOMICA;0210531;SANDALIA KIDY WAVE AZUL/MARINHO/LARANJA NEON;12 
021;SANDALIA KIDY WAVE ANATOMICA;0217454;SANDALIA KIDY WAVE BRANCO;48 
021;SANDALIA KIDY WAVE ANATOMICA;0217521;SANDALIA KIDY WAVE PRETO/BRANCO;60 
024;BOTA KIDY SALTO TWEEN;0240420;BOTA KIDY SALTO TWEEN PRETO;12 
024;BOTA KIDY SALTO TWEEN;0240421;BOTA KIDY SALTO TWEEN CAMEL;12 
024;BOTA KIDY SALTO TWEEN;0240422;BOTA KIDY SALTO TWEEN NUDE;12 
024;BOTA KIDY SALTO TWEEN;0240423;BOTA KIDY SALTO TWEEN CAFÉ;12 
024;BOTA KIDY SALTO TWEEN;0240424;BOTA KIDY SALTO TWEEN CAMEL;12 
024;BOTA KIDY SALTO TWEEN;0240425;BOTA KIDY SALTO TWEEN PRETO;12 
027;SAPATILHA KIDY SOFT;0270056;SAPATILHA SOFT ANATOMICA PRATA;0 
027;SAPATILHA KIDY SOFT;0270476;BAILARINA KIDY SOFT BRANCO/PRETO;12 
027;SAPATILHA KIDY SOFT;0270477;BAILARINA KIDY SOFT MARINE;12 
027;SAPATILHA KIDY SOFT;0270506;BAILARINA SAPATILHA KIDY SOFT OURO;12 
027;SAPATILHA KIDY SOFT;0270509;BAILARINA SAPATILHA KIDY SOFT LAVANDA;12 
027;SAPATILHA KIDY SOFT;0270509;BAILARINA SAPATILHA KIDY SOFT NUDE;84 
027;SAPATILHA KIDY SOFT;0270522;BAILARINA SAPATILHA KIDY SOFT OURO;36 
027;SAPATILHA KIDY SOFT;0270523;BAILARINA SAPATILHA KIDY SOFT NUDE;120 
027;SAPATILHA KIDY SOFT;0270524;SAPATILHA KIDY SOFT NUDE;12 
027;SAPATILHA KIDY SOFT;0270525;SAPATILHA KIDY SOFT BRANCO/PRETO;12 
027;SAPATILHA KIDY SOFT;0270526;SAPATILHA KIDY SOFT JEANS/AZUL BEBE;12 
027;SAPATILHA KIDY SOFT;0270527;SAPATILHA KIDY SOFT AMARELO/COLORIDO;12 
027;SAPATILHA KIDY SOFT;0270533;SAPATILHA KIDY SOFT MARINE;12 
027;SAPATILHA KIDY SOFT;0270536;SAPATILHA KIDY SOFT MARFIM;12 
027;SAPATILHA KIDY SOFT;0270536;SAPATILHA KIDY SOFT PRETO;12 
027;SAPATILHA KIDY SOFT;0270537;SAPATILHA KIDY SOFT BRANCO;1.207 
027;SAPATILHA KIDY SOFT;0270537;SAPATILHA KIDY SOFT NUDE;373 
027;SAPATILHA KIDY SOFT;0270537;SAPATILHA KIDY SOFT OURO;1.287 
027;SAPATILHA KIDY SOFT;0270537;SAPATILHA KIDY SOFT PRETO;1.574 
027;SAPATILHA KIDY SOFT;0270537;SAPATILHA KIDY SOFT PÉROLA;372 
027;SAPATILHA KIDY SOFT;0270538;SAPATILHA KIDY SOFT BRANCO;12 
027;SAPATILHA KIDY SOFT;0270539;SAPATILHA KIDY SOFT BRANCO;21 
027;SAPATILHA KIDY SOFT;0270539;SAPATILHA KIDY SOFT PRETO;15 
027;SAPATILHA KIDY SOFT;0270549;SAPATILHA KIDY SOFT MARFIM;273 
027;SAPATILHA KIDY SOFT;0270549;SAPATILHA KIDY SOFT NUDE;255 
027;SAPATILHA KIDY SOFT;0270549;SAPATILHA KIDY SOFT OURO;357 
027;SAPATILHA KIDY SOFT;0270549;SAPATILHA KIDY SOFT PRATA;39 
027;SAPATILHA KIDY SOFT;0270550;SAPATILHA KIDY SOFT AZUL;18 
027;SAPATILHA KIDY SOFT;0270550;SAPATILHA KIDY SOFT MARFIM;287 
027;SAPATILHA KIDY SOFT;0270550;SAPATILHA KIDY SOFT OURO;315 
027;SAPATILHA KIDY SOFT;0270550;SAPATILHA KIDY SOFT PRATA;297 
027;SAPATILHA KIDY SOFT;0270550;SAPATILHA KIDY SOFT ROSA;48 
027;SAPATILHA KIDY SOFT;0270551;SAPATILHA KIDY SOFT AZUL;24 
027;SAPATILHA KIDY SOFT;0270551;SAPATILHA KIDY SOFT BRANCO;874 
027;SAPATILHA KIDY SOFT;0270551;SAPATILHA KIDY SOFT NUDE;871 
027;SAPATILHA KIDY SOFT;0270551;SAPATILHA KIDY SOFT OURO;1.375 
027;SAPATILHA KIDY SOFT;0270551;SAPATILHA KIDY SOFT PRETO;887 
027;SAPATILHA KIDY SOFT;0270551;SAPATILHA KIDY SOFT ROSA;75 
027;SAPATILHA KIDY SOFT;0270553;SAPATILHA KIDY SOFT MARFIM/PRETO;143 
027;SAPATILHA KIDY SOFT;0270553;SAPATILHA KIDY SOFT NUDE/PRETO;12 
027;SAPATILHA KIDY SOFT;0270553;SAPATILHA KIDY SOFT OURO/PRETO;33 
027;SAPATILHA KIDY SOFT;0270553;SAPATILHA KIDY SOFT PRATA/PRETO;9 
027;SAPATILHA KIDY SOFT;0270553;SAPATILHA KIDY SOFT PRETO;318 
027;SAPATILHA KIDY SOFT;0270554;SAPATILHA KIDY SOFT BRANCO;711 
027;SAPATILHA KIDY SOFT;0270554;SAPATILHA KIDY SOFT MARFIM;1.169 
027;SAPATILHA KIDY SOFT;0270554;SAPATILHA KIDY SOFT NUDE;471 
027;SAPATILHA KIDY SOFT;0270554;SAPATILHA KIDY SOFT OURO;3.718 
027;SAPATILHA KIDY SOFT;0270554;SAPATILHA KIDY SOFT PRETO;1.551 
027;SAPATILHA KIDY SOFT;0270555;SAPATILHA KIDY SOFT BRANCO;581 
027;SAPATILHA KIDY SOFT;0270555;SAPATILHA KIDY SOFT MARFIM;1.261 
027;SAPATILHA KIDY SOFT;0270555;SAPATILHA KIDY SOFT NUDE;403 
027;SAPATILHA KIDY SOFT;0270555;SAPATILHA KIDY SOFT PESSEGO;81 
027;SAPATILHA KIDY SOFT;0270555;SAPATILHA KIDY SOFT PRETO;846 
027;SAPATILHA KIDY SOFT;0270556;SAPATILHA KIDY SOFT NUDE;312 
027;SAPATILHA KIDY SOFT;0270556;SAPATILHA KIDY SOFT OURO;401 
027;SAPATILHA KIDY SOFT;0270556;SAPATILHA KIDY SOFT PRATA;330 
027;SAPATILHA KIDY SOFT;0270556;SAPATILHA KIDY SOFT PRETO;1.581 
027;SAPATILHA KIDY SOFT;0270557;SAPATILHA KIDY SOFT BRANCO;2.545 
027;SAPATILHA KIDY SOFT;0270557;SAPATILHA KIDY SOFT NUDE;505 
027;SAPATILHA KIDY SOFT;0270557;SAPATILHA KIDY SOFT PEROLA;419 
027;SAPATILHA KIDY SOFT;0270557;SAPATILHA KIDY SOFT PRETO;4.649 
027;SAPATILHA KIDY SOFT;0270557;SAPATILHA KIDY SOFT VERMELHO;840 
027;SAPATILHA KIDY SOFT;0270558;SAPATILHA KIDY SOFT BRANCO;273 
027;SAPATILHA KIDY SOFT;0270558;SAPATILHA KIDY SOFT NUDE;252 
027;SAPATILHA KIDY SOFT;0270558;SAPATILHA KIDY SOFT PEROLA;402 
027;SAPATILHA KIDY SOFT;0270558;SAPATILHA KIDY SOFT PRETO;736 
027;SAPATILHA KIDY SOFT;0270559;SAPATILHA KIDY SOFT BRANCO;253 
027;SAPATILHA KIDY SOFT;0270559;SAPATILHA KIDY SOFT NUDE;30 
027;SAPATILHA KIDY SOFT;0270559;SAPATILHA KIDY SOFT OURO;240 
027;SAPATILHA KIDY SOFT;0270559;SAPATILHA KIDY SOFT PRATA;87 
027;SAPATILHA KIDY SOFT;0270559;SAPATILHA KIDY SOFT PRETO;153 
027;SAPATILHA KIDY SOFT;0270560;SAPATILHA KIDY SOFT OURO;648 
027;SAPATILHA KIDY SOFT;0270561;SAPATILHA KIDY SOFT BRANCO;369 
027;SAPATILHA KIDY SOFT;0270561;SAPATILHA KIDY SOFT MARFIM;426 
027;SAPATILHA KIDY SOFT;0270561;SAPATILHA KIDY SOFT NUDE;96 
027;SAPATILHA KIDY SOFT;0270561;SAPATILHA KIDY SOFT OURO;1.155 
027;SAPATILHA KIDY SOFT;0270561;SAPATILHA KIDY SOFT PRETO;1.284 
027;SAPATILHA KIDY SOFT;0270564;SAPATILHA KIDY SOFT JEANS/NUDE;12 
027;SAPATILHA KIDY SOFT;0270564;SAPATILHA KIDY SOFT JEANS/PRETO;12 
027;SAPATILHA KIDY SOFT;0270565;SAPATILHA KIDY SOFT BRANCO;680 
027;SAPATILHA KIDY SOFT;0270565;SAPATILHA KIDY SOFT NUDE;423 
027;SAPATILHA KIDY SOFT;0270565;SAPATILHA KIDY SOFT OURO;1.020 
027;SAPATILHA KIDY SOFT;0270565;SAPATILHA KIDY SOFT PRETO;1.147 
027;SAPATILHA KIDY SOFT;0270565;SAPATILHA KIDY SOFT ROSA;60 
027;SAPATILHA KIDY SOFT;0270566;SAPATILHA KIDY SOFT BRANCO;213 
027;SAPATILHA KIDY SOFT;0270566;SAPATILHA KIDY SOFT NUDE;595 
027;SAPATILHA KIDY SOFT;0270566;SAPATILHA KIDY SOFT OURO;234 
027;SAPATILHA KIDY SOFT;0270566;SAPATILHA KIDY SOFT PRETO;770 
027;SAPATILHA KIDY SOFT;0270566;SAPATILHA KIDY SOFT VERMELHO;237 
027;SAPATILHA KIDY SOFT;0270567;SAPATILHA KIDY SOFT PRETO/ONÇA;117 
027;SAPATILHA KIDY SOFT;0270568;SAPATILHA KIDY SOFT BRANCO;90 
027;SAPATILHA KIDY SOFT;0270568;SAPATILHA KIDY SOFT MARFIM;27 
027;SAPATILHA KIDY SOFT;0270568;SAPATILHA KIDY SOFT NUDE;51 
027;SAPATILHA KIDY SOFT;0270568;SAPATILHA KIDY SOFT OURO;6 
027;SAPATILHA KIDY SOFT;0270568;SAPATILHA KIDY SOFT PRETO;132 
027;SAPATILHA KIDY SOFT;0270571;SAPATILHA KIDY SOFT BRANCO;18 
027;SAPATILHA KIDY SOFT;0270571;SAPATILHA KIDY SOFT MARFIM;357 
027;SAPATILHA KIDY SOFT;0270571;SAPATILHA KIDY SOFT PRETO;36 
027;SAPATILHA KIDY SOFT;0270571;SAPATILHA KIDY SOFT ROSA;24 
027;SAPATILHA KIDY SOFT;0270572;SAPATILHA KIDY SOFT BRANCO;735 
027;SAPATILHA KIDY SOFT;0270572;SAPATILHA KIDY SOFT ROSA;84 
027;SAPATILHA KIDY SOFT;0270573;SAPATILHA KIDY SOFT OURO;165 
027;SAPATILHA KIDY SOFT;0270573;SAPATILHA KIDY SOFT PRATA;102 
027;SAPATILHA KIDY SOFT;0270573;SAPATILHA KIDY SOFT ROSA;9 
027;SAPATILHA KIDY SOFT;0270575;SAPATILHA KIDY SOFT BRANCO;51 
027;SAPATILHA KIDY SOFT;0270575;SAPATILHA KIDY SOFT MARFIM;66 
027;SAPATILHA KIDY SOFT;0270575;SAPATILHA KIDY SOFT NUDE;90 
027;SAPATILHA KIDY SOFT;0273000;BAILARINA KIDY SOFT OURO S.S.;12 
027;SAPATILHA KIDY SOFT;0273004;SAPATILHA KIDY SOFT S.S. LAVANDA;12 
028;BOTA KIDY LOVE FASHION;0280090;BOTA KIDY LOVE FASHION PRETO;12 
028;BOTA KIDY LOVE FASHION;0280091;BOTA KIDY LOVE FASHION CARAMELO;12 
028;BOTA KIDY LOVE FASHION;0280092;BOTA KIDY LOVE FASHION CAFÉ;12 
028;BOTA KIDY LOVE FASHION;0280093;BOTA KIDY LOVE FASHION PRETO;12 
028;BOTA KIDY LOVE FASHION;0280101;COTURNO KIDY LOVE FASHION AVELÃ;12 
028;BOTA KIDY LOVE FASHION;0280103;COTURNO KIDY LOVE FASHION PRETO;12 
028;BOTA KIDY LOVE FASHION;0280114;COTURNO KIDY LOVE FASHION CAMEL;24 
028;BOTA KIDY LOVE FASHION;0280114;COTURNO KIDY LOVE FASHION PRETO;2.053 
029;SANDÁLIA KIDY SUMMER;0291025;SANDALIA KIDY SUMMER LARANJA/PRETO;12 
030;BOTA KIDY LOVE GLAM;0300045;BOTA KIDY LOVE GLAM PRETO;12 
030;BOTA KIDY LOVE GLAM;0300049;BOTA KIDY LOVE GLAM CAMEL;12 
030;BOTA KIDY LOVE GLAM;0300082;BOTA KIDY LOVE GLAM PRETO;12 
030;BOTA KIDY LOVE GLAM;0300083;BOTA KIDY LOVE GLAM AVELÃ;12 
030;BOTA KIDY LOVE GLAM;0300084;BOTA KIDY LOVE GLAM MARFIM;0 
031;COTURNO KIDY MAX;0310050;COTURNO KIDY MAX MARINHO/MARROM;12 
031;COTURNO KIDY MAX;0310051;COTURNO KIDY MAX MARROM/LARANJA;12 
031;COTURNO KIDY MAX;0310052;COTURNO KIDY MAX VERDE MILITAR;24 
031;COTURNO KIDY MAX;0310054;COTURNO KIDY MAX CARAMELO/MARINHO;0 
031;COTURNO KIDY MAX;0310067;COTURNO KIDY MAX MARROM/MARINHO;12 
031;COTURNO KIDY MAX;0310069;COTURNO KIDY MAX PRETO/VERMELHO;12 
031;COTURNO KIDY MAX;0310070;COTURNO KIDY MAX CARAMELO/PRETO;12 
031;COTURNO KIDY MAX;0310074;COTURNO KIDY MAX CAMEL/MARROM;24 
031;COTURNO KIDY MAX;0310074;COTURNO KIDY MAX CASTANHO/MARROM;12 
031;COTURNO KIDY MAX;0310074;COTURNO KIDY MAX PRETO/VERMELHO;6 
031;COTURNO KIDY MAX;0310075;COTURNO KIDY MAX CARAMELO/PRETO;12 
031;COTURNO KIDY MAX;0310075;COTURNO KIDY MAX CONHAQUE;12 
031;COTURNO KIDY MAX;0310076;COTURNO KIDY MAX CARAMELO/PRETO;24 
031;COTURNO KIDY MAX;0310082;COTURNO KIDY MAX CAFE/PRETO;1.005 
031;COTURNO KIDY MAX;0310082;COTURNO KIDY MAX CARAMELO/MARINHO;434 
031;COTURNO KIDY MAX;0310082;COTURNO KIDY MAX MARINHO/CARAMELO;3.369 
031;COTURNO KIDY MAX;0310082;COTURNO KIDY MAX PRETO;1.015 
031;COTURNO KIDY MAX;0310083;COTURNO KIDY MAX CAFE/PRETO;2.977 
031;COTURNO KIDY MAX;0310083;COTURNO KIDY MAX CARAMELO/PRETO;1.913 
031;COTURNO KIDY MAX;0310083;COTURNO KIDY MAX CASTANHO/MARINHO;6.846 
031;COTURNO KIDY MAX;0310083;COTURNO KIDY MAX PRETO/CREPE;690 
031;COTURNO KIDY MAX;0310084;COTURNO KIDY MAX CARAMELO/CAFE;2.391 
031;COTURNO KIDY MAX;0310084;COTURNO KIDY MAX CASTANHO/MARINHO;210 
031;COTURNO KIDY MAX;0310084;COTURNO KIDY MAX MARINHO;99 
031;COTURNO KIDY MAX;0310084;COTURNO KIDY MAX PRETO/CASTANHO;2.018 
031;COTURNO KIDY MAX;0310085;COTURNO KIDY MAX CAFÉ/PRETO;2.847 
031;COTURNO KIDY MAX;0310085;COTURNO KIDY MAX CARAMELO/MARINHO;323 
031;COTURNO KIDY MAX;0310085;COTURNO KIDY MAX CASTANHO/MARROM;503 
031;COTURNO KIDY MAX;0310085;COTURNO KIDY MAX MARINHO/CAFE;126 
031;COTURNO KIDY MAX;0310086;COTURNO KIDY MAX CAFE/PRETO;129 
031;COTURNO KIDY MAX;0310086;COTURNO KIDY MAX CARAMELO/MARINHO;168 
031;COTURNO KIDY MAX;0310086;COTURNO KIDY MAX CASTANHO/MARROM;207 
031;COTURNO KIDY MAX;0310086;COTURNO KIDY MAX MARINHO/CAFE;309 
031;COTURNO KIDY MAX;0310086;COTURNO KIDY MAX PRETO/VERDE MILITAR;774 
031;COTURNO KIDY MAX;0310087;COTURNO KIDY MAX CAFE/PRETO;651 
031;COTURNO KIDY MAX;0310087;COTURNO KIDY MAX CARAMELO/PRETO;81 
031;COTURNO KIDY MAX;0310087;COTURNO KIDY MAX CASTANHO/MARROM;258 
031;COTURNO KIDY MAX;0310087;COTURNO KIDY MAX MARINHO/CAFE;102 
031;COTURNO KIDY MAX;0310088;COTURNO KIDY MAX CAFE;1.563 
031;COTURNO KIDY MAX;0310088;COTURNO KIDY MAX CANELA;543 
031;COTURNO KIDY MAX;0310088;COTURNO KIDY MAX MARROM;6.850 
031;COTURNO KIDY MAX;0310088;COTURNO KIDY MAX PRETO;431 
031;COTURNO KIDY MAX;0310090;COTURNO KIDY MAX CAFE;603 
031;COTURNO KIDY MAX;0310090;COTURNO KIDY MAX CARAMELO;4.279 
031;COTURNO KIDY MAX;0310090;COTURNO KIDY MAX MARINHO/MARROM;480 
031;COTURNO KIDY MAX;0310090;COTURNO KIDY MAX PRETO;1.098 
031;COTURNO KIDY MAX;0310090;COTURNO KIDY MAX VERDE MUSGO/PRETO;24 
031;COTURNO KIDY MAX;0310091;COTURNO KIDY MAX CAFE;591 
031;COTURNO KIDY MAX;0310091;COTURNO KIDY MAX GELO/MARINHO/CREPE;87 
031;COTURNO KIDY MAX;0310091;COTURNO KIDY MAX MARINHO;186 
031;COTURNO KIDY MAX;0310091;COTURNO KIDY MAX MARROM;507 
031;COTURNO KIDY MAX;0310091;COTURNO KIDY MAX PRETO;1.113 
031;COTURNO KIDY MAX;0310092;COTURNO KIDY MAX CANELA;491 
031;COTURNO KIDY MAX;0310092;COTURNO KIDY MAX CARAMELO;345 
031;COTURNO KIDY MAX;0310092;COTURNO KIDY MAX MARROM/MARINHO;1.074 
031;COTURNO KIDY MAX;0310092;COTURNO KIDY MAX PRETO;366 
031;COTURNO KIDY MAX;0310092;COTURNO KIDY MAX VERDE MUSGO/PRETO;9 
031;COTURNO KIDY MAX;0314077;COTURNO KIDY MAX PRETO;12 
035;TENIS KIDY LIGHT FUN;0350030;TENIS KIDY LIGHT FUN PRETO/AMARELO/VERMELHO;12 
035;TENIS KIDY LIGHT FUN;0350070;TENIS KIDY LIGHT FUN GRAFITE/AMARELO NEON;12 
035;TENIS KIDY LIGHT FUN;0350079;TENIS KIDY LIGHT FUN MARINHO/VERMELHO;144 
035;TENIS KIDY LIGHT FUN;0350079;TENIS KIDY LIGHT FUN PRETO/MARINHO/AZ.ROYAL;1.020 
035;TENIS KIDY LIGHT FUN;0350080;TENIS KIDY LIGHT FUN MARINHO/VERDE NEON;12 
035;TENIS KIDY LIGHT FUN;0350082;TENIS KIDY LIGHT FUN PRETO/AZUL/LARANJA;12 
035;TENIS KIDY LIGHT FUN;0350083;TENIS KIDY LIGHT FUN GRAFITE/PRETO/AMARELO NEON;12 
035;TENIS KIDY LIGHT FUN;0350083;TENIS KIDY LIGHT FUN MARINHO/VERMELHO;9 
035;TENIS KIDY LIGHT FUN;0350083;TENIS KIDY LIGHT FUN PRETO/LARANJA/PRATA;876 
035;TENIS KIDY LIGHT FUN;0350084;TENIS KIDY LIGHT FUN MARINHO/AMARELO NEON;141 
035;TENIS KIDY LIGHT FUN;0350085;TENIS KIDY LIGHT FUN MARINHO/LARANJA NEON;24 
035;TENIS KIDY LIGHT FUN;0350087;TENIS KIDY LIGHT FUN MARINHO/VERMELHO;96 
035;TENIS KIDY LIGHT FUN;0350087;TENIS KIDY LIGHT FUN PRETO/AMARELO NEON;147 
035;TENIS KIDY LIGHT FUN;0350087;TENIS KIDY LIGHT FUN PRETO/AZUL ROYAL;102 
035;TENIS KIDY LIGHT FUN;0350088;TENIS KIDY LIGHT FUN MARINHO/AMARELO NEON;3.262 
035;TENIS KIDY LIGHT FUN;0350088;TENIS KIDY LIGHT FUN MARINHO/AZUL ROYAL/LIMA;228 
035;TENIS KIDY LIGHT FUN;0350088;TENIS KIDY LIGHT FUN PRETO/LARANJA NEON;595 
035;TENIS KIDY LIGHT FUN;0350089;TENIS KIDY LIGHT FUN PRETO/AZUL/AMARELO NEON;561 
035;TENIS KIDY LIGHT FUN;0350089;TENIS KIDY LIGHT FUN PRETO/BRANCO/AZUL;81 
035;TENIS KIDY LIGHT FUN;0350089;TENIS KIDY LIGHT FUN PRETO/GRAFITE/VERMELHO;117 
035;TENIS KIDY LIGHT FUN;0350090;TENIS KIDY LIGHT FUN MARINHO/LARANJA NEON;420 
035;TENIS KIDY LIGHT FUN;0350090;TENIS KIDY LIGHT FUN PRETO/AMARELO NEON;130 
035;TENIS KIDY LIGHT FUN;0350090;TENIS KIDY LIGHT FUN PRETO/AZUL/LARANJA;1.171 
035;TENIS KIDY LIGHT FUN;0350091;TENIS KIDY LIGHT FUN AZUL ROYAL/MARINHO;27 
035;TENIS KIDY LIGHT FUN;0350091;TENIS KIDY LIGHT FUN MARINHO/VERMELHO;105 
035;TENIS KIDY LIGHT FUN;0350091;TENIS KIDY LIGHT FUN PRETO/AZUL/AMARELO NEON;114 
035;TENIS KIDY LIGHT FUN;0350092;TENIS KIDY LIGHT FUN MARINHO/LARANJA;471 
035;TENIS KIDY LIGHT FUN;0350092;TENIS KIDY LIGHT FUN PRETO/LARANJA;1.472 
035;TENIS KIDY LIGHT FUN;0350093;TENIS KIDY LIGHT FUN MARINHO/VERMELHO;4.496 
035;TENIS KIDY LIGHT FUN;0350093;TENIS KIDY LIGHT FUN PRETO/VERMELHO;549 
035;TENIS KIDY LIGHT FUN;0350094;TENIS KIDY LIGHT FUN MARINHO;119 
035;TENIS KIDY LIGHT FUN;0350094;TENIS KIDY LIGHT FUN PRETO;24 
035;TENIS KIDY LIGHT FUN;0350095;TENIS KIDY LIGHT FUN AZUL ROYAL/MARINHO/AMARELO;999 
035;TENIS KIDY LIGHT FUN;0350095;TENIS KIDY LIGHT FUN GRAFITE/AZUL;24 
035;TENIS KIDY LIGHT FUN;0350095;TENIS KIDY LIGHT FUN MARINHO;15 
035;TENIS KIDY LIGHT FUN;0350095;TENIS KIDY LIGHT FUN MARINHO/AZUL;81 
035;TENIS KIDY LIGHT FUN;0350095;TENIS KIDY LIGHT FUN MARINHO/CINZA/VERDE;6.666 
035;TENIS KIDY LIGHT FUN;0350095;TENIS KIDY LIGHT FUN PRETO/GRAFITE/AMARELO NEON;3.284 
035;TENIS KIDY LIGHT FUN;0350095;TENIS KIDY LIGHT FUN PRETO/VERMELHO;42 
035;TENIS KIDY LIGHT FUN;0350096;TENIS KIDY LIGHT FUN MARINHO/AZUL ROYAL;190 
035;TENIS KIDY LIGHT FUN;0350096;TENIS KIDY LIGHT FUN MARINHO/VERMELHO;480 
035;TENIS KIDY LIGHT FUN;0350096;TENIS KIDY LIGHT FUN PRETO/GELO/LARANJA;126 
035;TENIS KIDY LIGHT FUN;0350096;TENIS KIDY LIGHT FUN PRETO/GRAFITE;995 
035;TENIS KIDY LIGHT FUN;0350097;TENIS KIDY LIGHT FUN GRAFITE/PRETO/AMARELO;234 
035;TENIS KIDY LIGHT FUN;0350097;TENIS KIDY LIGHT FUN MARINHO/LARANJA;499 
035;TENIS KIDY LIGHT FUN;0350097;TENIS KIDY LIGHT FUN MARINHO/VERDE;2.244 
035;TENIS KIDY LIGHT FUN;0350097;TENIS KIDY LIGHT FUN PRETO/VERMELHO;3.126 
035;TENIS KIDY LIGHT FUN;0350098;TENIS KIDY LIGHT FUN MARINHO/AZUL ROYAL/AMARELO NEON;952 
035;TENIS KIDY LIGHT FUN;0350098;TENIS KIDY LIGHT FUN MARINHO/LARANJA NEON;1.425 
035;TENIS KIDY LIGHT FUN;0350098;TENIS KIDY LIGHT FUN PRETO/AZUL/AMARELO;1.262 
035;TENIS KIDY LIGHT FUN;0350098;TENIS KIDY LIGHT FUN PRETO/GRAFITE;3.326 
035;TENIS KIDY LIGHT FUN;0350099;TENIS KIDY LIGHT FUN MARINHO/VERMELHO;1.230 
035;TENIS KIDY LIGHT FUN;0350099;TENIS KIDY LIGHT FUN PRETO/VERMELHO;204 
035;TENIS KIDY LIGHT FUN;0350100;TENIS KIDY LIGHT FUN MARINHO/AZUL;825 
035;TENIS KIDY LIGHT FUN;0350100;TENIS KIDY LIGHT FUN MARINHO/AZUL ROYAL/AMARELO NEON;96 
035;TENIS KIDY LIGHT FUN;0350100;TENIS KIDY LIGHT FUN PRETO/VERDE MUSGO;135 
035;TENIS KIDY LIGHT FUN;0350100;TENIS KIDY LIGHT FUN PRETO/VERMELHO;303 
035;TENIS KIDY LIGHT FUN;0350101;TENIS KIDY LIGHT FUN MARINHO/AZUL ROYAL;117 
035;TENIS KIDY LIGHT FUN;0350101;TENIS KIDY LIGHT FUN PRETO/GRAFITE/LARANJA NEON;57 
035;TENIS KIDY LIGHT FUN;0350101;TENIS KIDY LIGHT FUN PRETO/VERDE/LARANJA;795 
035;TENIS KIDY LIGHT FUN;0350101;TENIS KIDY LIGHT FUN PRETO/VERMELHO;48 
035;TENIS KIDY LIGHT FUN;0350104;TENIS KIDY LIGHT FUN CINZA/MARINHO;24 
035;TENIS KIDY LIGHT FUN;0350104;TENIS KIDY LIGHT FUN GRAFITE/PRETO/LARANJA NEON;108 
035;TENIS KIDY LIGHT FUN;0350104;TENIS KIDY LIGHT FUN MARINHO/LRNJA NEON/PRATA;795 
035;TENIS KIDY LIGHT FUN;0350104;TENIS KIDY LIGHT FUN PRETO/AMARELO NEON;66 
035;TENIS KIDY LIGHT FUN;0350105;TENIS KIDY LIGHT FUN MARINHO/AMARELO NEON;33 
035;TENIS KIDY LIGHT FUN;0350105;TENIS KIDY LIGHT FUN MARINHO/GRAFITE;12 
035;TENIS KIDY LIGHT FUN;0350105;TENIS KIDY LIGHT FUN MARINHO/GRAFITE/VERDE;48 
035;TENIS KIDY LIGHT FUN;0350105;TENIS KIDY LIGHT FUN PRETO/LARANJA NEON;12 
035;TENIS KIDY LIGHT FUN;0350106;TENIS KIDY LIGHT FUN AZUL ROYAL/AMARL.NEON;0 
035;TENIS KIDY LIGHT FUN;0350106;TENIS KIDY LIGHT FUN MARINHO/LARANJA;120 
035;TENIS KIDY LIGHT FUN;0350106;TENIS KIDY LIGHT FUN PRETO/GRAFITE/VERMELHO;90 
035;TENIS KIDY LIGHT FUN;0350107;TENIS KIDY LIGHT FUN MARINHO;204 
035;TENIS KIDY LIGHT FUN;0350107;TENIS KIDY LIGHT FUN MARINHO/LARANJA;566 
035;TENIS KIDY LIGHT FUN;0350107;TENIS KIDY LIGHT FUN PRETO;271 
035;TENIS KIDY LIGHT FUN;0350107;TENIS KIDY LIGHT FUN PRETO/GRAFITE/VERMELHO;15 
035;TENIS KIDY LIGHT FUN;0350108;TENIS KIDY LIGHT FUN MARINHO/AZUL;219 
035;TENIS KIDY LIGHT FUN;0350108;TENIS KIDY LIGHT FUN MARINHO/AZUL ROYAL/AMARELO NEON;33 
035;TENIS KIDY LIGHT FUN;0350108;TENIS KIDY LIGHT FUN MARINHO/CINZA/VERDE;128 
035;TENIS KIDY LIGHT FUN;0350108;TENIS KIDY LIGHT FUN PRETO/VERMELHO;129 
035;TENIS KIDY LIGHT FUN;0350109;TENIS KIDY LIGHT FUN AZUL/VERMELHO;123 
035;TENIS KIDY LIGHT FUN;0350109;TENIS KIDY LIGHT FUN MARINHO/VERMELHO;168 
035;TENIS KIDY LIGHT FUN;0350109;TENIS KIDY LIGHT FUN PRETO;432 
035;TENIS KIDY LIGHT FUN;0350109;TENIS KIDY LIGHT FUN PRETO/VERMELHO;537 
035;TENIS KIDY LIGHT FUN;0351064;TENIS KIDY LIGHT FUN NUDE/PINK NEON;1.044 
035;TENIS KIDY LIGHT FUN;0351064;TENIS KIDY LIGHT FUN PINK/ANIS;24 
035;TENIS KIDY LIGHT FUN;0351079;TENIS KIDY LIGHT FUN MARINHO/PINK NEON/AZUL NIKE;192 
035;TENIS KIDY LIGHT FUN;0351079;TENIS KIDY LIGHT FUN NUDE/PINK;396 
035;TENIS KIDY LIGHT FUN;0351083;TENIS KIDY LIGHT FUN BRANCO/LILAS/PINK;9 
035;TENIS KIDY LIGHT FUN;0351084;TENIS KIDY LIGHT FUN AZUL/PINK;12 
035;TENIS KIDY LIGHT FUN;0351085;TENIS KIDY LIGHT FUN MARINHO/PINK;12 
035;TENIS KIDY LIGHT FUN;0351087;TENIS KIDY LIGHT FUN AZUL/ROSA;36 
035;TENIS KIDY LIGHT FUN;0351087;TENIS KIDY LIGHT FUN MARINHO/ACQUA/PINK;129 
035;TENIS KIDY LIGHT FUN;0351087;TENIS KIDY LIGHT FUN PRETO/PINK;75 
035;TENIS KIDY LIGHT FUN;0351088;TENIS KIDY LIGHT FUN AZALEIA;930 
035;TENIS KIDY LIGHT FUN;0351088;TENIS KIDY LIGHT FUN AZUL/ROSA;92 
035;TENIS KIDY LIGHT FUN;0351088;TENIS KIDY LIGHT FUN BRANCO/PINK NEON;213 
035;TENIS KIDY LIGHT FUN;0351089;TENIS KIDY LIGHT FUN BLUSH/ROSA CHICLETE;704 
035;TENIS KIDY LIGHT FUN;0351089;TENIS KIDY LIGHT FUN BRANCO/ROSA;3.024 
035;TENIS KIDY LIGHT FUN;0351089;TENIS KIDY LIGHT FUN PRETO/PINK NEON;1.108 
035;TENIS KIDY LIGHT FUN;0351090;TENIS KIDY LIGHT FUN AZALEIA/JEANS;267 
035;TENIS KIDY LIGHT FUN;0351090;TENIS KIDY LIGHT FUN MARINHO/PINK/ACQUA;157 
035;TENIS KIDY LIGHT FUN;0351090;TENIS KIDY LIGHT FUN PRETO/ACQUA/PINK;593 
035;TENIS KIDY LIGHT FUN;0351091;TENIS KIDY LIGHT FUN AZUL/PINK;30 
035;TENIS KIDY LIGHT FUN;0351091;TENIS KIDY LIGHT FUN CINZA/LILAS/PINK;30 
035;TENIS KIDY LIGHT FUN;0351091;TENIS KIDY LIGHT FUN MARINHO/ROSA;105 
035;TENIS KIDY LIGHT FUN;0351092;TENIS KIDY LIGHT FUN OURO/COLORIDO;38 
035;TENIS KIDY LIGHT FUN;0351092;TENIS KIDY LIGHT FUN PRATA/COLORIDO;840 
035;TENIS KIDY LIGHT FUN;0351093;TENIS KIDY LIGHT FUN MARINHO;498 
035;TENIS KIDY LIGHT FUN;0351093;TENIS KIDY LIGHT FUN NUDE;993 
035;TENIS KIDY LIGHT FUN;0351093;TENIS KIDY LIGHT FUN PRETO;2.751 
035;TENIS KIDY LIGHT FUN;0351094;TENIS KIDY LIGHT FUN NUDE;747 
035;TENIS KIDY LIGHT FUN;0351094;TENIS KIDY LIGHT FUN PRETO;1.434 
035;TENIS KIDY LIGHT FUN;0351094;TENIS KIDY LIGHT FUN ROSA/LILAS;2.924 
035;TENIS KIDY LIGHT FUN;0351095;TENIS KIDY LIGHT FUN NUDE;12 
035;TENIS KIDY LIGHT FUN;0351095;TENIS KIDY LIGHT FUN PRATA;999 
035;TENIS KIDY LIGHT FUN;0351095;TENIS KIDY LIGHT FUN PRETO;36 
035;TENIS KIDY LIGHT FUN;0351095;TENIS KIDY LIGHT FUN PRETO/ROSA;135 
035;TENIS KIDY LIGHT FUN;0351096;TENIS KIDY LIGHT FUN NUDE;93 
035;TENIS KIDY LIGHT FUN;0351096;TENIS KIDY LIGHT FUN PRATA;672 
035;TENIS KIDY LIGHT FUN;0351096;TENIS KIDY LIGHT FUN PRETO;30 
035;TENIS KIDY LIGHT FUN;0351096;TENIS KIDY LIGHT FUN PRETO/ROSA;33 
035;TENIS KIDY LIGHT FUN;0351097;TENIS KIDY LIGHT FUN BLUSH/ROSA CHICLETE;174 
035;TENIS KIDY LIGHT FUN;0351097;TENIS KIDY LIGHT FUN BRANCO/ROSA;414 
035;TENIS KIDY LIGHT FUN;0351097;TENIS KIDY LIGHT FUN PRETO/PINK NEON;177 
035;TENIS KIDY LIGHT FUN;0351098;TENIS KIDY LIGHT FUN NUDE;1.025 
035;TENIS KIDY LIGHT FUN;0351098;TENIS KIDY LIGHT FUN PRETO;2.043 
035;TENIS KIDY LIGHT FUN;0351098;TENIS KIDY LIGHT FUN ROSA/LILAS;4.482 
035;TENIS KIDY LIGHT FUN;0351099;TENIS KIDY LIGHT FUN BRANCO;1.317 
035;TENIS KIDY LIGHT FUN;0351099;TENIS KIDY LIGHT FUN NUDE;780 
035;TENIS KIDY LIGHT FUN;0351099;TENIS KIDY LIGHT FUN PRATA/ROSA;78 
035;TENIS KIDY LIGHT FUN;0351100;TENIS KIDY LIGHT FUN NUDE;746 
035;TENIS KIDY LIGHT FUN;0351100;TENIS KIDY LIGHT FUN OURO;101 
035;TENIS KIDY LIGHT FUN;0351100;TENIS KIDY LIGHT FUN PRETO;231 
035;TENIS KIDY LIGHT FUN;0351101;TENIS KIDY LIGHT FUN BRANCO/NUDE;15 
035;TENIS KIDY LIGHT FUN;0351101;TENIS KIDY LIGHT FUN BRANCO/NUDE/LAVANDA;33 
035;TENIS KIDY LIGHT FUN;0351101;TENIS KIDY LIGHT FUN MARINHO;144 
035;TENIS KIDY LIGHT FUN;0351101;TENIS KIDY LIGHT FUN NUDE;141 
035;TENIS KIDY LIGHT FUN;0351101;TENIS KIDY LIGHT FUN PRETO;123 
035;TENIS KIDY LIGHT FUN;0351102;TENIS KIDY LIGHT FUN AZUL BEBE;24 
035;TENIS KIDY LIGHT FUN;0351102;TENIS KIDY LIGHT FUN BRANCO;99 
035;TENIS KIDY LIGHT FUN;0351102;TENIS KIDY LIGHT FUN MARFIM;36 
035;TENIS KIDY LIGHT FUN;0351102;TENIS KIDY LIGHT FUN NUDE;63 
035;TENIS KIDY LIGHT FUN;0351103;TENIS KIDY LIGHT FUN BRANCO;120 
035;TENIS KIDY LIGHT FUN;0351103;TENIS KIDY LIGHT FUN NUDE;849 
035;TENIS KIDY LIGHT FUN;0351103;TENIS KIDY LIGHT FUN PINK;69 
035;TENIS KIDY LIGHT FUN;0351104;TENIS KIDY LIGHT FUN BRANCO/OURO;72 
035;TENIS KIDY LIGHT FUN;0351104;TENIS KIDY LIGHT FUN BRANCO/PRATA/ROSA;72 
035;TENIS KIDY LIGHT FUN;0351104;TENIS KIDY LIGHT FUN PRETO;672 
035;TENIS KIDY LIGHT FUN;0351104;TENIS KIDY LIGHT FUN ROSA;60 
035;TENIS KIDY LIGHT FUN;0351105;TENIS KIDY LIGHT FUN COLORIDO;30 
035;TENIS KIDY LIGHT FUN;0351105;TENIS KIDY LIGHT FUN NUDE;309 
035;TENIS KIDY LIGHT FUN;0351105;TENIS KIDY LIGHT FUN OURO;309 
035;TENIS KIDY LIGHT FUN;0351105;TENIS KIDY LIGHT FUN PRATA;153 
035;TENIS KIDY LIGHT FUN;0351105;TENIS KIDY LIGHT FUN PRETO;210 
035;TENIS KIDY LIGHT FUN;0351106;TENIS KIDY LIGHT FUN LILÁS;183 
035;TENIS KIDY LIGHT FUN;0351106;TENIS KIDY LIGHT FUN MARFIM;15 
035;TENIS KIDY LIGHT FUN;0351106;TENIS KIDY LIGHT FUN ROSA/BRANCO;144 
035;TENIS KIDY LIGHT FUN;0354002;TENIS KIDY LIGHT FUN CINZA/COLORIDO;2.568 
035;TENIS KIDY LIGHT FUN;0354502;TENIS KIDY LIGHT FUN PINK/COLORIDO;2.409 
036;BOTA KIDY MONTARIA BABY;0360020;BOTA KIDY MONTARIA BABY CAFÉ;12 
036;BOTA KIDY MONTARIA BABY;0360021;BOTA KIDY MONTARIA BABY CAMEL;12 
036;BOTA KIDY MONTARIA BABY;0360022;BOTA KIDY MONTARIA BABY PRETO;12 
036;BOTA KIDY MONTARIA BABY;0360025;BOTA KIDY MONTARIA BABY CAMEL;12 
036;BOTA KIDY MONTARIA BABY;0360026;BOTA KIDY MONTARIA BABY PÉROLA;12 
036;BOTA KIDY MONTARIA BABY;0360033;BOTA KIDY MONTARIA BABY PRETO;11 
036;BOTA KIDY MONTARIA BABY;0360035;BOTA KIDY MONTARIA BABY AVELÃ;12 
036;BOTA KIDY MONTARIA BABY;0360036;BOTA KIDY MONTARIA BABY NUDE;12 
036;BOTA KIDY MONTARIA BABY;0360038;BOTA KIDY MONTARIA BABY CAFE;12 
036;BOTA KIDY MONTARIA BABY;0360040;BOTA KIDY MONTARIA BABY CAMEL;12 
036;BOTA KIDY MONTARIA BABY;0360042;BOTA KIDY MONTARIA BABY AVELA;1.022 
036;BOTA KIDY MONTARIA BABY;0360042;BOTA KIDY MONTARIA BABY CAMEL;3.499 
036;BOTA KIDY MONTARIA BABY;0360042;BOTA KIDY MONTARIA BABY NUDE;588 
036;BOTA KIDY MONTARIA BABY;0360042;BOTA KIDY MONTARIA BABY PRETO;2.541 
036;BOTA KIDY MONTARIA BABY;0360043;BOTA KIDY MONTARIA BABY AVELA;36 
036;BOTA KIDY MONTARIA BABY;0360043;BOTA KIDY MONTARIA BABY CAMEL;111 
036;BOTA KIDY MONTARIA BABY;0360043;BOTA KIDY MONTARIA BABY PRETO;551 
036;BOTA KIDY MONTARIA BABY;0360044;BOTA KIDY MONTARIA BABY AVELA;255 
036;BOTA KIDY MONTARIA BABY;0360044;BOTA KIDY MONTARIA BABY NUDE;899 
036;BOTA KIDY MONTARIA BABY;0360044;BOTA KIDY MONTARIA BABY OURO;21 
036;BOTA KIDY MONTARIA BABY;0360044;BOTA KIDY MONTARIA BABY PRETO;342 
036;BOTA KIDY MONTARIA BABY;0360045;BOTA KIDY MONTARIA BABY AVELÂ;600 
036;BOTA KIDY MONTARIA BABY;0360045;BOTA KIDY MONTARIA BABY CAMEL;183 
036;BOTA KIDY MONTARIA BABY;0360045;BOTA KIDY MONTARIA BABY PRETO;994 
036;BOTA KIDY MONTARIA BABY;0360046;BOTA KIDY MONTARIA BABY AVELA;1.422 
036;BOTA KIDY MONTARIA BABY;0360046;BOTA KIDY MONTARIA BABY NUDE;564 
036;BOTA KIDY MONTARIA BABY;0360046;BOTA KIDY MONTARIA BABY PRETO;1.194 
036;BOTA KIDY MONTARIA BABY;0360047;BOTA KIDY MONTARIA BABY AVELA;54 
036;BOTA KIDY MONTARIA BABY;0360047;BOTA KIDY MONTARIA BABY NUDE;117 
036;BOTA KIDY MONTARIA BABY;0360047;BOTA KIDY MONTARIA BABY PRETO;183 
036;BOTA KIDY MONTARIA BABY;0360048;BOTA KIDY MONTARIA BABY AVELA;704 
036;BOTA KIDY MONTARIA BABY;0360048;BOTA KIDY MONTARIA BABY NUDE;264 
036;BOTA KIDY MONTARIA BABY;0360048;BOTA KIDY MONTARIA BABY PRETO;294 
036;BOTA KIDY MONTARIA BABY;0360050;BOTA KIDY MONTARIA BABY AVELA;765 
036;BOTA KIDY MONTARIA BABY;0360050;BOTA KIDY MONTARIA BABY NUDE;444 
036;BOTA KIDY MONTARIA BABY;0360050;BOTA KIDY MONTARIA BABY PRETO;3.459 
036;BOTA KIDY MONTARIA BABY;0360051;BOTA KIDY MONTARIA BABY BEGE;948 
036;BOTA KIDY MONTARIA BABY;0360051;BOTA KIDY MONTARIA BABY PRETO;228 
036;BOTA KIDY MONTARIA BABY;0360051;BOTA KIDY MONTARIA BABY ROSA;261 
036;BOTA KIDY MONTARIA BABY;0360052;BOTA KIDY MONTARIA BABY BEGE;129 
036;BOTA KIDY MONTARIA BABY;0360052;BOTA KIDY MONTARIA BABY CANELA;1.026 
036;BOTA KIDY MONTARIA BABY;0360052;BOTA KIDY MONTARIA BABY PRETO;399 
036;BOTA KIDY MONTARIA BABY;0360056;BOTA KIDY MONTARIA BABY BEGE;36 
036;BOTA KIDY MONTARIA BABY;0360056;BOTA KIDY MONTARIA BABY CAMEL;72 
036;BOTA KIDY MONTARIA BABY;0360056;BOTA KIDY MONTARIA BABY PRETO;33 
037;TENIS K-360 ENERGY RESPI-TEC;0370020;TENIS KIDY ENERGY RESPITEC PRETO/AMARELO NEON;12 
037;TENIS K-360 ENERGY RESPI-TEC;0370028;TENIS KIDY ENERGY RESPITEC PRETO/AZUL ROYAL;12 
037;TENIS K-360 ENERGY RESPI-TEC;0370035;TENIS KIDY ENERGY RESPITEC MARINHO/LRNJA NEON/AZUL;12 
037;TENIS K-360 ENERGY RESPI-TEC;0370056;TENIS K360 ENERGY RESPITEC PRETO/BRANCO;12 
037;TENIS K-360 ENERGY RESPI-TEC;0370058;TENIS KIDY ENERGY RESPITEC MARINHO;12 
037;TENIS K-360 ENERGY RESPI-TEC;0370059;TENIS KIDY ENERGY RESPITEC PRETO;12 
037;TENIS K-360 ENERGY RESPI-TEC;0370064;TENIS KIDY ENERGY RESPITEC PRETO/ANIS/LARANJA NEON;12 
037;TENIS K-360 ENERGY RESPI-TEC;0370083;TENIS K360 ENERGY RESPITEC MARINHO/AMARELO NEON;840 
037;TENIS K-360 ENERGY RESPI-TEC;0370083;TENIS K360 ENERGY RESPITEC MARINHO/VERMELHO;144 
037;TENIS K-360 ENERGY RESPI-TEC;0370090;TENIS K360 ENERGY RESPITEC MARINHO;147 
037;TENIS K-360 ENERGY RESPI-TEC;0370090;TENIS K360 ENERGY RESPITEC MARINHO/AMARELO;192 
037;TENIS K-360 ENERGY RESPI-TEC;0370090;TENIS K360 ENERGY RESPITEC MARINHO/LARANJA NEON;57 
037;TENIS K-360 ENERGY RESPI-TEC;0370090;TENIS K360 ENERGY RESPITEC PRETO;165 
037;TENIS K-360 ENERGY RESPI-TEC;0370090;TENIS K360 ENERGY RESPITEC PRETO/AZUL/VERMELHO;642 
037;TENIS K-360 ENERGY RESPI-TEC;0370090;TENIS K360 ENERGY RESPITEC PRETO/VERMELHO;933 
037;TENIS K-360 ENERGY RESPI-TEC;0370091;TENIS K360 ENERGY RESPITEC MARINHO/AMARELO NEON;546 
037;TENIS K-360 ENERGY RESPI-TEC;0370091;TENIS K360 ENERGY RESPITEC MARINHO/VERMELHO;468 
037;TENIS K-360 ENERGY RESPI-TEC;0370107;TENIS K360 ENERGY RESPITEC PRETO;108 
037;TENIS K-360 ENERGY RESPI-TEC;0370120;TENIS K360 ENERGY RESPITEC MARINHO/PRETO/VERMELHO;84 
037;TENIS K-360 ENERGY RESPI-TEC;0370121;TENIS K360 ENERGY RESPITEC MARINHO/CINZA/AMARELO NEON;408 
037;TENIS K-360 ENERGY RESPI-TEC;0370121;TENIS K360 ENERGY RESPITEC PRETO/DOURADO;306 
037;TENIS K-360 ENERGY RESPI-TEC;0370122;TENIS KIDY ENERGY RESPITEC MARINHO/AZUL ROYAL/AMARELO;12 
037;TENIS K-360 ENERGY RESPI-TEC;0370123;TENIS KIDY ENERGY RESPITEC GRAFITE/PRETO/AZUL ROYAL;12 
037;TENIS K-360 ENERGY RESPI-TEC;0370124;TENIS K360 ENERGY RESPITEC MARINHO/AMARELO NEON;24 
037;TENIS K-360 ENERGY RESPI-TEC;0370124;TENIS K360 ENERGY RESPITEC PRETO/VERMELHO;528 
037;TENIS K-360 ENERGY RESPI-TEC;0370125;TENIS K360 ENERGY RESPITEC GRAFITE/PRETO/LARANJA NEON;42 
037;TENIS K-360 ENERGY RESPI-TEC;0370125;TENIS K360 ENERGY RESPITEC MARINHO/AMARELO NEON;357 
037;TENIS K-360 ENERGY RESPI-TEC;0370125;TENIS K360 ENERGY RESPITEC MARINHO/AZUL;366 
037;TENIS K-360 ENERGY RESPI-TEC;0370125;TENIS K360 ENERGY RESPITEC PRETO;234 
037;TENIS K-360 ENERGY RESPI-TEC;0370125;TENIS K360 ENERGY RESPITEC PRETO/LARANJA NEON;438 
037;TENIS K-360 ENERGY RESPI-TEC;0370125;TENIS K360 ENERGY RESPITEC PRETO/VERMELHO;144 
037;TENIS K-360 ENERGY RESPI-TEC;0370127;TENIS K360 ENERGY RESPITEC PRETO/GRAFITE/LAR NEON;12 
037;TENIS K-360 ENERGY RESPI-TEC;0370136;TENIS K360 ENERGY RESPITEC GRAFITE/PRETO/AMARELO NEON;21 
037;TENIS K-360 ENERGY RESPI-TEC;0370136;TENIS K360 ENERGY RESPITEC MARINHO/AMARELO NEON;684 
037;TENIS K-360 ENERGY RESPI-TEC;0370136;TENIS K360 ENERGY RESPITEC MARINHO/VERMELHO;420 
037;TENIS K-360 ENERGY RESPI-TEC;0370136;TENIS K360 ENERGY RESPITEC PRETO/VERMELHO;1.302 
037;TENIS K-360 ENERGY RESPI-TEC;0370137;TENIS K360 ENERGY RESPITEC PRETO/AZUL;48 
037;TENIS K-360 ENERGY RESPI-TEC;0370137;TENIS K360 ENERGY RESPITEC PRETO/GRAFITE/VERMELHO;24 
037;TENIS K-360 ENERGY RESPI-TEC;0370137;TENIS K360 ENERGY RESPITEC PRETO/LARANJA NEON;336 
037;TENIS K-360 ENERGY RESPI-TEC;0370138;TENIS K360 ENERGY RESPITEC PRETO/VERMELHO;12 
037;TENIS K-360 ENERGY RESPI-TEC;0370139;TENIS K360 ENERGY RESPITEC PRETO/GRAFITE;12 
037;TENIS K-360 ENERGY RESPI-TEC;0370140;TENIS K360 ENERGY RESPITEC MARINHO/AMARELO NEON;12 
037;TENIS K-360 ENERGY RESPI-TEC;0370140;TENIS K360 ENERGY RESPITEC PRETO/AMARELO/VERMELHO;9 
037;TENIS K-360 ENERGY RESPI-TEC;0370142;TENIS K360 ENERGY RESPITEC MARINHO/VERMELHO;21 
037;TENIS K-360 ENERGY RESPI-TEC;0370142;TENIS K360 ENERGY RESPITEC PRETO;852 
037;TENIS K-360 ENERGY RESPI-TEC;0370142;TENIS K360 ENERGY RESPITEC PRETO/AMARELO NEON;54 
037;TENIS K-360 ENERGY RESPI-TEC;0370143;TENIS K360 ENERGY RESPITEC PRETO/AMARELO NEON;12 
037;TENIS K-360 ENERGY RESPI-TEC;0370151;TENIS K360 ENERGY RESPI-TEC AZUL ROYAL/LARANJA NEON;54 
037;TENIS K-360 ENERGY RESPI-TEC;0370151;TENIS K360 ENERGY RESPI-TEC GRAFITE/PRETO/VERMELHO;93 
037;TENIS K-360 ENERGY RESPI-TEC;0370151;TENIS K360 ENERGY RESPI-TEC MARINHO/AMARELO NEON;3.921 
037;TENIS K-360 ENERGY RESPI-TEC;0370151;TENIS K360 ENERGY RESPI-TEC MARINHO/LARANJA NEON;408 
037;TENIS K-360 ENERGY RESPI-TEC;0370151;TENIS K360 ENERGY RESPI-TEC PRETO/AMARELO NEON;3.072 
037;TENIS K-360 ENERGY RESPI-TEC;0370151;TENIS K360 ENERGY RESPI-TEC PRETO/VERMELHO;705 
037;TENIS K-360 ENERGY RESPI-TEC;0370152;TENIS K360 ENERGY IMPULSO GRAFITE/PRETO/VERMELHO;108 
037;TENIS K-360 ENERGY RESPI-TEC;0370152;TENIS K360 ENERGY IMPULSO MARINHO/CINZA/LARANJA;412 
037;TENIS K-360 ENERGY RESPI-TEC;0370152;TENIS K360 ENERGY IMPULSO MARINHO/LARANJA NEON/AZUL;66 
037;TENIS K-360 ENERGY RESPI-TEC;0370152;TENIS K360 ENERGY IMPULSO MARINHO/VERMELHO;689 
037;TENIS K-360 ENERGY RESPI-TEC;0370152;TENIS K360 ENERGY IMPULSO PRETO/AMARELO/VERMELHO;87 
037;TENIS K-360 ENERGY RESPI-TEC;0370152;TENIS K360 ENERGY IMPULSO PRETO/LARANJA;1.063 
037;TENIS K-360 ENERGY RESPI-TEC;0370153;TENIS K360 ENERGY RESPI-TEC GRAFITE/LARANJA NEON;642 
037;TENIS K-360 ENERGY RESPI-TEC;0370153;TENIS K360 ENERGY RESPI-TEC GRAFITE/PRETO;78 
037;TENIS K-360 ENERGY RESPI-TEC;0370153;TENIS K360 ENERGY RESPI-TEC MARINHO/AMARELO NEON;4.122 
037;TENIS K-360 ENERGY RESPI-TEC;0370153;TENIS K360 ENERGY RESPI-TEC MARINHO/PRETO/AZUL;42 
037;TENIS K-360 ENERGY RESPI-TEC;0370153;TENIS K360 ENERGY RESPI-TEC MARINHO/VERMELHO;372 
037;TENIS K-360 ENERGY RESPI-TEC;0370153;TENIS K360 ENERGY RESPI-TEC PRETO/LARANJA;2.406 
037;TENIS K-360 ENERGY RESPI-TEC;0370153;TENIS K360 ENERGY RESPI-TEC PRETO/LARANJA/PRETO;3.860 
037;TENIS K-360 ENERGY RESPI-TEC;0370154;TENIS K360 ENERGY RESPI-TEC MARINHO/AMARELO NEON;684 
037;TENIS K-360 ENERGY RESPI-TEC;0370154;TENIS K360 ENERGY RESPI-TEC PRETO/AMARELO NEON;216 
037;TENIS K-360 ENERGY RESPI-TEC;0370154;TENIS K360 ENERGY RESPI-TEC PRETO/LARANJA NEON;304 
037;TENIS K-360 ENERGY RESPI-TEC;0370155;TENIS K360 ENERGY RESPITEC GRAFITE/PRETO/LARANJA NEON;87 
037;TENIS K-360 ENERGY RESPI-TEC;0370155;TENIS K360 ENERGY RESPITEC MARINHO/AZUL ROYAL;405 
037;TENIS K-360 ENERGY RESPI-TEC;0370155;TENIS K360 ENERGY RESPITEC MARINHO/VERDE;81 
037;TENIS K-360 ENERGY RESPI-TEC;0370155;TENIS K360 ENERGY RESPITEC PRETO/AMARELO NEON;84 
037;TENIS K-360 ENERGY RESPI-TEC;0370155;TENIS K360 ENERGY RESPITEC PRETO/AZUL ROYAL/AMARELO NEON;22 
037;TENIS K-360 ENERGY RESPI-TEC;0370156;TENIS K360 ENERGY RESPITEC AZUL/MARINHO;360 
037;TENIS K-360 ENERGY RESPI-TEC;0370156;TENIS K360 ENERGY RESPITEC GRAFITE/PRETO/VERMELHO;327 
037;TENIS K-360 ENERGY RESPI-TEC;0370156;TENIS K360 ENERGY RESPITEC MARINHO;928 
037;TENIS K-360 ENERGY RESPI-TEC;0370156;TENIS K360 ENERGY RESPITEC MARINHO/AMARELO NEON;2.314 
037;TENIS K-360 ENERGY RESPI-TEC;0370156;TENIS K360 ENERGY RESPITEC PRETO;2.346 
037;TENIS K-360 ENERGY RESPI-TEC;0370156;TENIS K360 ENERGY RESPITEC PRETO/AZUL/AMARELO NEON;93 
037;TENIS K-360 ENERGY RESPI-TEC;0370157;TENIS K360 ENERGY RESPITEC AZUL/AMARELO NEON;9 
037;TENIS K-360 ENERGY RESPI-TEC;0370157;TENIS K360 ENERGY RESPITEC GRAFITE/GELO;171 
037;TENIS K-360 ENERGY RESPI-TEC;0370157;TENIS K360 ENERGY RESPITEC MARINHO/VERMELHO;819 
037;TENIS K-360 ENERGY RESPI-TEC;0370157;TENIS K360 ENERGY RESPITEC PRETO/GRAFITE/VERMELHO;1.083 
037;TENIS K-360 ENERGY RESPI-TEC;0370158;TENIS K360 ENERGY RESPITEC GELO/GRAFITE/AZUL;18 
037;TENIS K-360 ENERGY RESPI-TEC;0370158;TENIS K360 ENERGY RESPITEC MARINHO/AMARELO NEON;321 
037;TENIS K-360 ENERGY RESPI-TEC;0370158;TENIS K360 ENERGY RESPITEC MARINHO/AZUL/VERDE;84 
037;TENIS K-360 ENERGY RESPI-TEC;0370158;TENIS K360 ENERGY RESPITEC PRETO/VERMELHO;96 
037;TENIS K-360 ENERGY RESPI-TEC;0370159;TENIS K360 ENERGY RESPITEC GRAFITE/AMARELO NEON/GELO;168 
037;TENIS K-360 ENERGY RESPI-TEC;0370159;TENIS K360 ENERGY RESPITEC MARINHO/AMARELO NEON;684 
037;TENIS K-360 ENERGY RESPI-TEC;0370159;TENIS K360 ENERGY RESPITEC PRETO/AZUL ROYAL;153 
037;TENIS K-360 ENERGY RESPI-TEC;0370159;TENIS K360 ENERGY RESPITEC PRETO/LARANJA NEON;363 
037;TENIS K-360 ENERGY RESPI-TEC;0370160;TENIS K360 ENERGY RESPITEC GRAFITE/PRETO/VERMELHO;480 
037;TENIS K-360 ENERGY RESPI-TEC;0370160;TENIS K360 ENERGY RESPITEC MARINHO/AZUL ROYAL;108 
037;TENIS K-360 ENERGY RESPI-TEC;0370160;TENIS K360 ENERGY RESPITEC MARINHO/LARANJA NEON;72 
037;TENIS K-360 ENERGY RESPI-TEC;0370160;TENIS K360 ENERGY RESPITEC PRETO/LARANJA/PRETO;384 
037;TENIS K-360 ENERGY RESPI-TEC;0370161;TENIS K360 ENERGY RESPITEC MARINHO/AMARELO NEON;1.369 
037;TENIS K-360 ENERGY RESPI-TEC;0370161;TENIS K360 ENERGY RESPITEC PRETO/AZUL ROYAL;36 
037;TENIS K-360 ENERGY RESPI-TEC;0370161;TENIS K360 ENERGY RESPITEC PRETO/LARANJA NEON;519 
037;TENIS K-360 ENERGY RESPI-TEC;0371054;TENIS KIDY ENERGY RESPITEC ORQÍDEA/LILÁS;12 
037;TENIS K-360 ENERGY RESPI-TEC;0371058;TENIS KIDY ENERGY RESPITEC PRETO/GERBERA;12 
037;TENIS K-360 ENERGY RESPI-TEC;0371083;TENIS K360 ENERGY RESPITEC MARINHO/PINK;264 
037;TENIS K-360 ENERGY RESPI-TEC;0371083;TENIS K360 ENERGY RESPITEC NUDE/ANIS;192 
037;TENIS K-360 ENERGY RESPI-TEC;0371090;TENIS K360 ENERGY RESPITEC MARINHO/GLOSS;1.113 
037;TENIS K-360 ENERGY RESPI-TEC;0371090;TENIS K360 ENERGY RESPITEC MARINHO/ROSA;444 
037;TENIS K-360 ENERGY RESPI-TEC;0371090;TENIS K360 ENERGY RESPITEC PRETO/NUDE;695 
037;TENIS K-360 ENERGY RESPI-TEC;0371090;TENIS K360 ENERGY RESPITEC PRETO/PINK;234 
037;TENIS K-360 ENERGY RESPI-TEC;0371090;TENIS K360 ENERGY RESPITEC PRETO/PINK NEON;81 
037;TENIS K-360 ENERGY RESPI-TEC;0371091;TENIS K360 ENERGY RESPITEC GRAFITE/PINK;192 
037;TENIS K-360 ENERGY RESPI-TEC;0371091;TENIS K360 ENERGY RESPITEC MARINHO/AZUL BB;6 
037;TENIS K-360 ENERGY RESPI-TEC;0371091;TENIS K360 ENERGY RESPITEC MARINHO/MAGENTA;480 
037;TENIS K-360 ENERGY RESPI-TEC;0371091;TENIS K360 ENERGY RESPITEC PRETO/BLUSH;480 
037;TENIS K-360 ENERGY RESPI-TEC;0371098;TENIS K360 ENERGY RESPITEC PRETO/PINK NEON;12 
037;TENIS K-360 ENERGY RESPI-TEC;0371107;TENIS K360 ENERGY RESPITEC PRETO/PINK;120 
037;TENIS K-360 ENERGY RESPI-TEC;0371110;TENIS K360 ENERGY RESPITEC MARINHO/PINK NEON;60 
037;TENIS K-360 ENERGY RESPI-TEC;0371110;TENIS K360 ENERGY RESPITEC PINK/ACQUA;96 
037;TENIS K-360 ENERGY RESPI-TEC;0371111;TENIS K360 ENERGY RESPITEC MARINHO/PINK;660 
037;TENIS K-360 ENERGY RESPI-TEC;0371124;TENIS K360 ENERGY RESPITEC MARINHO/PINK;36 
037;TENIS K-360 ENERGY RESPI-TEC;0371124;TENIS K360 ENERGY RESPITEC PRETO/PINK;24 
037;TENIS K-360 ENERGY RESPI-TEC;0371125;TENIS K360 ENERGY RESPITEC MARINHO/PINK;291 
037;TENIS K-360 ENERGY RESPI-TEC;0371125;TENIS K360 ENERGY RESPITEC MARINHO/ROSA;33 
037;TENIS K-360 ENERGY RESPI-TEC;0371125;TENIS K360 ENERGY RESPITEC PRETO/PINK;261 
037;TENIS K-360 ENERGY RESPI-TEC;0371125;TENIS K360 ENERGY RESPITEC PRETO/PINK NEON;252 
037;TENIS K-360 ENERGY RESPI-TEC;0371127;TENIS K360 ENERGY RESPITEC PINK/LARANJA;72 
037;TENIS K-360 ENERGY RESPI-TEC;0371136;TENIS K360 ENERGY RESPITEC MARINHO/PINK/ACQUA;161 
037;TENIS K-360 ENERGY RESPI-TEC;0371136;TENIS K360 ENERGY RESPITEC PRETO/PINK;270 
037;TENIS K-360 ENERGY RESPI-TEC;0371137;TENIS K360 ENERGY RESPITEC PRETO/PINK;228 
037;TENIS K-360 ENERGY RESPI-TEC;0371140;TENIS K360 ENERGY RESPITEC MARINHO/PINK NEON;12 
037;TENIS K-360 ENERGY RESPI-TEC;0371142;TENIS K360 ENERGY RESPITEC MARINHO/PINK;12 
037;TENIS K-360 ENERGY RESPI-TEC;0371142;TENIS K360 ENERGY RESPITEC PRETO/PINK;12 
037;TENIS K-360 ENERGY RESPI-TEC;0371151;TENIS K360 ENERGY RESPI-TEC AZALÉIA;126 
037;TENIS K-360 ENERGY RESPI-TEC;0371151;TENIS K360 ENERGY RESPI-TEC AZUL BB/PINK;171 
037;TENIS K-360 ENERGY RESPI-TEC;0371151;TENIS K360 ENERGY RESPI-TEC MARINHO/PINK;1.419 
037;TENIS K-360 ENERGY RESPI-TEC;0371151;TENIS K360 ENERGY RESPI-TEC MARINHO/ROUGE;72 
037;TENIS K-360 ENERGY RESPI-TEC;0371151;TENIS K360 ENERGY RESPI-TEC PINK/ACQUA;288 
037;TENIS K-360 ENERGY RESPI-TEC;0371151;TENIS K360 ENERGY RESPI-TEC PRETO/AZUL/PINK;437 
037;TENIS K-360 ENERGY RESPI-TEC;0371151;TENIS K360 ENERGY RESPI-TEC PRETO/PINK NEON;204 
037;TENIS K-360 ENERGY RESPI-TEC;0371152;TENIS K360 ENERGY IMPULSO GRAFITE/VERDE ACQUA/PINK;120 
037;TENIS K-360 ENERGY RESPI-TEC;0371152;TENIS K360 ENERGY IMPULSO MARINHO/LILAS;332 
037;TENIS K-360 ENERGY RESPI-TEC;0371152;TENIS K360 ENERGY IMPULSO MARINHO/PINK NEON;153 
037;TENIS K-360 ENERGY RESPI-TEC;0371152;TENIS K360 ENERGY IMPULSO PRETO/PRETO/PINK;273 
037;TENIS K-360 ENERGY RESPI-TEC;0371153;TENIS K360 ENERGY RESPI-TEC ANIS/ROSA;45 
037;TENIS K-360 ENERGY RESPI-TEC;0371153;TENIS K360 ENERGY RESPI-TEC GRAFITE/PINK;207 
037;TENIS K-360 ENERGY RESPI-TEC;0371153;TENIS K360 ENERGY RESPI-TEC GRAFITE/PRETO/ROUGE;36 
037;TENIS K-360 ENERGY RESPI-TEC;0371153;TENIS K360 ENERGY RESPI-TEC MARINHO/PINK;48 
037;TENIS K-360 ENERGY RESPI-TEC;0371153;TENIS K360 ENERGY RESPI-TEC MARINHO/ROSA DOCE;676 
037;TENIS K-360 ENERGY RESPI-TEC;0371153;TENIS K360 ENERGY RESPI-TEC MARINHO/ROUGE;183 
037;TENIS K-360 ENERGY RESPI-TEC;0371153;TENIS K360 ENERGY RESPI-TEC PRETO/PINK;2.421 
037;TENIS K-360 ENERGY RESPI-TEC;0371153;TENIS K360 ENERGY RESPI-TEC PRETO/PINK NEON;1.254 
037;TENIS K-360 ENERGY RESPI-TEC;0371154;TENIS K360 ENERGY RESPI-TEC AZUL BB/PINK;6 
037;TENIS K-360 ENERGY RESPI-TEC;0371154;TENIS K360 ENERGY RESPI-TEC MARINHO/PINK;240 
037;TENIS K-360 ENERGY RESPI-TEC;0371154;TENIS K360 ENERGY RESPI-TEC PINK/ACQUA;63 
037;TENIS K-360 ENERGY RESPI-TEC;0371154;TENIS K360 ENERGY RESPI-TEC PRETO/AZUL/PINK;66 
037;TENIS K-360 ENERGY RESPI-TEC;0371155;TENIS K360 ENERGY RESPITEC CINZA/PINK;18 
037;TENIS K-360 ENERGY RESPI-TEC;0371155;TENIS K360 ENERGY RESPITEC GRAFITE/PRETO/PINK;18 
037;TENIS K-360 ENERGY RESPI-TEC;0371155;TENIS K360 ENERGY RESPITEC MARINHO/PINK NEON;192 
037;TENIS K-360 ENERGY RESPI-TEC;0371155;TENIS K360 ENERGY RESPITEC PRETO/LILAS;51 
037;TENIS K-360 ENERGY RESPI-TEC;0371155;TENIS K360 ENERGY RESPITEC PRETO/PINK NEON;220 
037;TENIS K-360 ENERGY RESPI-TEC;0371156;TENIS K360 ENERGY RESPITEC GRAFITE/PRETO/PINK;192 
037;TENIS K-360 ENERGY RESPI-TEC;0371156;TENIS K360 ENERGY RESPITEC MARINHO/ACQUA/PINK;354 
037;TENIS K-360 ENERGY RESPI-TEC;0371156;TENIS K360 ENERGY RESPITEC PINK/AZUL;21 
037;TENIS K-360 ENERGY RESPI-TEC;0371156;TENIS K360 ENERGY RESPITEC PRETO/ACQUA/PINK;642 
037;TENIS K-360 ENERGY RESPI-TEC;0371156;TENIS K360 ENERGY RESPITEC PRETO/PINK NEON;1.164 
037;TENIS K-360 ENERGY RESPI-TEC;0371156;TENIS K360 ENERGY RESPITEC ROSA/AZUL/PINK;111 
037;TENIS K-360 ENERGY RESPI-TEC;0371157;TENIS K360 ENERGY RESPITEC CINZA/PINK;24 
037;TENIS K-360 ENERGY RESPI-TEC;0371157;TENIS K360 ENERGY RESPITEC MARINHO/PINK NEON;237 
037;TENIS K-360 ENERGY RESPI-TEC;0371157;TENIS K360 ENERGY RESPITEC PRETO/LILAS;518 
037;TENIS K-360 ENERGY RESPI-TEC;0371157;TENIS K360 ENERGY RESPITEC PRETO/PINK NEON;216 
037;TENIS K-360 ENERGY RESPI-TEC;0371158;TENIS K360 ENERGY RESPITEC AZUL/ROSA/BRANCO;12 
037;TENIS K-360 ENERGY RESPI-TEC;0371158;TENIS K360 ENERGY RESPITEC MARINHO/ROSA/NUDE;12 
037;TENIS K-360 ENERGY RESPI-TEC;0371159;TENIS K360 ENERGY RESPITEC MARINHO/PINK NEON;278 
037;TENIS K-360 ENERGY RESPI-TEC;0371159;TENIS K360 ENERGY RESPITEC NUDE/ROSA;159 
037;TENIS K-360 ENERGY RESPI-TEC;0371159;TENIS K360 ENERGY RESPITEC PRETO/ORQUIDEA;48 
037;TENIS K-360 ENERGY RESPI-TEC;0371159;TENIS K360 ENERGY RESPITEC PRETO/ROSA/GELO;78 
037;TENIS K-360 ENERGY RESPI-TEC;0371160;TENIS K360 ENERGY RESPITEC AZALEIA;24 
037;TENIS K-360 ENERGY RESPI-TEC;0371160;TENIS K360 ENERGY RESPITEC GRAFITE/PRETO/ROSA;158 
037;TENIS K-360 ENERGY RESPI-TEC;0371160;TENIS K360 ENERGY RESPITEC MARINHO/ROSA;198 
037;TENIS K-360 ENERGY RESPI-TEC;0371160;TENIS K360 ENERGY RESPITEC PRETO/PINK NEON;93 
037;TENIS K-360 ENERGY RESPI-TEC;0371161;TENIS K360 ENERGY RESPITEC MARINHO/LILAS;156 
037;TENIS K-360 ENERGY RESPI-TEC;0371161;TENIS K360 ENERGY RESPITEC NUDE/ROSA;987 
037;TENIS K-360 ENERGY RESPI-TEC;0371161;TENIS K360 ENERGY RESPITEC PRETO/PINK NEON;348 
037;TENIS K-360 ENERGY RESPI-TEC;0375502;TENIS K360 ENERGY IMPULSO AZUL ROYAL/LARANJA NEON;540 
037;TENIS K-360 ENERGY RESPI-TEC;0375502;TENIS K360 ENERGY IMPULSO MARINHO/AMARELO NEON;1.458 
037;TENIS K-360 ENERGY RESPI-TEC;0375502;TENIS K360 ENERGY IMPULSO PRETO/AMARELO NEON;1.887 
037;TENIS K-360 ENERGY RESPI-TEC;0375502;TENIS K360 ENERGY IMPULSO PRETO/VERMELHO;933 
037;TENIS K-360 ENERGY RESPI-TEC;0375508;TENIS K360 ENERGY IMPULSO GRAFITE/PRETO/VERMELHO;120 
037;TENIS K-360 ENERGY RESPI-TEC;0375508;TENIS K360 ENERGY IMPULSO MARINHO/CINZA/LARANJA;1.252 
037;TENIS K-360 ENERGY RESPI-TEC;0375508;TENIS K360 ENERGY IMPULSO MARINHO/LARANJA NEON/AZUL;168 
037;TENIS K-360 ENERGY RESPI-TEC;0375508;TENIS K360 ENERGY IMPULSO MARINHO/VERMELHO;141 
037;TENIS K-360 ENERGY RESPI-TEC;0375508;TENIS K360 ENERGY IMPULSO PRETO/AMARELO/VERMELHO;210 
037;TENIS K-360 ENERGY RESPI-TEC;0375508;TENIS K360 ENERGY IMPULSO PRETO/LARANJA;390 
037;TENIS K-360 ENERGY RESPI-TEC;0375509;TENIS K360 ENERGY IMPULSO GRAFITE/LARANJA NEON;501 
037;TENIS K-360 ENERGY RESPI-TEC;0375509;TENIS K360 ENERGY IMPULSO MARINHO/AMARELO NEON;3.102 
037;TENIS K-360 ENERGY RESPI-TEC;0375509;TENIS K360 ENERGY IMPULSO MARINHO/VERMELHO;783 
037;TENIS K-360 ENERGY RESPI-TEC;0375509;TENIS K360 ENERGY IMPULSO PRETO/AMARELO NEON;36 
037;TENIS K-360 ENERGY RESPI-TEC;0375509;TENIS K360 ENERGY IMPULSO PRETO/LARANJA;1.911 
037;TENIS K-360 ENERGY RESPI-TEC;0375510;TENIS K360 ENERGY IMPULSO AZUL ROYAL/AMARELO NEON;54 
037;TENIS K-360 ENERGY RESPI-TEC;0375510;TENIS K360 ENERGY IMPULSO CINZA/AMARELO/AZUL;141 
037;TENIS K-360 ENERGY RESPI-TEC;0375510;TENIS K360 ENERGY IMPULSO MARINHO/AMARELO NEON;288 
037;TENIS K-360 ENERGY RESPI-TEC;0375510;TENIS K360 ENERGY IMPULSO MARINHO/AZUL ROYAL/LARANJA;48 
037;TENIS K-360 ENERGY RESPI-TEC;0375510;TENIS K360 ENERGY IMPULSO PRETO/GRAFITE/LARANJA;63 
037;TENIS K-360 ENERGY RESPI-TEC;0375510;TENIS K360 ENERGY IMPULSO PRETO/VERMELHO/GRAFITE;9 
037;TENIS K-360 ENERGY RESPI-TEC;0375511;TENIS K360 ENERGY IMPULSO AZUL ROYAL/LARANJA;12 
037;TENIS K-360 ENERGY RESPI-TEC;0375511;TENIS K360 ENERGY IMPULSO MARINHO/AMARELO NEON;242 
037;TENIS K-360 ENERGY RESPI-TEC;0375511;TENIS K360 ENERGY IMPULSO PRETO/AMARELO NEON;66 
037;TENIS K-360 ENERGY RESPI-TEC;0375511;TENIS K360 ENERGY IMPULSO PRETO/LARANJA NEON;78 
037;TENIS K-360 ENERGY RESPI-TEC;0375512;TENIS K360 ENERGY RESPITEC GRAFITE/PRETO/LARANJA NEON;66 
037;TENIS K-360 ENERGY RESPI-TEC;0375512;TENIS K360 ENERGY RESPITEC MARINHO/AZUL ROYAL;174 
037;TENIS K-360 ENERGY RESPI-TEC;0375512;TENIS K360 ENERGY RESPITEC MARINHO/VERDE;258 
037;TENIS K-360 ENERGY RESPI-TEC;0375512;TENIS K360 ENERGY RESPITEC PRETO/AMARELO NEON;102 
037;TENIS K-360 ENERGY RESPI-TEC;0375512;TENIS K360 ENERGY RESPITEC PRETO/AZUL ROYAL/AMARELO NEON;39 
037;TENIS K-360 ENERGY RESPI-TEC;0375515;TENIS K360 ENERGY IMPULSO GRAFITE/PRETO/VRMLHO;153 
037;TENIS K-360 ENERGY RESPI-TEC;0375515;TENIS K360 ENERGY IMPULSO MARINHO;66 
037;TENIS K-360 ENERGY RESPI-TEC;0375515;TENIS K360 ENERGY IMPULSO MARINHO/AMRL.NEON;1.827 
037;TENIS K-360 ENERGY RESPI-TEC;0375515;TENIS K360 ENERGY IMPULSO PRETO;207 
037;TENIS K-360 ENERGY RESPI-TEC;0375515;TENIS K360 ENERGY IMPULSO PRETO/AZUL/AMRL.NEON;66 
037;TENIS K-360 ENERGY RESPI-TEC;0375516;TENIS K360 ENERGY IMPULSO AZUL/AMARELO NEON;180 
037;TENIS K-360 ENERGY RESPI-TEC;0375516;TENIS K360 ENERGY IMPULSO GRAFITE/GELO;108 
037;TENIS K-360 ENERGY RESPI-TEC;0375516;TENIS K360 ENERGY IMPULSO MARINHO/VERMELHO;237 
037;TENIS K-360 ENERGY RESPI-TEC;0375516;TENIS K360 ENERGY IMPULSO PRETO/GRAFITE/VERMELHO;487 
037;TENIS K-360 ENERGY RESPI-TEC;0375517;TENIS K360 ENERGY IMPULSO MARINHO/AMARELO NEON;12 
037;TENIS K-360 ENERGY RESPI-TEC;0375518;TENIS K360 ENERGY IMPULSO GRAFITE/AMARELO NEON/GELO;135 
037;TENIS K-360 ENERGY RESPI-TEC;0375518;TENIS K360 ENERGY IMPULSO MARINHO/AMARELO NEON;402 
037;TENIS K-360 ENERGY RESPI-TEC;0375518;TENIS K360 ENERGY IMPULSO PRETO/AZUL ROYAL;150 
037;TENIS K-360 ENERGY RESPI-TEC;0375518;TENIS K360 ENERGY IMPULSO PRETO/LARANJA NEON;192 
037;TENIS K-360 ENERGY RESPI-TEC;0375519;TENIS K360 ENERGY IMPULSO GRAFITE/PRETO/VERMELHO;933 
037;TENIS K-360 ENERGY RESPI-TEC;0375519;TENIS K360 ENERGY IMPULSO MARINHO/AZUL ROYAL;630 
037;TENIS K-360 ENERGY RESPI-TEC;0375519;TENIS K360 ENERGY IMPULSO MARINHO/LARANJA NEON;294 
037;TENIS K-360 ENERGY RESPI-TEC;0375519;TENIS K360 ENERGY IMPULSO PRETO/LARANJA/PRETO;2.418 
037;TENIS K-360 ENERGY RESPI-TEC;0375523;TENIS K360 ENERGY IMPULSO CINZA/PRETO;276 
037;TENIS K-360 ENERGY RESPI-TEC;0375523;TENIS K360 ENERGY IMPULSO GRAFITE/PRETO/AMARELO NEON;114 
037;TENIS K-360 ENERGY RESPI-TEC;0375523;TENIS K360 ENERGY IMPULSO MARINHO/AMARELO NEON;9 
037;TENIS K-360 ENERGY RESPI-TEC;0375523;TENIS K360 ENERGY IMPULSO MARINHO/AZUL JEANS;1.665 
037;TENIS K-360 ENERGY RESPI-TEC;0375523;TENIS K360 ENERGY IMPULSO PRETO/BRANCO;1.893 
037;TENIS K-360 ENERGY RESPI-TEC;0375524;TENIS K360 ENERGY IMPULSO CINZA/MARINHO/LARANJA NEON;9 
037;TENIS K-360 ENERGY RESPI-TEC;0375524;TENIS K360 ENERGY IMPULSO GRAFITE/PRETO/AMARELO NEON;132 
037;TENIS K-360 ENERGY RESPI-TEC;0375524;TENIS K360 ENERGY IMPULSO MARINHO/AMARELO NEON;234 
037;TENIS K-360 ENERGY RESPI-TEC;0375524;TENIS K360 ENERGY IMPULSO PRETO/BRANCO;957 
037;TENIS K-360 ENERGY RESPI-TEC;0375524;TENIS K360 ENERGY IMPULSO PRETO/CASTANHO/LARANJA;1.305 
037;TENIS K-360 ENERGY RESPI-TEC;0375524;TENIS K360 ENERGY IMPULSO PRETO/VERDE/LARANJA;1.470 
037;TENIS K-360 ENERGY RESPI-TEC;0375525;TENIS K360 ENERGY IMPULSO CINZA/PRETO;45 
037;TENIS K-360 ENERGY RESPI-TEC;0375525;TENIS K360 ENERGY IMPULSO GRAFITE/AMARELO NEON;1.335 
037;TENIS K-360 ENERGY RESPI-TEC;0375525;TENIS K360 ENERGY IMPULSO MARINHO/AMARELO NEON;651 
037;TENIS K-360 ENERGY RESPI-TEC;0375525;TENIS K360 ENERGY IMPULSO PRETO/AMARELO NEON;105 
037;TENIS K-360 ENERGY RESPI-TEC;0375525;TENIS K360 ENERGY IMPULSO PRETO/BRONZE;228 
037;TENIS K-360 ENERGY RESPI-TEC;0375526;TENIS K360 ENERGY IMPULSO AZUL ROYAL/VERMELHO;0 
037;TENIS K-360 ENERGY RESPI-TEC;0375526;TENIS K360 ENERGY IMPULSO MARINHO/AMARELO;30 
037;TENIS K-360 ENERGY RESPI-TEC;0375526;TENIS K360 ENERGY IMPULSO MARINHO/LARANJA;24 
037;TENIS K-360 ENERGY RESPI-TEC;0375526;TENIS K360 ENERGY IMPULSO PRETO/CASTANHO;141 
037;TENIS K-360 ENERGY RESPI-TEC;0376001;TENIS K360 RESPITEC INFINITY MARINHO/LARANJA;21 
037;TENIS K-360 ENERGY RESPI-TEC;0376005;TENIS K360 RESPITEC INFINITY PRETO/LARANJA NEON;11 
037;TENIS K-360 ENERGY RESPI-TEC;0376007;TENIS K360 RESPITEC INFINITY MARINHO/AMARELO NEON;192 
037;TENIS K-360 ENERGY RESPI-TEC;0376007;TENIS K360 RESPITEC INFINITY PRETO/AZUL/VERMELHO;9 
037;TENIS K-360 ENERGY RESPI-TEC;0376007;TENIS K360 RESPITEC INFINITY PRETO/GRAFITE/LARANJA NEON;192 
037;TENIS K-360 ENERGY RESPI-TEC;0376502;TENIS K360 ENERGY IMPULSO AZUL BB/PINK;36 
037;TENIS K-360 ENERGY RESPI-TEC;0376502;TENIS K360 ENERGY IMPULSO MARINHO/PINK;741 
037;TENIS K-360 ENERGY RESPI-TEC;0376502;TENIS K360 ENERGY IMPULSO PINK/ACQUA;186 
037;TENIS K-360 ENERGY RESPI-TEC;0376502;TENIS K360 ENERGY IMPULSO PRETO/AZUL/PINK;1.402 
037;TENIS K-360 ENERGY RESPI-TEC;0376508;TENIS K360 ENERGY IMPULSO GRAFITE/VERDE ACQUA/PINK;123 
037;TENIS K-360 ENERGY RESPI-TEC;0376508;TENIS K360 ENERGY IMPULSO MARINHO/LILAS;24 
037;TENIS K-360 ENERGY RESPI-TEC;0376508;TENIS K360 ENERGY IMPULSO MARINHO/PINK NEON;174 
037;TENIS K-360 ENERGY RESPI-TEC;0376508;TENIS K360 ENERGY IMPULSO PRETO/PRETO/PINK;288 
037;TENIS K-360 ENERGY RESPI-TEC;0376509;TENIS K360 ENERGY IMPULSO ANIS/ROSA;36 
037;TENIS K-360 ENERGY RESPI-TEC;0376509;TENIS K360 ENERGY IMPULSO GRAFITE/PINK;111 
037;TENIS K-360 ENERGY RESPI-TEC;0376509;TENIS K360 ENERGY IMPULSO MARINHO/ROSA DOCE;430 
037;TENIS K-360 ENERGY RESPI-TEC;0376509;TENIS K360 ENERGY IMPULSO PINK/LILAS;18 
037;TENIS K-360 ENERGY RESPI-TEC;0376509;TENIS K360 ENERGY IMPULSO PRETO/PINK;957 
037;TENIS K-360 ENERGY RESPI-TEC;0376509;TENIS K360 ENERGY IMPULSO PRETO/PINK NEON;813 
037;TENIS K-360 ENERGY RESPI-TEC;0376510;TENIS K360 ENERGY IMPULSO BRANCO/LILAS/PINK;104 
037;TENIS K-360 ENERGY RESPI-TEC;0376510;TENIS K360 ENERGY IMPULSO MARINHO/PINK NEON;12 
037;TENIS K-360 ENERGY RESPI-TEC;0376510;TENIS K360 ENERGY IMPULSO PRETO/PINK NEON;6 
037;TENIS K-360 ENERGY RESPI-TEC;0376510;TENIS K360 ENERGY IMPULSO ROSA/AZUL/PINK;111 
037;TENIS K-360 ENERGY RESPI-TEC;0376511;TENIS K360 ENERGY IMPULSO MARINHO/PINK;48 
037;TENIS K-360 ENERGY RESPI-TEC;0376511;TENIS K360 ENERGY IMPULSO PRETO/AZUL/PINK;12 
037;TENIS K-360 ENERGY RESPI-TEC;0376512;TENIS K360 ENERGY RESPITEC CINZA/PINK;57 
037;TENIS K-360 ENERGY RESPI-TEC;0376512;TENIS K360 ENERGY RESPITEC GRAFITE/PRETO/PINK;12 
037;TENIS K-360 ENERGY RESPI-TEC;0376512;TENIS K360 ENERGY RESPITEC MARINHO/PINK NEON;231 
037;TENIS K-360 ENERGY RESPI-TEC;0376512;TENIS K360 ENERGY RESPITEC PRETO/LILAS;94 
037;TENIS K-360 ENERGY RESPI-TEC;0376512;TENIS K360 ENERGY RESPITEC PRETO/PINK NEON;147 
037;TENIS K-360 ENERGY RESPI-TEC;0376515;TENIS K360 ENERGY IMPULSO MARINHO/ACQUA/PINK;300 
037;TENIS K-360 ENERGY RESPI-TEC;0376515;TENIS K360 ENERGY IMPULSO PRETO/ACQUA/PINK;213 
037;TENIS K-360 ENERGY RESPI-TEC;0376515;TENIS K360 ENERGY IMPULSO PRETO/PINK NEON;213 
037;TENIS K-360 ENERGY RESPI-TEC;0376516;TENIS K360 ENERGY IMPULSO CINZA/PINK;60 
037;TENIS K-360 ENERGY RESPI-TEC;0376516;TENIS K360 ENERGY IMPULSO MARINHO/PINK NEON;114 
037;TENIS K-360 ENERGY RESPI-TEC;0376516;TENIS K360 ENERGY IMPULSO PRETO/PINK NEON;315 
037;TENIS K-360 ENERGY RESPI-TEC;0376517;TENIS K360 ENERGY IMPULSO PRETO/ACQUA/PINK;9 
037;TENIS K-360 ENERGY RESPI-TEC;0376518;TENIS K360 ENERGY IMPULSO MARINHO/PINK NEON;99 
037;TENIS K-360 ENERGY RESPI-TEC;0376518;TENIS K360 ENERGY IMPULSO NUDE/ROSA;477 
037;TENIS K-360 ENERGY RESPI-TEC;0376518;TENIS K360 ENERGY IMPULSO PRETO/ORQUIDEA;15 
037;TENIS K-360 ENERGY RESPI-TEC;0376518;TENIS K360 ENERGY IMPULSO PRETO/ROSA/GELO;48 
037;TENIS K-360 ENERGY RESPI-TEC;0376519;TENIS K360 ENERGY IMPULSO AZALEIA;96 
037;TENIS K-360 ENERGY RESPI-TEC;0376519;TENIS K360 ENERGY IMPULSO GRAFITE/PRETO/ROSA;12 
037;TENIS K-360 ENERGY RESPI-TEC;0376519;TENIS K360 ENERGY IMPULSO MARINHO/ROSA;60 
037;TENIS K-360 ENERGY RESPI-TEC;0376519;TENIS K360 ENERGY IMPULSO PRETO/PINK NEON;171 
037;TENIS K-360 ENERGY RESPI-TEC;0376523;TENIS K360 ENERGY IMPULSO GRAFITE/VERDE ACQUA/PINK;567 
037;TENIS K-360 ENERGY RESPI-TEC;0376523;TENIS K360 ENERGY IMPULSO MARFIM/BRONZE;108 
037;TENIS K-360 ENERGY RESPI-TEC;0376523;TENIS K360 ENERGY IMPULSO MARINHO/MAGENTA;153 
037;TENIS K-360 ENERGY RESPI-TEC;0376523;TENIS K360 ENERGY IMPULSO PRETO/AZALEIA;1.128 
037;TENIS K-360 ENERGY RESPI-TEC;0376524;TENIS K360 ENERGY IMPULSO BRANCO/PINK/LILAS;57 
037;TENIS K-360 ENERGY RESPI-TEC;0376524;TENIS K360 ENERGY IMPULSO MARINHO/VERDE AGUA;297 
037;TENIS K-360 ENERGY RESPI-TEC;0376524;TENIS K360 ENERGY IMPULSO PRETO/AZALEIA;552 
037;TENIS K-360 ENERGY RESPI-TEC;0376524;TENIS K360 ENERGY IMPULSO PRETO/LILAS;531 
037;TENIS K-360 ENERGY RESPI-TEC;0376525;TENIS K360 ENERGY IMPULSO MARFIM/BRONZE;12 
037;TENIS K-360 ENERGY RESPI-TEC;0376525;TENIS K360 ENERGY IMPULSO MARINHO/MAGENTA;132 
037;TENIS K-360 ENERGY RESPI-TEC;0376525;TENIS K360 ENERGY IMPULSO PRETO/MAGENTA;258 
037;TENIS K-360 ENERGY RESPI-TEC;0376525;TENIS K360 ENERGY IMPULSO PRETO/PINK;120 
037;TENIS K-360 ENERGY RESPI-TEC;0376526;TENIS K360 ENERGY IMPULSO MARINHO/NUDE;72 
037;TENIS K-360 ENERGY RESPI-TEC;0376526;TENIS K360 ENERGY IMPULSO PRETO/PINK NEON;12 
037;TENIS K-360 ENERGY RESPI-TEC;0377007;TENIS K360 RESPITEC INFINITY MARINHO/PINK NEON;96 
037;TENIS K-360 ENERGY RESPI-TEC;0377007;TENIS K360 RESPITEC INFINITY PRETO/PINK NEON;9 
041;TENIS KIDY ENERGY BABY RESPITEC;0410004;TÊNIS KIDY ENERGY BABY RESPI-TEC PRETO/GELO;12 
041;TENIS KIDY ENERGY BABY RESPITEC;0410005;TÊNIS KIDY ENERGY BABY RESPI-TEC MARINHO/AZ.ROYAL;12 
041;TENIS KIDY ENERGY BABY RESPITEC;0410019;TÊNIS K.ENERGY BB RESPI-TEC AZUL/LARANJA;1.344 
041;TENIS KIDY ENERGY BABY RESPITEC;0410022;T.KIDY ENERGY BABY RESPI-TEC PRETO/AZUL PETROLEO;12 
041;TENIS KIDY ENERGY BABY RESPITEC;0410027;TÊNIS K.ENERGY BB RESPI-TEC MARINHO/VERMELHO;12 
041;TENIS KIDY ENERGY BABY RESPITEC;0410044;TÊNIS K.ENERGY BB RESPI-TEC AZUL/PRETO/AMARELO;12 
041;TENIS KIDY ENERGY BABY RESPITEC;0410045;TÊNIS K.ENERGY BB RESPI-TEC MARINHO/VERMELHO;12 
041;TENIS KIDY ENERGY BABY RESPITEC;0410046;TÊNIS KIDY ENERGY BABY RESPI-TEC GRAFITE/PTO/LARANJA NEON;12 
041;TENIS KIDY ENERGY BABY RESPITEC;0410049;TÊNIS KIDY ENERGY BABY RESPI-TEC MARINHO/LARANJA NEON;48 
041;TENIS KIDY ENERGY BABY RESPITEC;0410049;TÊNIS KIDY ENERGY BABY RESPI-TEC MARINHO/LARANJA/AMARELO;180 
041;TENIS KIDY ENERGY BABY RESPITEC;0410049;TÊNIS KIDY ENERGY BABY RESPI-TEC PRETO/AZUL ROYAL;72 
041;TENIS KIDY ENERGY BABY RESPITEC;0410049;TÊNIS KIDY ENERGY BABY RESPI-TEC PRETO/LARANJA NEON;60 
041;TENIS KIDY ENERGY BABY RESPITEC;0410050;TÊNIS KIDY ENERGY BABY RESPI-TEC MARINHO/AZ.ROYAL/LARANJA;24 
041;TENIS KIDY ENERGY BABY RESPITEC;0410050;TÊNIS KIDY ENERGY BABY RESPI-TEC PRETO/AMARELO NEON;72 
041;TENIS KIDY ENERGY BABY RESPITEC;0410051;TÊNIS KIDY ENERGY BABY RESPI-TEC GRAFITE/PRETO/LARANJA NEW;162 
041;TENIS KIDY ENERGY BABY RESPITEC;0410051;TÊNIS KIDY ENERGY BABY RESPI-TEC MARINHO;585 
041;TENIS KIDY ENERGY BABY RESPITEC;0410051;TÊNIS KIDY ENERGY BABY RESPI-TEC MARINHO/AZUL/VERMELHO;247 
041;TENIS KIDY ENERGY BABY RESPITEC;0410051;TÊNIS KIDY ENERGY BABY RESPI-TEC MARINHO/GELO/VERDE;114 
041;TENIS KIDY ENERGY BABY RESPITEC;0410051;TÊNIS KIDY ENERGY BABY RESPI-TEC MARINHO/LARANJA;1.452 
041;TENIS KIDY ENERGY BABY RESPITEC;0410051;TÊNIS KIDY ENERGY BABY RESPI-TEC PRETO/AMARELO;1.890 
041;TENIS KIDY ENERGY BABY RESPITEC;0410051;TÊNIS KIDY ENERGY BABY RESPI-TEC PRETO/LARANJA NEON;980 
041;TENIS KIDY ENERGY BABY RESPITEC;0410051;TÊNIS KIDY ENERGY BABY RESPI-TEC PRETO/LARANJA NEW;1.334 
041;TENIS KIDY ENERGY BABY RESPITEC;0410051;TÊNIS KIDY ENERGY BABY RESPI-TEC PRETO/VERMELHO;291 
041;TENIS KIDY ENERGY BABY RESPITEC;0410052;TÊNIS KIDY ENERGY BABY RESPI-TEC AZ.ROYAL/AMARELO NEON;456 
041;TENIS KIDY ENERGY BABY RESPITEC;0410052;TÊNIS KIDY ENERGY BABY RESPI-TEC MARINHO/VERMELHO;672 
041;TENIS KIDY ENERGY BABY RESPITEC;0410052;TÊNIS KIDY ENERGY BABY RESPI-TEC PRETO;120 
041;TENIS KIDY ENERGY BABY RESPITEC;0410052;TÊNIS KIDY ENERGY BABY RESPI-TEC PRETO/VERMELHO/AZ.ROYAL;24 
041;TENIS KIDY ENERGY BABY RESPITEC;0410054;TÊNIS KIDY ENERGY BABY RESPI-TEC MARINHO/AMARELO NEON;156 
041;TENIS KIDY ENERGY BABY RESPITEC;0410054;TÊNIS KIDY ENERGY BABY RESPI-TEC MARINHO/AZUL CARIBE;204 
041;TENIS KIDY ENERGY BABY RESPITEC;0410054;TÊNIS KIDY ENERGY BABY RESPI-TEC MARINHO/LARANJA/AMARELO NEON;228 
041;TENIS KIDY ENERGY BABY RESPITEC;0410054;TÊNIS KIDY ENERGY BABY RESPI-TEC PRETO/AMARELO;168 
041;TENIS KIDY ENERGY BABY RESPITEC;0410054;TÊNIS KIDY ENERGY BABY RESPI-TEC PRETO/AZUL ROYAL;36 
041;TENIS KIDY ENERGY BABY RESPITEC;0410054;TÊNIS KIDY ENERGY BABY RESPI-TEC PRETO/LARANJA NEON;852 
041;TENIS KIDY ENERGY BABY RESPITEC;0410055;TÊNIS KIDY ENERGY BABY RESPI-TEC MARINHO/CINZA/AMARELO;12 
041;TENIS KIDY ENERGY BABY RESPITEC;0410056;TÊNIS K.ENERGY BABY RESPI-TEC AZ.PETROLEO/MRN/LRNJ;12 
041;TENIS KIDY ENERGY BABY RESPITEC;0410061;TÊNIS K.ENERGY BABY RESPI-TEC MARINHO/AMARELO NEON;12 
041;TENIS KIDY ENERGY BABY RESPITEC;0410158;TÊNIS K.ENERGY BABY RESPI-TEC MARINHO/LARANJA/AMARELO NEON;294 
041;TENIS KIDY ENERGY BABY RESPITEC;0410158;TÊNIS K.ENERGY BABY RESPI-TEC MARINHO/VERMELHO;240 
041;TENIS KIDY ENERGY BABY RESPITEC;0410158;TÊNIS K.ENERGY BABY RESPI-TEC PRETO/LARANJA NEON;48 
041;TENIS KIDY ENERGY BABY RESPITEC;0410159;TÊNIS K.ENERGY BABY RESPI-TEC AZ.ROYAL/VERMELHO;12 
041;TENIS KIDY ENERGY BABY RESPITEC;0410161;TÊNIS K.ENERGY BABY RESPI-TEC PRETO/AMARELO NEON;24 
041;TENIS KIDY ENERGY BABY RESPITEC;0410161;TÊNIS K.ENERGY BABY RESPI-TEC PRETO/GRAFITE/LARANJA NEON;348 
041;TENIS KIDY ENERGY BABY RESPITEC;0410163;TÊNIS KIDY ENERGY BABY RESPI-TEC AZUL ROYAL/LARANJA NEON;83 
041;TENIS KIDY ENERGY BABY RESPITEC;0410163;TÊNIS KIDY ENERGY BABY RESPI-TEC PRETO/LARANJA NEON;24 
041;TENIS KIDY ENERGY BABY RESPITEC;0410164;TÊNIS KIDY ENERGY BABY RESPI-TEC GRAFITE/AMARELO NEON;96 
041;TENIS KIDY ENERGY BABY RESPITEC;0410164;TÊNIS KIDY ENERGY BABY RESPI-TEC MARINHO/AMARELO;300 
041;TENIS KIDY ENERGY BABY RESPITEC;0410165;TÊNIS KIDY ENERGY BABY RESPI-TEC PRETO/VERMELHO;12 
041;TENIS KIDY ENERGY BABY RESPITEC;0410166;TENIS KIDY ENERGY BABY PRETO/AZUL ROYAL;480 
041;TENIS KIDY ENERGY BABY RESPITEC;0410166;TÊNIS KIDY ENERGY BABY AZ/ROYAL/LRNJ NEON;162 
041;TENIS KIDY ENERGY BABY RESPITEC;0410166;TÊNIS KIDY ENERGY BABY MARINHO/LARANJA NEON/AZUL;1.655 
041;TENIS KIDY ENERGY BABY RESPITEC;0410166;TÊNIS KIDY ENERGY BABY MARINHO/VERDE;269 
041;TENIS KIDY ENERGY BABY RESPITEC;0410166;TÊNIS KIDY ENERGY BABY PRETO/AMARELO NEON;366 
041;TENIS KIDY ENERGY BABY RESPITEC;0410167;TÊNIS KIDY ENERGY BABY GRAFITE/PRETO/LARANJA NEON;99 
041;TENIS KIDY ENERGY BABY RESPITEC;0410167;TÊNIS KIDY ENERGY BABY MARINHO/LIMA NEON;453 
041;TENIS KIDY ENERGY BABY RESPITEC;0410167;TÊNIS KIDY ENERGY BABY PRETO/AZ.ROYAL/AMRL NEON;1.100 
041;TENIS KIDY ENERGY BABY RESPITEC;0410167;TÊNIS KIDY ENERGY BABY PRETO/VERDE NEON;117 
041;TENIS KIDY ENERGY BABY RESPITEC;0410167;TÊNIS KIDY ENERGY BABY PRETO/VERMELHO;425 
041;TENIS KIDY ENERGY BABY RESPITEC;0410168;TÊNIS KIDY ENERGY BABY AZ.ROYAL/AMRL NEON;60 
041;TENIS KIDY ENERGY BABY RESPITEC;0410168;TÊNIS KIDY ENERGY BABY MARINHO/VERMELHO/AMRL NEON;79 
041;TENIS KIDY ENERGY BABY RESPITEC;0410168;TÊNIS KIDY ENERGY BABY PRETO/AZUL ROYAL;132 
041;TENIS KIDY ENERGY BABY RESPITEC;0410168;TÊNIS KIDY ENERGY BABY PRETO/LARANJA NEON;567 
041;TENIS KIDY ENERGY BABY RESPITEC;0410169;TÊNIS K.ENERGY BABY RESPI-TEC GRAFITE/VERDE;183 
041;TENIS KIDY ENERGY BABY RESPITEC;0410169;TÊNIS K.ENERGY BABY RESPI-TEC MARINHO/LARANJA NEON;390 
041;TENIS KIDY ENERGY BABY RESPITEC;0410169;TÊNIS K.ENERGY BABY RESPI-TEC PRETO/AZUL ROYAL;33 
041;TENIS KIDY ENERGY BABY RESPITEC;0410169;TÊNIS K.ENERGY BABY RESPI-TEC PRETO/AZUL ROYAL/AMARELO NEON;78 
041;TENIS KIDY ENERGY BABY RESPITEC;0410169;TÊNIS K.ENERGY BABY RESPI-TEC PRETO/VERMELHO;162 
041;TENIS KIDY ENERGY BABY RESPITEC;0410170;TÊNIS K.ENERGY BABY RESPITEC AZUL/PRETO/AMARELO;78 
041;TENIS KIDY ENERGY BABY RESPITEC;0410170;TÊNIS K.ENERGY BABY RESPITEC BRANCO/AMARELO NEON/PRETO;48 
041;TENIS KIDY ENERGY BABY RESPITEC;0410170;TÊNIS K.ENERGY BABY RESPITEC GRAFITE/PRETO/AMARELO NEON;48 
041;TENIS KIDY ENERGY BABY RESPITEC;0410170;TÊNIS K.ENERGY BABY RESPITEC MARINHO;1.890 
041;TENIS KIDY ENERGY BABY RESPITEC;0410170;TÊNIS K.ENERGY BABY RESPITEC MARINHO/LARANJA/AMRL.NEON;1.044 
041;TENIS KIDY ENERGY BABY RESPITEC;0410170;TÊNIS K.ENERGY BABY RESPITEC MARINHO/LARANJA/GELO;6 
041;TENIS KIDY ENERGY BABY RESPITEC;0410170;TÊNIS K.ENERGY BABY RESPITEC PRETO;256 
041;TENIS KIDY ENERGY BABY RESPITEC;0410170;TÊNIS K.ENERGY BABY RESPITEC PRETO/AMARELO NEON;702 
041;TENIS KIDY ENERGY BABY RESPITEC;0410170;TÊNIS K.ENERGY BABY RESPITEC PRETO/VERMELHO;321 
041;TENIS KIDY ENERGY BABY RESPITEC;0410171;TÊNIS K.ENERGY BABY RESPITEC AZUL ROYAL/VERMELHO;75 
041;TENIS KIDY ENERGY BABY RESPITEC;0410171;TÊNIS K.ENERGY BABY RESPITEC MARINHO/AMARELO NEON;657 
041;TENIS KIDY ENERGY BABY RESPITEC;0410171;TÊNIS K.ENERGY BABY RESPITEC PRETO/AZUL/GELO;177 
041;TENIS KIDY ENERGY BABY RESPITEC;0410171;TÊNIS K.ENERGY BABY RESPITEC PRETO/LARANJA NEON;792 
041;TENIS KIDY ENERGY BABY RESPITEC;0410172;TÊNIS K.ENERGY BABY RESPITEC AZUL ROYAL/VERDE;12 
041;TENIS KIDY ENERGY BABY RESPITEC;0410172;TÊNIS K.ENERGY BABY RESPITEC GRAFITE/PRETO/LARANJA;102 
041;TENIS KIDY ENERGY BABY RESPITEC;0410172;TÊNIS K.ENERGY BABY RESPITEC MARINHO/VERMELHO;281 
041;TENIS KIDY ENERGY BABY RESPITEC;0410172;TÊNIS K.ENERGY BABY RESPITEC PRETO/AZUL ROYAL;591 
041;TENIS KIDY ENERGY BABY RESPITEC;0410173;TÊNIS K.ENERGY BABY RESPITEC MARINHO/LARANJA/AMARELO NEON;753 
041;TENIS KIDY ENERGY BABY RESPITEC;0410173;TÊNIS K.ENERGY BABY RESPITEC MARINHO/VERMELHO;713 
041;TENIS KIDY ENERGY BABY RESPITEC;0410173;TÊNIS K.ENERGY BABY RESPITEC PRETO/AMARELO NEW;246 
041;TENIS KIDY ENERGY BABY RESPITEC;0410173;TÊNIS K.ENERGY BABY RESPITEC PRETO/GELO/VERDE;192 
041;TENIS KIDY ENERGY BABY RESPITEC;0410175;TÊNIS K.ENERGY BABY RESPITEC MARINHO/VERMELHO;570 
041;TENIS KIDY ENERGY BABY RESPITEC;0410175;TÊNIS K.ENERGY BABY RESPITEC PRETO/VERMELHO;210 
041;TENIS KIDY ENERGY BABY RESPITEC;0410176;TÊNIS KIDY ENERGY BABY RESPITEC AZUL/MARINHO/BRANCO;0 
041;TENIS KIDY ENERGY BABY RESPITEC;0410176;TÊNIS KIDY ENERGY BABY RESPITEC MARINHO/AMRL.NEON;51 
041;TENIS KIDY ENERGY BABY RESPITEC;0410176;TÊNIS KIDY ENERGY BABY RESPITEC MARINHO/LARANJA;24 
041;TENIS KIDY ENERGY BABY RESPITEC;0410176;TÊNIS KIDY ENERGY BABY RESPITEC PRETO;222 
041;TENIS KIDY ENERGY BABY RESPITEC;0410177;TÊNIS KIDY ENERGY BABY RESPITEC GRAFITE/LARANJA NEON;246 
041;TENIS KIDY ENERGY BABY RESPITEC;0410177;TÊNIS KIDY ENERGY BABY RESPITEC MARINHO/LARANJA NEON;1.881 
041;TENIS KIDY ENERGY BABY RESPITEC;0410177;TÊNIS KIDY ENERGY BABY RESPITEC PRETO/AMARELO NEON;375 
041;TENIS KIDY ENERGY BABY RESPITEC;0410177;TÊNIS KIDY ENERGY BABY RESPITEC PRETO/AZUL ROYAL;885 
041;TENIS KIDY ENERGY BABY RESPITEC;0410177;TÊNIS KIDY ENERGY BABY RESPITEC PRETO/VERMELHO;6 
041;TENIS KIDY ENERGY BABY RESPITEC;0410178;TÊNIS KIDY ENERGY BABY RESPITEC CINZA/AZUL ROYAL;39 
041;TENIS KIDY ENERGY BABY RESPITEC;0410178;TÊNIS KIDY ENERGY BABY RESPITEC CINZA/PRETO;21 
041;TENIS KIDY ENERGY BABY RESPITEC;0410178;TÊNIS KIDY ENERGY BABY RESPITEC GRAFITE/LARANJA NEON;66 
041;TENIS KIDY ENERGY BABY RESPITEC;0410178;TÊNIS KIDY ENERGY BABY RESPITEC GRAFITE/MARINHO;12 
041;TENIS KIDY ENERGY BABY RESPITEC;0410178;TÊNIS KIDY ENERGY BABY RESPITEC MARINHO/AMARELO NEON;75 
041;TENIS KIDY ENERGY BABY RESPITEC;0410178;TÊNIS KIDY ENERGY BABY RESPITEC MARINHO/AZUL ROYAL;1.053 
041;TENIS KIDY ENERGY BABY RESPITEC;0410178;TÊNIS KIDY ENERGY BABY RESPITEC PRETO/BRONZE;564 
041;TENIS KIDY ENERGY BABY RESPITEC;0410178;TÊNIS KIDY ENERGY BABY RESPITEC PRETO/PRATA;1.990 
041;TENIS KIDY ENERGY BABY RESPITEC;0410178;TÊNIS KIDY ENERGY BABY RESPITEC PRETO/VERMELHO;516 
041;TENIS KIDY ENERGY BABY RESPITEC;0410178;TÊNIS KIDY ENERGY BABY RESPITEC PRETO/VERMELHO/BRANCO;240 
041;TENIS KIDY ENERGY BABY RESPITEC;0410180;TÊNIS KIDY ENERGY BABY RESPITEC CINZA/AZUL PISCINA;15 
041;TENIS KIDY ENERGY BABY RESPITEC;0410180;TÊNIS KIDY ENERGY BABY RESPITEC GRAFITE/AMARELO NEON;1.391 
041;TENIS KIDY ENERGY BABY RESPITEC;0410180;TÊNIS KIDY ENERGY BABY RESPITEC MARINHO/DOURADO;4.377 
041;TENIS KIDY ENERGY BABY RESPITEC;0410180;TÊNIS KIDY ENERGY BABY RESPITEC MARINHO/GRAFITE;33 
041;TENIS KIDY ENERGY BABY RESPITEC;0410180;TÊNIS KIDY ENERGY BABY RESPITEC MARINHO/LARANJA NEON;639 
041;TENIS KIDY ENERGY BABY RESPITEC;0410180;TÊNIS KIDY ENERGY BABY RESPITEC PRETO/AZUL/VERDE NEON;572 
041;TENIS KIDY ENERGY BABY RESPITEC;0410180;TÊNIS KIDY ENERGY BABY RESPITEC PRETO/LARANJA;12 
041;TENIS KIDY ENERGY BABY RESPITEC;0410180;TÊNIS KIDY ENERGY BABY RESPITEC PRETO/VERMELHO;675 
041;TENIS KIDY ENERGY BABY RESPITEC;0410181;TÊNIS KIDY ENERGY BABY RESPITEC GRAFITE/MARINHO;498 
041;TENIS KIDY ENERGY BABY RESPITEC;0410181;TÊNIS KIDY ENERGY BABY RESPITEC GRAFITE/PRETO;12 
041;TENIS KIDY ENERGY BABY RESPITEC;0410181;TÊNIS KIDY ENERGY BABY RESPITEC MARINHO;15 
041;TENIS KIDY ENERGY BABY RESPITEC;0410181;TÊNIS KIDY ENERGY BABY RESPITEC MARINHO/VERMELHO;288 
041;TENIS KIDY ENERGY BABY RESPITEC;0410181;TÊNIS KIDY ENERGY BABY RESPITEC PRETO/AMARELO NEON;497 
041;TENIS KIDY ENERGY BABY RESPITEC;0410181;TÊNIS KIDY ENERGY BABY RESPITEC PRETO/BRONZE;783 
041;TENIS KIDY ENERGY BABY RESPITEC;0410181;TÊNIS KIDY ENERGY BABY RESPITEC PRETO/VERDE;1.533 
041;TENIS KIDY ENERGY BABY RESPITEC;0410182;TENIS KIDY ENERGY BABY RESPITEC MARINHO/VERMELHO;108 
041;TENIS KIDY ENERGY BABY RESPITEC;0410182;TENIS KIDY ENERGY BABY RESPITEC PRETO/AMARELO NEON;15 
041;TENIS KIDY ENERGY BABY RESPITEC;0410182;TENIS KIDY ENERGY BABY RESPITEC PRETO/BRONZE;344 
041;TENIS KIDY ENERGY BABY RESPITEC;0410182;TENIS KIDY ENERGY BABY RESPITEC PRETO/VERDE;123 
041;TENIS KIDY ENERGY BABY RESPITEC;0410183;TENIS KIDY ENERGY BABY RESPITEC GRAFITE/PRETO;69 
041;TENIS KIDY ENERGY BABY RESPITEC;0410183;TENIS KIDY ENERGY BABY RESPITEC MARINHO/GRAFITE;198 
041;TENIS KIDY ENERGY BABY RESPITEC;0410183;TENIS KIDY ENERGY BABY RESPITEC PRETO/AZUL ROYAL;24 
041;TENIS KIDY ENERGY BABY RESPITEC;0410183;TENIS KIDY ENERGY BABY RESPITEC PRETO/LARANJA NEON;36 
041;TENIS KIDY ENERGY BABY RESPITEC;0410183;TENIS KIDY ENERGY BABY RESPITEC PRETO/VERDE;204 
041;TENIS KIDY ENERGY BABY RESPITEC;0410184;TÊNIS KIDY ENERGY BABY RESPITEC MARINHO/VERMELHO;480 
041;TENIS KIDY ENERGY BABY RESPITEC;0410184;TÊNIS KIDY ENERGY BABY RESPITEC PRETO/BRONZE;480 
041;TENIS KIDY ENERGY BABY RESPITEC;0410185;TÊNIS KIDY ENERGY BABY RESPITEC AZUL ROYAL/MARINHO;24 
041;TENIS KIDY ENERGY BABY RESPITEC;0410185;TÊNIS KIDY ENERGY BABY RESPITEC GRAFITE/PRETO;54 
041;TENIS KIDY ENERGY BABY RESPITEC;0410185;TÊNIS KIDY ENERGY BABY RESPITEC MARINHO/VERMELHO;84 
041;TENIS KIDY ENERGY BABY RESPITEC;0410185;TÊNIS KIDY ENERGY BABY RESPITEC PRETO/BRONZE;90 
041;TENIS KIDY ENERGY BABY RESPITEC;0410185;TÊNIS KIDY ENERGY BABY RESPITEC PRETO/LARANJA NEON;48 
041;TENIS KIDY ENERGY BABY RESPITEC;0410186;TÊNIS KIDY ENERGY BABY RESPITEC BRANCO/MARINHO;30 
041;TENIS KIDY ENERGY BABY RESPITEC;0410186;TÊNIS KIDY ENERGY BABY RESPITEC MARINHO/VERMELHO;45 
041;TENIS KIDY ENERGY BABY RESPITEC;0410186;TÊNIS KIDY ENERGY BABY RESPITEC PRETO;72 
041;TENIS KIDY ENERGY BABY RESPITEC;0410186;TÊNIS KIDY ENERGY BABY RESPITEC PRETO/AZUL/AMARELO NEON;498 
041;TENIS KIDY ENERGY BABY RESPITEC;0411008;TÊNIS KIDY ENERGY BABY RESPI-TEC LILÁS/NUDE/PINK;36 
041;TENIS KIDY ENERGY BABY RESPITEC;0411019;TÊNIS K.ENERGY BB RESPI-TEC PINK/GÉRBERA;336 
041;TENIS KIDY ENERGY BABY RESPITEC;0411019;TÊNIS K.ENERGY BB RESPI-TEC PRETO/PINK NEON;168 
041;TENIS KIDY ENERGY BABY RESPITEC;0411049;TÊNIS KIDY ENERGY BABY RESPI-TEC PRETO/PINK;396 
041;TENIS KIDY ENERGY BABY RESPITEC;0411049;TÊNIS KIDY ENERGY BABY RESPI-TEC PRETO/PINK NEON;96 
041;TENIS KIDY ENERGY BABY RESPITEC;0411049;TÊNIS KIDY ENERGY BABY RESPI-TEC ROSA;324 
041;TENIS KIDY ENERGY BABY RESPITEC;0411050;TÊNIS KIDY ENERGY BABY RESPI-TEC MARINHO/ACQUA/PINK;96 
041;TENIS KIDY ENERGY BABY RESPITEC;0411050;TÊNIS KIDY ENERGY BABY RESPI-TEC PRETO/PINK NEON;72 
041;TENIS KIDY ENERGY BABY RESPITEC;0411051;TÊNIS KIDY ENERGY BABY RESPI-TEC CINZA/ROSA;30 
041;TENIS KIDY ENERGY BABY RESPITEC;0411051;TÊNIS KIDY ENERGY BABY RESPI-TEC MARINHO/NUDE;222 
041;TENIS KIDY ENERGY BABY RESPITEC;0411051;TÊNIS KIDY ENERGY BABY RESPI-TEC MARINHO/ORQUIDEA;477 
041;TENIS KIDY ENERGY BABY RESPITEC;0411051;TÊNIS KIDY ENERGY BABY RESPI-TEC MARINHO/PINK;786 
041;TENIS KIDY ENERGY BABY RESPITEC;0411051;TÊNIS KIDY ENERGY BABY RESPI-TEC PRETO/ACQUA/PINK;249 
041;TENIS KIDY ENERGY BABY RESPITEC;0411051;TÊNIS KIDY ENERGY BABY RESPI-TEC PRETO/LILAS;84 
041;TENIS KIDY ENERGY BABY RESPITEC;0411051;TÊNIS KIDY ENERGY BABY RESPI-TEC PRETO/PINK;1.437 
041;TENIS KIDY ENERGY BABY RESPITEC;0411052;TÊNIS KIDY ENERGY BABY RESPI-TEC MARINHO/ACQUA/PINK;324 
041;TENIS KIDY ENERGY BABY RESPITEC;0411052;TÊNIS KIDY ENERGY BABY RESPI-TEC PRETO/GLOSS;204 
041;TENIS KIDY ENERGY BABY RESPITEC;0411052;TÊNIS KIDY ENERGY BABY RESPI-TEC ROSA/PINK;72 
041;TENIS KIDY ENERGY BABY RESPITEC;0411054;TÊNIS KIDY ENERGY BABY RESPI-TEC MARINHO/PINK;192 
041;TENIS KIDY ENERGY BABY RESPITEC;0411054;TÊNIS KIDY ENERGY BABY RESPI-TEC NUDE/BRANCO;312 
041;TENIS KIDY ENERGY BABY RESPITEC;0411054;TÊNIS KIDY ENERGY BABY RESPI-TEC PRETO/PINK NEON;144 
041;TENIS KIDY ENERGY BABY RESPITEC;0411054;TÊNIS KIDY ENERGY BABY RESPI-TEC ROSA/PINK;72 
041;TENIS KIDY ENERGY BABY RESPITEC;0411158;TÊNIS K.ENERGY BABY RESPI-TEC PINK/ROSA;120 
041;TENIS KIDY ENERGY BABY RESPITEC;0411158;TÊNIS K.ENERGY BABY RESPI-TEC PRETO/PINK NEON;72 
041;TENIS KIDY ENERGY BABY RESPITEC;0411160;TÊNIS K.ENERGY BABY RESPI-TEC MARINHO/PINK;156 
041;TENIS KIDY ENERGY BABY RESPITEC;0411161;TÊNIS K.ENERGY BABY RESPI-TEC MARINHO/PINK/ACQUA;129 
041;TENIS KIDY ENERGY BABY RESPITEC;0411161;TÊNIS K.ENERGY BABY RESPI-TEC ROSA/LILÁS;168 
041;TENIS KIDY ENERGY BABY RESPITEC;0411163;TÊNIS KIDY ENERGY BABY RESPI-TEC MARINHO/PINK NEON;24 
041;TENIS KIDY ENERGY BABY RESPITEC;0411163;TÊNIS KIDY ENERGY BABY RESPI-TEC PINK/PINK;84 
041;TENIS KIDY ENERGY BABY RESPITEC;0411163;TÊNIS KIDY ENERGY BABY RESPI-TEC ROSA;24 
041;TENIS KIDY ENERGY BABY RESPITEC;0411164;TÊNIS KIDY ENERGY BABY RESPI-TEC PINK/NUDE;96 
041;TENIS KIDY ENERGY BABY RESPITEC;0411164;TÊNIS KIDY ENERGY BABY RESPI-TEC PRETO/PINK NEON;141 
041;TENIS KIDY ENERGY BABY RESPITEC;0411166;TÊNIS KIDY ENERGY BABY CINZA/PINK;168 
041;TENIS KIDY ENERGY BABY RESPITEC;0411166;TÊNIS KIDY ENERGY BABY MARINHO/PINK/ACQUA;454 
041;TENIS KIDY ENERGY BABY RESPITEC;0411166;TÊNIS KIDY ENERGY BABY PRETO/VERDE ACQUA;72 
041;TENIS KIDY ENERGY BABY RESPITEC;0411166;TÊNIS KIDY ENERGY BABY ROSA/AZUL/PINK;225 
041;TENIS KIDY ENERGY BABY RESPITEC;0411167;TÊNIS KIDY ENERGY BABY BLUSH/ROSA CHICLETE;114 
041;TENIS KIDY ENERGY BABY RESPITEC;0411167;TÊNIS KIDY ENERGY BABY BRANCO/ROSA/AZ.CLARO;87 
041;TENIS KIDY ENERGY BABY RESPITEC;0411167;TÊNIS KIDY ENERGY BABY MARINHO/VERDE AGUA/PINK;1.592 
041;TENIS KIDY ENERGY BABY RESPITEC;0411167;TÊNIS KIDY ENERGY BABY PINK/ROSA/AMARELO;452 
041;TENIS KIDY ENERGY BABY RESPITEC;0411167;TÊNIS KIDY ENERGY BABY PRETO/LILAS/PINK;363 
041;TENIS KIDY ENERGY BABY RESPITEC;0411168;TÊNIS KIDY ENERGY BABY PINK/VERDE ACQUA;117 
041;TENIS KIDY ENERGY BABY RESPITEC;0411168;TÊNIS KIDY ENERGY BABY PRETO/PINK/ROSA;906 
041;TENIS KIDY ENERGY BABY RESPITEC;0411169;TÊNIS K.ENERGY BABY RESPI-TEC ANIS/ROSA;12 
041;TENIS KIDY ENERGY BABY RESPITEC;0411169;TÊNIS K.ENERGY BABY RESPI-TEC MARINHO/AZUL/PINK;93 
041;TENIS KIDY ENERGY BABY RESPITEC;0411169;TÊNIS K.ENERGY BABY RESPI-TEC MARINHO/PINK NEON;96 
041;TENIS KIDY ENERGY BABY RESPITEC;0411169;TÊNIS K.ENERGY BABY RESPI-TEC PINK/VERDE ACQUA;81 
041;TENIS KIDY ENERGY BABY RESPITEC;0411169;TÊNIS K.ENERGY BABY RESPI-TEC PRETO/ROSA/CHICLETE;48 
041;TENIS KIDY ENERGY BABY RESPITEC;0411170;TÊNIS K.ENERGY BABY RESPITEC AZALEIA/JEANS;324 
041;TENIS KIDY ENERGY BABY RESPITEC;0411170;TÊNIS K.ENERGY BABY RESPITEC AZALÉIA;129 
041;TENIS KIDY ENERGY BABY RESPITEC;0411170;TÊNIS K.ENERGY BABY RESPITEC BRANCO/AZUL/ROSA;72 
041;TENIS KIDY ENERGY BABY RESPITEC;0411170;TÊNIS K.ENERGY BABY RESPITEC MARINHO/BLUSH;105 
041;TENIS KIDY ENERGY BABY RESPITEC;0411170;TÊNIS K.ENERGY BABY RESPITEC MARINHO/PINK/ACQUA;1.410 
041;TENIS KIDY ENERGY BABY RESPITEC;0411170;TÊNIS K.ENERGY BABY RESPITEC PRETO/PINK NEON;678 
041;TENIS KIDY ENERGY BABY RESPITEC;0411170;TÊNIS K.ENERGY BABY RESPITEC PRETO/PINK NEW;396 
041;TENIS KIDY ENERGY BABY RESPITEC;0411170;TÊNIS K.ENERGY BABY RESPITEC ROSA DOCE;60 
041;TENIS KIDY ENERGY BABY RESPITEC;0411171;TÊNIS K.ENERGY BABY RESPITEC CINZA/LILAS;93 
041;TENIS KIDY ENERGY BABY RESPITEC;0411171;TÊNIS K.ENERGY BABY RESPITEC MARINHO/ROSA/NUDE;492 
041;TENIS KIDY ENERGY BABY RESPITEC;0411171;TÊNIS K.ENERGY BABY RESPITEC PRETO/ACQUA/PINK;75 
041;TENIS KIDY ENERGY BABY RESPITEC;0411171;TÊNIS K.ENERGY BABY RESPITEC PRETO/PINK NEON;1.242 
041;TENIS KIDY ENERGY BABY RESPITEC;0411172;TÊNIS K.ENERGY BABY RESPITEC AZALÉIA/JEANS;159 
041;TENIS KIDY ENERGY BABY RESPITEC;0411172;TÊNIS K.ENERGY BABY RESPITEC CINZA/ROSA;87 
041;TENIS KIDY ENERGY BABY RESPITEC;0411172;TÊNIS K.ENERGY BABY RESPITEC MARINHO/ROSA/PINK;401 
041;TENIS KIDY ENERGY BABY RESPITEC;0411172;TÊNIS K.ENERGY BABY RESPITEC PRETO/LILAS;36 
041;TENIS KIDY ENERGY BABY RESPITEC;0411173;TÊNIS K.ENERGY BABY RESPITEC MARINHO/PINK NEON;174 
041;TENIS KIDY ENERGY BABY RESPITEC;0411173;TÊNIS K.ENERGY BABY RESPITEC NUDE/ROSA;555 
041;TENIS KIDY ENERGY BABY RESPITEC;0411173;TÊNIS K.ENERGY BABY RESPITEC PRETO/ACQUA/PINK;18 
041;TENIS KIDY ENERGY BABY RESPITEC;0411173;TÊNIS K.ENERGY BABY RESPITEC PRETO/ROSA/PINK NEON;255 
041;TENIS KIDY ENERGY BABY RESPITEC;0411175;TÊNIS KIDY ENERGY BABY RESPITEC LILAS;63 
041;TENIS KIDY ENERGY BABY RESPITEC;0411175;TÊNIS KIDY ENERGY BABY RESPITEC NUDE;660 
041;TENIS KIDY ENERGY BABY RESPITEC;0411175;TÊNIS KIDY ENERGY BABY RESPITEC PRETO;135 
041;TENIS KIDY ENERGY BABY RESPITEC;0411176;TÊNIS KIDY ENERGY BABY RESPITEC AZALEIA;24 
041;TENIS KIDY ENERGY BABY RESPITEC;0411176;TÊNIS KIDY ENERGY BABY RESPITEC MARINHO/PINK NEON;18 
041;TENIS KIDY ENERGY BABY RESPITEC;0411176;TÊNIS KIDY ENERGY BABY RESPITEC MARINHO/ROSA;6 
041;TENIS KIDY ENERGY BABY RESPITEC;0411176;TÊNIS KIDY ENERGY BABY RESPITEC PRETO/PINK NEON;93 
041;TENIS KIDY ENERGY BABY RESPITEC;0411177;TÊNIS KIDY ENERGY BABY RESPITEC GRAFITE/PINK;30 
041;TENIS KIDY ENERGY BABY RESPITEC;0411177;TÊNIS KIDY ENERGY BABY RESPITEC MARINHO/LILAS;165 
041;TENIS KIDY ENERGY BABY RESPITEC;0411177;TÊNIS KIDY ENERGY BABY RESPITEC PRETO/PINK NEON;1.845 
041;TENIS KIDY ENERGY BABY RESPITEC;0411177;TÊNIS KIDY ENERGY BABY RESPITEC PRETO/ROSA;366 
041;TENIS KIDY ENERGY BABY RESPITEC;0411177;TÊNIS KIDY ENERGY BABY RESPITEC ROSA/GLOSS;225 
041;TENIS KIDY ENERGY BABY RESPITEC;0411178;TÊNIS KIDY ENERGY BABY RESPITEC CINZA/ROSA;66 
041;TENIS KIDY ENERGY BABY RESPITEC;0411178;TÊNIS KIDY ENERGY BABY RESPITEC GRAFITE/VD ACQUA/GLOSS;134 
041;TENIS KIDY ENERGY BABY RESPITEC;0411178;TÊNIS KIDY ENERGY BABY RESPITEC MARFIM/DOURADO;372 
041;TENIS KIDY ENERGY BABY RESPITEC;0411178;TÊNIS KIDY ENERGY BABY RESPITEC MARINHO/AZALEIA;1.358 
041;TENIS KIDY ENERGY BABY RESPITEC;0411178;TÊNIS KIDY ENERGY BABY RESPITEC MARINHO/ROSA DOLCE;30 
041;TENIS KIDY ENERGY BABY RESPITEC;0411178;TÊNIS KIDY ENERGY BABY RESPITEC NUDE/ROSA;324 
041;TENIS KIDY ENERGY BABY RESPITEC;0411178;TÊNIS KIDY ENERGY BABY RESPITEC PRETO/AZALEIA;6 
041;TENIS KIDY ENERGY BABY RESPITEC;0411178;TÊNIS KIDY ENERGY BABY RESPITEC PRETO/GLOSS;1.539 
041;TENIS KIDY ENERGY BABY RESPITEC;0411178;TÊNIS KIDY ENERGY BABY RESPITEC PRETO/PINK NEON;414 
041;TENIS KIDY ENERGY BABY RESPITEC;0411180;TÊNIS KIDY ENERGY BABY RESPITEC CINZA/LILAS;2.637 
041;TENIS KIDY ENERGY BABY RESPITEC;0411180;TÊNIS KIDY ENERGY BABY RESPITEC GRAFITE/PRETO/PINK;302 
041;TENIS KIDY ENERGY BABY RESPITEC;0411180;TÊNIS KIDY ENERGY BABY RESPITEC MARINHO/MAGENTA;2.012 
041;TENIS KIDY ENERGY BABY RESPITEC;0411180;TÊNIS KIDY ENERGY BABY RESPITEC PRETO/ROSA;39 
041;TENIS KIDY ENERGY BABY RESPITEC;0411180;TÊNIS KIDY ENERGY BABY RESPITEC PRETO/ROSA/AZUL;576 
041;TENIS KIDY ENERGY BABY RESPITEC;0411181;TÊNIS KIDY ENERGY BABY RESPITEC BLUSH/ROSA;465 
041;TENIS KIDY ENERGY BABY RESPITEC;0411181;TÊNIS KIDY ENERGY BABY RESPITEC CINZA/VERDE ACQUA;48 
041;TENIS KIDY ENERGY BABY RESPITEC;0411181;TÊNIS KIDY ENERGY BABY RESPITEC MARFIM/BRONZE;72 
041;TENIS KIDY ENERGY BABY RESPITEC;0411181;TÊNIS KIDY ENERGY BABY RESPITEC MARINHO/ROSA/PINK;417 
041;TENIS KIDY ENERGY BABY RESPITEC;0411181;TÊNIS KIDY ENERGY BABY RESPITEC PRETO/ACQUA/PINK;489 
041;TENIS KIDY ENERGY BABY RESPITEC;0411181;TÊNIS KIDY ENERGY BABY RESPITEC PRETO/MAGENTA;814 
041;TENIS KIDY ENERGY BABY RESPITEC;0411181;TÊNIS KIDY ENERGY BABY RESPITEC PRETO/ROSA;36 
041;TENIS KIDY ENERGY BABY RESPITEC;0411182;TENIS KIDY ENERGY BABY RESPITEC MARFIM/BRONZE;18 
041;TENIS KIDY ENERGY BABY RESPITEC;0411182;TENIS KIDY ENERGY BABY RESPITEC MARINHO/MAGENTA;165 
041;TENIS KIDY ENERGY BABY RESPITEC;0411182;TENIS KIDY ENERGY BABY RESPITEC PRETO/ACQUA/PINK;24 
041;TENIS KIDY ENERGY BABY RESPITEC;0411182;TENIS KIDY ENERGY BABY RESPITEC PRETO/ROSA/PINK;126 
041;TENIS KIDY ENERGY BABY RESPITEC;0411183;TENIS KIDY ENERGY BABY RESPITEC MARFIM/DOURADO;63 
041;TENIS KIDY ENERGY BABY RESPITEC;0411183;TENIS KIDY ENERGY BABY RESPITEC MARINHO/GLOSS;81 
041;TENIS KIDY ENERGY BABY RESPITEC;0411183;TENIS KIDY ENERGY BABY RESPITEC MARINHO/ROSA;48 
041;TENIS KIDY ENERGY BABY RESPITEC;0411183;TENIS KIDY ENERGY BABY RESPITEC PRETO/AZALEIA;102 
041;TENIS KIDY ENERGY BABY RESPITEC;0411183;TENIS KIDY ENERGY BABY RESPITEC PRETO/ROSA;0 
041;TENIS KIDY ENERGY BABY RESPITEC;0411183;TENIS KIDY ENERGY BABY RESPITEC ROSA/BLUSH;201 
041;TENIS KIDY ENERGY BABY RESPITEC;0411184;TÊNIS KIDY ENERGY BABY RESPITEC BLUSH/ROSA;396 
041;TENIS KIDY ENERGY BABY RESPITEC;0411185;TÊNIS KIDY ENERGY BABY RESPITEC AZUL CLARO/ROSA;72 
041;TENIS KIDY ENERGY BABY RESPITEC;0411185;TÊNIS KIDY ENERGY BABY RESPITEC BRANCO/ROSA;12 
041;TENIS KIDY ENERGY BABY RESPITEC;0411185;TÊNIS KIDY ENERGY BABY RESPITEC MARFIM/OURO;66 
041;TENIS KIDY ENERGY BABY RESPITEC;0411185;TÊNIS KIDY ENERGY BABY RESPITEC PRETO/ROSA;72 
041;TENIS KIDY ENERGY BABY RESPITEC;0411185;TÊNIS KIDY ENERGY BABY RESPITEC ROSA/PRATA;54 
041;TENIS KIDY ENERGY BABY RESPITEC;0411186;TÊNIS KIDY ENERGY BABY RESPITEC BRANCO/ROSA;21 
041;TENIS KIDY ENERGY BABY RESPITEC;0411186;TÊNIS KIDY ENERGY BABY RESPITEC MARFIM/OURO;18 
041;TENIS KIDY ENERGY BABY RESPITEC;0411186;TÊNIS KIDY ENERGY BABY RESPITEC MARINHO/GLOSS;102 
041;TENIS KIDY ENERGY BABY RESPITEC;0411186;TÊNIS KIDY ENERGY BABY RESPITEC PRETO/GLOSS;24 
041;TENIS KIDY ENERGY BABY RESPITEC;0411186;TÊNIS KIDY ENERGY BABY RESPITEC PRETO/MAGENTA;333 
041;TENIS KIDY ENERGY BABY RESPITEC;0411186;TÊNIS KIDY ENERGY BABY RESPITEC ROSA/PINK;150 
041;TENIS KIDY ENERGY BABY RESPITEC;0413500;TÊNIS KIDY ENERGY IMPULSO BABY AZ/ROYAL/LRNJ NEON;63 
041;TENIS KIDY ENERGY BABY RESPITEC;0413500;TÊNIS KIDY ENERGY IMPULSO BABY MARINHO/LARANJA NEON/AZUL;312 
041;TENIS KIDY ENERGY BABY RESPITEC;0413500;TÊNIS KIDY ENERGY IMPULSO BABY MARINHO/VERDE;927 
041;TENIS KIDY ENERGY BABY RESPITEC;0413500;TÊNIS KIDY ENERGY IMPULSO BABY PRETO/AMARELO NEON;135 
041;TENIS KIDY ENERGY BABY RESPITEC;0413501;TÊNIS KIDY ENERGY IMPULSO BABY GRAFITE/PTO/LRNJ NEON;177 
041;TENIS KIDY ENERGY BABY RESPITEC;0413501;TÊNIS KIDY ENERGY IMPULSO BABY MARINHO/LIMA NEON;342 
041;TENIS KIDY ENERGY BABY RESPITEC;0413501;TÊNIS KIDY ENERGY IMPULSO BABY PRETO/AZ.ROYAL/AMRL NEON;156 
041;TENIS KIDY ENERGY BABY RESPITEC;0413501;TÊNIS KIDY ENERGY IMPULSO BABY PRETO/VERDE NEON;66 
041;TENIS KIDY ENERGY BABY RESPITEC;0413501;TÊNIS KIDY ENERGY IMPULSO BABY PRETO/VERMELHO;423 
041;TENIS KIDY ENERGY BABY RESPITEC;0413506;TÊNIS KIDY ENERGY IMPULSO BABY AZUL ROYAL/AMARELO NEON;114 
041;TENIS KIDY ENERGY BABY RESPITEC;0413506;TÊNIS KIDY ENERGY IMPULSO BABY MARINHO/VERMELHO/AMARELO NEON;39 
041;TENIS KIDY ENERGY BABY RESPITEC;0413506;TÊNIS KIDY ENERGY IMPULSO BABY PRETO/AZUL ROYAL;24 
041;TENIS KIDY ENERGY BABY RESPITEC;0413506;TÊNIS KIDY ENERGY IMPULSO BABY PRETO/LARANJA NEON;291 
041;TENIS KIDY ENERGY BABY RESPITEC;0413507;TÊNIS K.ENERGY BABY RESPI-TEC GRAFITE/VERDE;78 
041;TENIS KIDY ENERGY BABY RESPITEC;0413507;TÊNIS K.ENERGY BABY RESPI-TEC MARINHO/LARANJA NEON;117 
041;TENIS KIDY ENERGY BABY RESPITEC;0413507;TÊNIS K.ENERGY BABY RESPI-TEC PRETO/AZ.ROYAL/AMRL NEON;18 
041;TENIS KIDY ENERGY BABY RESPITEC;0413507;TÊNIS K.ENERGY BABY RESPI-TEC PRETO/AZUL ROYAL;138 
041;TENIS KIDY ENERGY BABY RESPITEC;0413508;TÊNIS KIDY ENERGY IMPULSO BABY AZUL/PRETO/AMARELO;225 
041;TENIS KIDY ENERGY BABY RESPITEC;0413508;TÊNIS KIDY ENERGY IMPULSO BABY MARINHO;402 
041;TENIS KIDY ENERGY BABY RESPITEC;0413508;TÊNIS KIDY ENERGY IMPULSO BABY MARINHO/LARANJA/AMARELO NEON;238 
041;TENIS KIDY ENERGY BABY RESPITEC;0413508;TÊNIS KIDY ENERGY IMPULSO BABY PRETO/AMARELO NEON;645 
041;TENIS KIDY ENERGY BABY RESPITEC;0413508;TÊNIS KIDY ENERGY IMPULSO BABY PRETO/VERMELHO;87 
041;TENIS KIDY ENERGY BABY RESPITEC;0413511;TÊNIS KIDY ENERGY IMPULSO BABY AZUL ROYAL/VERMELHO;156 
041;TENIS KIDY ENERGY BABY RESPITEC;0413511;TÊNIS KIDY ENERGY IMPULSO BABY MARINHO/AMARELO NEON;129 
041;TENIS KIDY ENERGY BABY RESPITEC;0413511;TÊNIS KIDY ENERGY IMPULSO BABY PRETO/AZUL/GELO;159 
041;TENIS KIDY ENERGY BABY RESPITEC;0413511;TÊNIS KIDY ENERGY IMPULSO BABY PRETO/LARANJA NEON;96 
041;TENIS KIDY ENERGY BABY RESPITEC;0413512;TÊNIS KIDY ENERGY IMPULSO BABY AZUL ROYAL/VERDE;9 
041;TENIS KIDY ENERGY BABY RESPITEC;0413512;TÊNIS KIDY ENERGY IMPULSO BABY GRAFITE/PRETO/LARANJA;9 
041;TENIS KIDY ENERGY BABY RESPITEC;0413512;TÊNIS KIDY ENERGY IMPULSO BABY MARINHO/VERMELHO;408 
041;TENIS KIDY ENERGY BABY RESPITEC;0413512;TÊNIS KIDY ENERGY IMPULSO BABY PRETO/AZUL ROYAL;304 
041;TENIS KIDY ENERGY BABY RESPITEC;0413513;TÊNIS KIDY ENERGY IMPULSO BABY MARINHO/LRNJA/AMRL.NEON;128 
041;TENIS KIDY ENERGY BABY RESPITEC;0413513;TÊNIS KIDY ENERGY IMPULSO BABY MARINHO/VERMELHO;462 
041;TENIS KIDY ENERGY BABY RESPITEC;0413513;TÊNIS KIDY ENERGY IMPULSO BABY PRETO/GELO/VERDE;12 
041;TENIS KIDY ENERGY BABY RESPITEC;0413514;TÊNIS KIDY ENERGY IMPULSO BABY MARINHO/AMARELO/GELO;12 
041;TENIS KIDY ENERGY BABY RESPITEC;0413514;TÊNIS KIDY ENERGY IMPULSO BABY MARINHO/AZ.ROYAL/AMRL.NEON;156 
041;TENIS KIDY ENERGY BABY RESPITEC;0413514;TÊNIS KIDY ENERGY IMPULSO BABY PRETO/GRAFITE/LRNJ.NEON;318 
041;TENIS KIDY ENERGY BABY RESPITEC;0413514;TÊNIS KIDY ENERGY IMPULSO BABY PRETO/VERMELHO;24 
041;TENIS KIDY ENERGY BABY RESPITEC;0414500;TÊNIS KIDY ENERGY IMPULSO BABY CINZA/PINK;138 
041;TENIS KIDY ENERGY BABY RESPITEC;0414500;TÊNIS KIDY ENERGY IMPULSO BABY MARINHO/PINK/ACQUA;51 
041;TENIS KIDY ENERGY BABY RESPITEC;0414500;TÊNIS KIDY ENERGY IMPULSO BABY PRETO/VERDE ACQUA;48 
041;TENIS KIDY ENERGY BABY RESPITEC;0414500;TÊNIS KIDY ENERGY IMPULSO BABY ROSA/AZUL/PINK;84 
041;TENIS KIDY ENERGY BABY RESPITEC;0414501;TÊNIS KIDY ENERGY IMPULSO BABY BCO/RS/AZ.CLARO;186 
041;TENIS KIDY ENERGY BABY RESPITEC;0414501;TÊNIS KIDY ENERGY IMPULSO BABY BLUSH/ROSA CHICLETE;66 
041;TENIS KIDY ENERGY BABY RESPITEC;0414501;TÊNIS KIDY ENERGY IMPULSO BABY MARINHO/VERDE AGUA/PINK;177 
041;TENIS KIDY ENERGY BABY RESPITEC;0414501;TÊNIS KIDY ENERGY IMPULSO BABY PINK/RS/AMRL;18 
041;TENIS KIDY ENERGY BABY RESPITEC;0414501;TÊNIS KIDY ENERGY IMPULSO BABY PRETO/LILAS/PINK;24 
041;TENIS KIDY ENERGY BABY RESPITEC;0414506;TÊNIS KIDY ENERGY IMPULSO BABY MARINHO/LILAS;36 
041;TENIS KIDY ENERGY BABY RESPITEC;0414506;TÊNIS KIDY ENERGY IMPULSO BABY PINK/VERDE ACQUA;90 
041;TENIS KIDY ENERGY BABY RESPITEC;0414506;TÊNIS KIDY ENERGY IMPULSO BABY PRETO/ORQUIDEA;18 
041;TENIS KIDY ENERGY BABY RESPITEC;0414506;TÊNIS KIDY ENERGY IMPULSO BABY PRETO/PINK/ROSA;135 
041;TENIS KIDY ENERGY BABY RESPITEC;0414507;TÊNIS K.ENERGY BABY RESPI-TEC ANIS/ROSA;45 
041;TENIS KIDY ENERGY BABY RESPITEC;0414507;TÊNIS K.ENERGY BABY RESPI-TEC MARINHO/PINK NEON;63 
041;TENIS KIDY ENERGY BABY RESPITEC;0414507;TÊNIS K.ENERGY BABY RESPI-TEC PINK/VERDE ACQUA;12 
041;TENIS KIDY ENERGY BABY RESPITEC;0414507;TÊNIS K.ENERGY BABY RESPI-TEC PRETO/ROSA CHICLETE;150 
041;TENIS KIDY ENERGY BABY RESPITEC;0414508;TÊNIS KIDY ENERGY IMPULSO BABY AZALEIA/JEANS;99 
041;TENIS KIDY ENERGY BABY RESPITEC;0414508;TÊNIS KIDY ENERGY IMPULSO BABY BRANCO/AZUL/ROSA;39 
041;TENIS KIDY ENERGY BABY RESPITEC;0414508;TÊNIS KIDY ENERGY IMPULSO BABY MARINHO/ACQUA/PINK;639 
041;TENIS KIDY ENERGY BABY RESPITEC;0414508;TÊNIS KIDY ENERGY IMPULSO BABY PRETO/PINK NEON;15 
041;TENIS KIDY ENERGY BABY RESPITEC;0414508;TÊNIS KIDY ENERGY IMPULSO BABY PRETO/PINK NEW;123 
041;TENIS KIDY ENERGY BABY RESPITEC;0414511;TÊNIS KIDY ENERGY IMPULSO BABY CINZA/LILAS;33 
041;TENIS KIDY ENERGY BABY RESPITEC;0414511;TÊNIS KIDY ENERGY IMPULSO BABY MARINHO/ROSA/NUDE;30 
041;TENIS KIDY ENERGY BABY RESPITEC;0414511;TÊNIS KIDY ENERGY IMPULSO BABY PRETO/ACQUA/PINK;39 
041;TENIS KIDY ENERGY BABY RESPITEC;0414511;TÊNIS KIDY ENERGY IMPULSO BABY PRETO/PINK NEON;42 
041;TENIS KIDY ENERGY BABY RESPITEC;0414512;TÊNIS KIDY ENERGY IMPULSO BABY AZALÉIA/JEANS;45 
041;TENIS KIDY ENERGY BABY RESPITEC;0414512;TÊNIS KIDY ENERGY IMPULSO BABY CINZA/ROSA;6 
041;TENIS KIDY ENERGY BABY RESPITEC;0414512;TÊNIS KIDY ENERGY IMPULSO BABY MARINHO/ROSA/PINK;351 
041;TENIS KIDY ENERGY BABY RESPITEC;0414512;TÊNIS KIDY ENERGY IMPULSO BABY PRETO/LILAS;12 
041;TENIS KIDY ENERGY BABY RESPITEC;0414513;TÊNIS KIDY ENERGY IMPULSO BABY MARINHO/PINK NEON;36 
041;TENIS KIDY ENERGY BABY RESPITEC;0414513;TÊNIS KIDY ENERGY IMPULSO BABY NUDE/ROSA;795 
041;TENIS KIDY ENERGY BABY RESPITEC;0414513;TÊNIS KIDY ENERGY IMPULSO BABY PRETO/ROSA/PINK NEON;48 
041;TENIS KIDY ENERGY BABY RESPITEC;0414514;TÊNIS KIDY ENERGY IMPULSO BABY AZUL/ROSA;21 
041;TENIS KIDY ENERGY BABY RESPITEC;0414514;TÊNIS KIDY ENERGY IMPULSO BABY MARINHO/LILAS;12 
041;TENIS KIDY ENERGY BABY RESPITEC;0414514;TÊNIS KIDY ENERGY IMPULSO BABY PRETO/PINK NEON;12 
042;SANDALIA KIDY SLIDE;0423000;SANDÁLIA KIDY SLIDE OURO S.S.;12 
042;SANDALIA KIDY SLIDE;0423001;SANDÁLIA KIDY SLIDE PRETO S.S.;12 
042;SANDALIA KIDY SLIDE;0423003;SANDÁLIA KIDY SLIDE NUDE S.S.;12 
048;SANDALIA KIDY FASHION;0480239;SANDÁLIA KID FASHION OURO;12 
050;MOCASSIM KIDY INFANTIL;0500031;MOCASSIM KIDY INFANTIL CASTANHO;12 
050;MOCASSIM KIDY INFANTIL;0500032;MOCASSIM KIDY INFANTIL MARINHO/DAMASCO;60 
053;TÊNIS KIDY INFANTIL PROTECT;0530002;TÊNIS KIDY INF.PROTECT PRETO/AMARELO NEON (C/4 PASTILHAS REPELENTES);12 
058;SANDÁLIA KIDY BRISA;0583001;SANDÁLIA KIDY BRISA S.S. PRETO;12 
058;SANDÁLIA KIDY BRISA;0583002;SANDÁLIA KIDY BRISA S.S. NUDE;12 
059;TENIS KIDY LOVE BABY;0590100;TÊNIS KIDY LOVE BABY ROSÊ;6 
059;TENIS KIDY LOVE BABY;0590102;TÊNIS KIDY LOVE BABY PRETO/PINK .;18 
059;TENIS KIDY LOVE BABY;0590130;TÊNIS KIDY LOVE BABY NUDE;12 
059;TENIS KIDY LOVE BABY;0590144;TÊNIS KIDY LOVE BABY NUDE;8 
059;TENIS KIDY LOVE BABY;0590165;TÊNIS KIDY LOVE BABY PRATA;132 
059;TENIS KIDY LOVE BABY;0590168;TÊNIS KIDY LOVE BABY BRANCO/COLORIDO;12 
059;TENIS KIDY LOVE BABY;0590179;TÊNIS KIDY LOVE BABY BRANCO/VIOLETA;12 
059;TENIS KIDY LOVE BABY;0593001;TÊNIS KIDY LOVE BABY S.S. MARFIM/PINK;12 
059;TENIS KIDY LOVE BABY;0593002;TÊNIS KIDY LOVE BABY S.S. BRANCO/PINK;12 
062;TENIS KIDY SPEED RESPITEC;0621012;TÊNIS KIDY SPEED MARINHO/ROSA/AZ.PISCINA;12 
066;TÊNIS KIDY CLASSIC BABY;0660050;SAPATÊNIS KIDY CLASSIC BABY AZUL ROYAL/BRANCO;12 
066;TÊNIS KIDY CLASSIC BABY;0660051;SAPATÊNIS KIDY CLASSIC BABY VERMELHO/BRANCO;12 
066;TÊNIS KIDY CLASSIC BABY;0660052;SAPATÊNIS KIDY CLASSIC BABY MARINHO/BRANCO;12 
066;TÊNIS KIDY CLASSIC BABY;0660055;SAPATÊNIS KIDY CLASSIC BABY TAUPE NEW;12 
066;TÊNIS KIDY CLASSIC BABY;0660060;SAPATÊNIS KIDY CLASSIC BABY VERDE MILITAR;12 
066;TÊNIS KIDY CLASSIC BABY;0660061;SAPATÊNIS KIDY CLASSIC BABY PRETO;12 
066;TÊNIS KIDY CLASSIC BABY;0660062;SAPATÊNIS KIDY CLASSIC BABY MARINHO;12 
066;TÊNIS KIDY CLASSIC BABY;0660063;SAPATÊNIS KIDY CLASSIC BABY VERDE MILITAR;12 
068;TENIS KIDY STREET;0687010;TÊNIS KIDY STREET PRETO/BRANCO;12 
069;SAND.KIDY FLEX ANATÔMICA;0691000;SANDALIA KIDY FLEX MARINHO/LARANJA;12 
069;SAND.KIDY FLEX ANATÔMICA;0691001;SANDALIA KIDY FLEX MARINHO/LARANJA;12 
069;SAND.KIDY FLEX ANATÔMICA;0697356;SANDALIA KIDY FLEX COMFORT PRETO;12 
069;SAND.KIDY FLEX ANATÔMICA;0697477;SANDALIA KIDY FLEX PRETO/BRANCO;39 
069;SAND.KIDY FLEX ANATÔMICA;0699359;SANDALIA KIDY FLEX CAFÉ/TAUPE;60 
069;SAND.KIDY FLEX ANATÔMICA;0699359;SANDALIA KIDY FLEX MARINHO/AZUL ROYAL;108 
069;SAND.KIDY FLEX ANATÔMICA;0699360;SANDALIA KIDY FLEX MARINHO/GELO/VERMELHO;24 
069;SAND.KIDY FLEX ANATÔMICA;0699365;SANDALIA KIDY FLEX MARINHO;36 
069;SAND.KIDY FLEX ANATÔMICA;0699366;SANDALIA KIDY FLEX MARINHO;12 
069;SAND.KIDY FLEX ANATÔMICA;0699385;SANDALIA KIDY FLEX CONFORT CINZA;12 
069;SAND.KIDY FLEX ANATÔMICA;0699389;SANDALIA KIDY FLEX MARINHO/CINZA/VERMELHO;12 
069;SAND.KIDY FLEX ANATÔMICA;0699409;SANDALIA KIDY FLEX CONFORT CINZA/MARINHO;12 
069;SAND.KIDY FLEX ANATÔMICA;0699423;SANDALIA KIDY FLEX CONFORT MARINHO;12 
069;SAND.KIDY FLEX ANATÔMICA;0699456;SANDALIA KIDY FLEX CONFORT MARROM;252 
069;SAND.KIDY FLEX ANATÔMICA;0699457;SANDALIA KIDY FLEX CONFORT MARINHO/CARAMELO;360 
069;SAND.KIDY FLEX ANATÔMICA;0699457;SANDALIA KIDY FLEX CONFORT TAUPE/MARROM;360 
069;SAND.KIDY FLEX ANATÔMICA;0699460;SANDALIA KIDY FLEX CONFORT BRANCO/MARINHO/AZUL;72 
069;SAND.KIDY FLEX ANATÔMICA;0699460;SANDALIA KIDY FLEX CONFORT MARROM/LARANJA;1.020 
069;SAND.KIDY FLEX ANATÔMICA;0699462;SANDALIA KIDY FLEX CONFORT MARROM/PRETO;24 
069;SAND.KIDY FLEX ANATÔMICA;0699464;SANDALIA KIDY FLEX CONFORT PRETO;48 
069;SAND.KIDY FLEX ANATÔMICA;0699465;SANDALIA KIDY FLEX CONFORT PRETO;96 
069;SAND.KIDY FLEX ANATÔMICA;0699470;SANDALIA KIDY FLEX CONFORT AZUL STONE/MARINHO;500 
069;SAND.KIDY FLEX ANATÔMICA;0699470;SANDALIA KIDY FLEX CONFORT CARAMELO/CAFÉ;747 
069;SAND.KIDY FLEX ANATÔMICA;0699470;SANDALIA KIDY FLEX CONFORT CARAMELO/MARROM;562 
069;SAND.KIDY FLEX ANATÔMICA;0699470;SANDALIA KIDY FLEX CONFORT CASTANHO/MARINHO;327 
069;SAND.KIDY FLEX ANATÔMICA;0699470;SANDALIA KIDY FLEX CONFORT PRETO/CREPE;60 
069;SAND.KIDY FLEX ANATÔMICA;0699470;SANDALIA KIDY FLEX CONFORT PRETO/MARROM;1.370 
069;SAND.KIDY FLEX ANATÔMICA;0699471;SANDALIA KIDY FLEX CONFORT AZUL STONE/MARINHO;156 
069;SAND.KIDY FLEX ANATÔMICA;0699471;SANDALIA KIDY FLEX CONFORT CARAMELO/CAFÉ;24 
069;SAND.KIDY FLEX ANATÔMICA;0699471;SANDALIA KIDY FLEX CONFORT NATURAL/CARAMELO;624 
069;SAND.KIDY FLEX ANATÔMICA;0699473;SANDALIA KIDY FLEX CONFORT CARAMELO;877 
069;SAND.KIDY FLEX ANATÔMICA;0699473;SANDALIA KIDY FLEX CONFORT MARINHO;48 
069;SAND.KIDY FLEX ANATÔMICA;0699474;SANDALIA KIDY FLEX CONFORT CAFÉ;12 
069;SAND.KIDY FLEX ANATÔMICA;0699474;SANDALIA KIDY FLEX CONFORT CARAMELO;60 
069;SAND.KIDY FLEX ANATÔMICA;0699474;SANDALIA KIDY FLEX CONFORT MARINHO;900 
069;SAND.KIDY FLEX ANATÔMICA;0699475;SANDALIA KIDY FLEX COURO BRANCO/MARINHO/AZUL;12 
069;SAND.KIDY FLEX ANATÔMICA;0699476;SANDALIA KIDY FLEX COURO GRAFITE/PRETO;12 
069;SAND.KIDY FLEX ANATÔMICA;0699477;SANDALIA KIDY FLEX COURO CINZA/MARINHO;12 
069;SAND.KIDY FLEX ANATÔMICA;0699478;SANDALIA KIDY FLEX COURO PRETO;24 
069;SAND.KIDY FLEX ANATÔMICA;0699479;SANDALIA KIDY FLEX CONFORT PRETO;12 
069;SAND.KIDY FLEX ANATÔMICA;0699481;SANDALIA KIDY FLEX MARINHO/AZUL STONE/LARANJA;12 
069;SAND.KIDY FLEX ANATÔMICA;0699483;SANDALIA KIDY FLEX CARAMELO/MARROM;252 
069;SAND.KIDY FLEX ANATÔMICA;0699483;SANDALIA KIDY FLEX MARINHO/AZUL STONE;9 
069;SAND.KIDY FLEX ANATÔMICA;0699483;SANDALIA KIDY FLEX PRETO/MARROM;12 
069;SAND.KIDY FLEX ANATÔMICA;0699484;SANDALIA KIDY FLEX CASTOR/PRETO;516 
069;SAND.KIDY FLEX ANATÔMICA;0699484;SANDALIA KIDY FLEX MARINHO/GELO;452 
069;SAND.KIDY FLEX ANATÔMICA;0699484;SANDALIA KIDY FLEX MARINHO/NATURAL/LARANJA;504 
069;SAND.KIDY FLEX ANATÔMICA;0699484;SANDALIA KIDY FLEX MARROM/CAFÉ;1.325 
069;SAND.KIDY FLEX ANATÔMICA;0699484;SANDALIA KIDY FLEX PRETO/LARANJA/CINZA;971 
069;SAND.KIDY FLEX ANATÔMICA;0699485;SANDALIA KIDY FLEX MARROM/PRETO;24 
069;SAND.KIDY FLEX ANATÔMICA;0699486;SANDALIA KIDY FLEX MARINHO/GELO;12 
069;SAND.KIDY FLEX ANATÔMICA;0699486;SANDALIA KIDY FLEX NATURAL/CARAMELO;96 
069;SAND.KIDY FLEX ANATÔMICA;0699486;SANDALIA KIDY FLEX TAUPE/BEGE;12 
069;SAND.KIDY FLEX ANATÔMICA;0699488;SANDALIA KIDY FLEX CONFORT PRETO;24 
069;SAND.KIDY FLEX ANATÔMICA;0699492;SANDALIA KIDY FLEX ANATOMICA CAFE/CASTOR;264 
069;SAND.KIDY FLEX ANATÔMICA;0699492;SANDALIA KIDY FLEX ANATOMICA MARINHO/AZ.STONE/LARANJA;459 
069;SAND.KIDY FLEX ANATÔMICA;0699492;SANDALIA KIDY FLEX ANATOMICA MARROM/PRETO;48 
069;SAND.KIDY FLEX ANATÔMICA;0699492;SANDALIA KIDY FLEX ANATOMICA PRETO/VERMELHO;486 
069;SAND.KIDY FLEX ANATÔMICA;0699493;SANDALIA KIDY FLEX ANATOMICA CASTANHO/CARAMELO;222 
069;SAND.KIDY FLEX ANATÔMICA;0699493;SANDALIA KIDY FLEX ANATOMICA CASTANHO/PRETO;952 
069;SAND.KIDY FLEX ANATÔMICA;0699493;SANDALIA KIDY FLEX ANATOMICA MARINHO/AZ.STONE/LARANJA;900 
069;SAND.KIDY FLEX ANATÔMICA;0699493;SANDALIA KIDY FLEX ANATOMICA PRETO/LARANJA;492 
069;SAND.KIDY FLEX ANATÔMICA;0699494;SANDALIA KIDY FLEX ANATOMICA CASTOR/CAFE;153 
069;SAND.KIDY FLEX ANATÔMICA;0699494;SANDALIA KIDY FLEX ANATOMICA MARINHO/PRETO;468 
069;SAND.KIDY FLEX ANATÔMICA;0699494;SANDALIA KIDY FLEX ANATOMICA MARROM/PRETO;2.561 
069;SAND.KIDY FLEX ANATÔMICA;0699494;SANDALIA KIDY FLEX ANATOMICA PRETO/GELO;366 
069;SAND.KIDY FLEX ANATÔMICA;0699495;SANDALIA KIDY FLEX ANATOMICA AZUL STONE/VERDE;24 
069;SAND.KIDY FLEX ANATÔMICA;0699495;SANDALIA KIDY FLEX ANATOMICA CAFE/CASTANHO;738 
069;SAND.KIDY FLEX ANATÔMICA;0699495;SANDALIA KIDY FLEX ANATOMICA CASTANHO/MARINHO;180 
069;SAND.KIDY FLEX ANATÔMICA;0699495;SANDALIA KIDY FLEX ANATOMICA MARINHO/AZUL STONE;1.741 
069;SAND.KIDY FLEX ANATÔMICA;0699495;SANDALIA KIDY FLEX ANATOMICA NATURAL;342 
069;SAND.KIDY FLEX ANATÔMICA;0699495;SANDALIA KIDY FLEX ANATOMICA PRETO;306 
069;SAND.KIDY FLEX ANATÔMICA;0699498;SANDALIA KIDY FLEX ANATOMICA CAFE;636 
069;SAND.KIDY FLEX ANATÔMICA;0699498;SANDALIA KIDY FLEX ANATOMICA MARINHO;450 
069;SAND.KIDY FLEX ANATÔMICA;0699498;SANDALIA KIDY FLEX ANATOMICA NATURAL;84 
069;SAND.KIDY FLEX ANATÔMICA;0699498;SANDALIA KIDY FLEX ANATOMICA PRETO;1.738 
069;SAND.KIDY FLEX ANATÔMICA;0699498;SANDALIA KIDY FLEX ANATOMICA PRETO/VERDE;456 
069;SAND.KIDY FLEX ANATÔMICA;0699499;SANDALIA KIDY FLEX ANATOMICA CAFE;5.474 
069;SAND.KIDY FLEX ANATÔMICA;0699499;SANDALIA KIDY FLEX ANATOMICA CASTOR;2.295 
069;SAND.KIDY FLEX ANATÔMICA;0699499;SANDALIA KIDY FLEX ANATOMICA CINZA/MARINHO;21 
069;SAND.KIDY FLEX ANATÔMICA;0699499;SANDALIA KIDY FLEX ANATOMICA MARINHO;3.081 
069;SAND.KIDY FLEX ANATÔMICA;0699499;SANDALIA KIDY FLEX ANATOMICA NATURAL;594 
069;SAND.KIDY FLEX ANATÔMICA;0699499;SANDALIA KIDY FLEX ANATOMICA PRETO;513 
069;SAND.KIDY FLEX ANATÔMICA;0699500;SANDALIA KIDY FLEX ANATOMICA CAFE/CASTANHO;2.066 
069;SAND.KIDY FLEX ANATÔMICA;0699500;SANDALIA KIDY FLEX ANATOMICA CASTOR/LARANJA;783 
069;SAND.KIDY FLEX ANATÔMICA;0699500;SANDALIA KIDY FLEX ANATOMICA MARINHO/CARAMELO;2.816 
069;SAND.KIDY FLEX ANATÔMICA;0699500;SANDALIA KIDY FLEX ANATOMICA MARINHO/VERMELHO/AREIA;1.125 
069;SAND.KIDY FLEX ANATÔMICA;0699500;SANDALIA KIDY FLEX ANATOMICA NATURAL/CARAMELO;1.659 
069;SAND.KIDY FLEX ANATÔMICA;0699500;SANDALIA KIDY FLEX ANATOMICA PRETO/CAFE;624 
069;SAND.KIDY FLEX ANATÔMICA;0699502;SANDALIA KIDY FLEX ANATOMICA CARAMELO;336 
069;SAND.KIDY FLEX ANATÔMICA;0699502;SANDALIA KIDY FLEX ANATOMICA CASTANHO;1.920 
069;SAND.KIDY FLEX ANATÔMICA;0699502;SANDALIA KIDY FLEX ANATOMICA MARINHO;147 
069;SAND.KIDY FLEX ANATÔMICA;0699502;SANDALIA KIDY FLEX ANATOMICA PRETO;4.605 
069;SAND.KIDY FLEX ANATÔMICA;0699503;SANDALIA KIDY FLEX ANATOMICA CARAMELO;3.454 
069;SAND.KIDY FLEX ANATÔMICA;0699503;SANDALIA KIDY FLEX ANATOMICA CASTANHO;471 
069;SAND.KIDY FLEX ANATÔMICA;0699503;SANDALIA KIDY FLEX ANATOMICA MARINHO;267 
069;SAND.KIDY FLEX ANATÔMICA;0699503;SANDALIA KIDY FLEX ANATOMICA PRETO;696 
069;SAND.KIDY FLEX ANATÔMICA;0699505;SANDALIA KIDY FLEX ANATOMICA CINZA/VERDE;30 
069;SAND.KIDY FLEX ANATÔMICA;0699505;SANDALIA KIDY FLEX ANATOMICA GRAFITE/LARANJA;429 
069;SAND.KIDY FLEX ANATÔMICA;0699505;SANDALIA KIDY FLEX ANATOMICA MARINHO/AZUL ROYAL;144 
069;SAND.KIDY FLEX ANATÔMICA;0699505;SANDALIA KIDY FLEX ANATOMICA PRETO/VERDE MILITAR;174 
069;SAND.KIDY FLEX ANATÔMICA;0699506;SANDALIA KIDY FLEX ANATOMICA AZUL ROYAL/MARINHO;54 
069;SAND.KIDY FLEX ANATÔMICA;0699506;SANDALIA KIDY FLEX ANATOMICA CINZA/GRAFITE/VERMELHO;114 
069;SAND.KIDY FLEX ANATÔMICA;0699506;SANDALIA KIDY FLEX ANATOMICA MARROM/CASTOR/LARANJA;69 
069;SAND.KIDY FLEX ANATÔMICA;0699506;SANDALIA KIDY FLEX ANATOMICA PRETO/VERDE MILITAR;12 
069;SAND.KIDY FLEX ANATÔMICA;0699507;SANDALIA KIDY FLEX ANATOMICA GRAFITE/MARINHO;90 
069;SAND.KIDY FLEX ANATÔMICA;0699507;SANDALIA KIDY FLEX ANATOMICA MARINHO/TELHA;918 
069;SAND.KIDY FLEX ANATÔMICA;0699507;SANDALIA KIDY FLEX ANATOMICA MARROM/CARAMELO;761 
069;SAND.KIDY FLEX ANATÔMICA;0699507;SANDALIA KIDY FLEX ANATOMICA MOSTARDA/VERDE;162 
069;SAND.KIDY FLEX ANATÔMICA;0699507;SANDALIA KIDY FLEX ANATOMICA NATURAL/CARAMELO;2.684 
069;SAND.KIDY FLEX ANATÔMICA;0699508;SANDALIA KIDY FLEX ANATOMICA CARAMELO;550 
069;SAND.KIDY FLEX ANATÔMICA;0699508;SANDALIA KIDY FLEX ANATOMICA MARINHO;116 
069;SAND.KIDY FLEX ANATÔMICA;0699508;SANDALIA KIDY FLEX ANATOMICA MARINHO/CAFE;1.161 
069;SAND.KIDY FLEX ANATÔMICA;0699508;SANDALIA KIDY FLEX ANATOMICA MARROM/CARAMELO;1.718 
069;SAND.KIDY FLEX ANATÔMICA;0699508;SANDALIA KIDY FLEX ANATOMICA PRETO;126 
069;SAND.KIDY FLEX ANATÔMICA;0699509;SANDALIA KIDY FLEX ANATOMICA CARAMELO/BEGE;1.245 
069;SAND.KIDY FLEX ANATÔMICA;0699509;SANDALIA KIDY FLEX ANATOMICA MARINHO/GRAFITE;117 
069;SAND.KIDY FLEX ANATÔMICA;0699509;SANDALIA KIDY FLEX ANATOMICA MARROM/CANELA;443 
069;SAND.KIDY FLEX ANATÔMICA;0699509;SANDALIA KIDY FLEX ANATOMICA NATURAL/CARAMELO;258 
069;SAND.KIDY FLEX ANATÔMICA;0699509;SANDALIA KIDY FLEX ANATOMICA PRETO;201 
069;SAND.KIDY FLEX ANATÔMICA;0699509;SANDALIA KIDY FLEX ANATOMICA PRETO/CAFE;81 
069;SAND.KIDY FLEX ANATÔMICA;0699511;SANDALIA KIDY FLEX CASTANHO/TAUPE;84 
069;SAND.KIDY FLEX ANATÔMICA;0699511;SANDALIA KIDY FLEX MARINHO/GRAFITE;54 
069;SAND.KIDY FLEX ANATÔMICA;0699511;SANDALIA KIDY FLEX MARROM/CANELA;36 
069;SAND.KIDY FLEX ANATÔMICA;0699511;SANDALIA KIDY FLEX TAUPE/CARAMELO;273 
069;SAND.KIDY FLEX ANATÔMICA;0699512;SANDALIA KIDY FLEX ANATOMICA CASTANHO/TAUPE;87 
069;SAND.KIDY FLEX ANATÔMICA;0699512;SANDALIA KIDY FLEX ANATOMICA MARROM/CARAMELO;24 
069;SAND.KIDY FLEX ANATÔMICA;0699512;SANDALIA KIDY FLEX ANATOMICA PRETO/GRAFITE;24 
069;SAND.KIDY FLEX ANATÔMICA;0699512;SANDALIA KIDY FLEX ANATOMICA TAUPE/CARAMELO;12 
070;BOTA KIDY MONTARIA;0700015;BOTA KIDY MONTARIA CAMEL;12 
070;BOTA KIDY MONTARIA;0700016;BOTA KIDY MONTARIA CAFE;12 
070;BOTA KIDY MONTARIA;0700017;BOTA KIDY MONTARIA PRETO/ONÇA;12 
070;BOTA KIDY MONTARIA;0700024;BOTA KIDY MONTARIA AVELÃ;12 
070;BOTA KIDY MONTARIA;0700028;BOTA KIDY MONTARIA CAMEL;12 
070;BOTA KIDY MONTARIA;0700029;BOTA KIDY MONTARIA PRETO;12 
070;BOTA KIDY MONTARIA;0700039;BOTA KIDY MONTARIA AVELÃ;21 
070;BOTA KIDY MONTARIA;0700039;BOTA KIDY MONTARIA PRATA;45 
070;BOTA KIDY MONTARIA;0700039;BOTA KIDY MONTARIA PRETO;306 
070;BOTA KIDY MONTARIA;0700051;BOTA KIDY MONTARIA AVELA;30 
070;BOTA KIDY MONTARIA;0700051;BOTA KIDY MONTARIA CAFE;237 
070;BOTA KIDY MONTARIA;0700051;BOTA KIDY MONTARIA PRETO;300 
070;BOTA KIDY MONTARIA;0700052;BOTA KIDY MONTARIA MARROM;12 
070;BOTA KIDY MONTARIA;0700052;BOTA KIDY MONTARIA PRETO;42 
070;BOTA KIDY MONTARIA;0700054;BOTA KIDY MONTARIA MARROM;162 
070;BOTA KIDY MONTARIA;0700054;BOTA KIDY MONTARIA PRETO;1.620 
070;BOTA KIDY MONTARIA;0700055;BOTA KIDY MONTARIA BEGE;45 
070;BOTA KIDY MONTARIA;0700055;BOTA KIDY MONTARIA CANELA;1.041 
070;BOTA KIDY MONTARIA;0700055;BOTA KIDY MONTARIA PRETO;750 
070;BOTA KIDY MONTARIA;0700056;BOTA KIDY MONTARIA CARAMELO;54 
070;BOTA KIDY MONTARIA;0700056;BOTA KIDY MONTARIA MARROM;1.173 
070;BOTA KIDY MONTARIA;0700056;BOTA KIDY MONTARIA PRETO;783 
080;SANDÁLIA ANABELA KIDY MADRID;0800081;SANDÁLIA ANABELA KIDY MADRID MARFIM;12 
080;SANDÁLIA ANABELA KIDY MADRID;0800082;SANDÁLIA ANABELA KIDY MADRID OURO;12 
080;SANDÁLIA ANABELA KIDY MADRID;0800083;SANDÁLIA ANABELA KIDY MADRID BRANCO/COLORIDO;12 
080;SANDÁLIA ANABELA KIDY MADRID;0800090;SANDÁLIA ANABELA KIDY MADRID NUDE;144 
080;SANDÁLIA ANABELA KIDY MADRID;0800090;SANDÁLIA ANABELA KIDY MADRID PINK;12 
080;SANDÁLIA ANABELA KIDY MADRID;0800092;SANDÁLIA ANABELA KIDY MADRID NUDE;12 
080;SANDÁLIA ANABELA KIDY MADRID;0800093;SANDÁLIA ANABELA KIDY MADRID VIOLETA;12 
080;SANDÁLIA ANABELA KIDY MADRID;0800094;SANDÁLIA ANABELA KIDY MADRID BRANCO;12 
080;SANDÁLIA ANABELA KIDY MADRID;0800094;SANDÁLIA ANABELA KIDY MADRID PRATA;156 
080;SANDÁLIA ANABELA KIDY MADRID;0800095;SANDÁLIA ANABELA KIDY MADRID NUDE;780 
080;SANDÁLIA ANABELA KIDY MADRID;0800095;SANDÁLIA ANABELA KIDY MADRID OURO;480 
080;SANDÁLIA ANABELA KIDY MADRID;0800095;SANDÁLIA ANABELA KIDY MADRID PINK;12 
083;TÊNIS KIDY 3D RESPITEC;0830010;TENIS KIDY 3D RESPITEC MARINHO/PRETO;12 
083;TÊNIS KIDY 3D RESPITEC;0830010;TENIS KIDY 3D RESPITEC PRETO/VERMELHO;12 
083;TÊNIS KIDY 3D RESPITEC;0830024;TENIS KIDY 3D RESPITEC MARINHO/AZUL ROYAL;120 
083;TÊNIS KIDY 3D RESPITEC;0830025;TENIS KIDY 3D RESPITEC PRETO/GRAFITE/AMARELO NEON;108 
084;BOTA KIDY FASHION BABY;0840067;BOTA KIDY FASHION PÉROLA;12 
084;BOTA KIDY FASHION BABY;0840072;BOTA KIDY FASHION BABY AVELA;12 
084;BOTA KIDY FASHION BABY;0840073;BOTA KIDY FASHION BABY NUDE;0 
084;BOTA KIDY FASHION BABY;0840074;BOTA KIDY FASHION BABY CAFE;12 
084;BOTA KIDY FASHION BABY;0840076;BOTA KIDY FASHION BABY PRETO;12 
084;BOTA KIDY FASHION BABY;0840077;BOTA KIDY FASHION AVELÃ;12 
084;BOTA KIDY FASHION BABY;0840086;BOTA KIDY FASHION BABY AVELÃ;12 
084;BOTA KIDY FASHION BABY;0840087;BOTA KIDY FASHION BABY CAMEL;12 
084;BOTA KIDY FASHION BABY;0840088;BOTA KIDY FASHION BABY NUDE;12 
084;BOTA KIDY FASHION BABY;0840090;BOTA KIDY FASHION BABY PRATA;12 
084;BOTA KIDY FASHION BABY;0840090;BOTA KIDY FASHION BABY PRETO;12 
084;BOTA KIDY FASHION BABY;0840091;BOTA KIDY FASHION BABY PRETO;12 
084;BOTA KIDY FASHION BABY;0840093;BOTA KIDY FASHION BABY PRETO;12 
084;BOTA KIDY FASHION BABY;0840095;BOTA KIDY FASHION BABY AVELA;126 
084;BOTA KIDY FASHION BABY;0840095;BOTA KIDY FASHION BABY CAMEL;9 
084;BOTA KIDY FASHION BABY;0840095;BOTA KIDY FASHION BABY MARFIM;390 
084;BOTA KIDY FASHION BABY;0840095;BOTA KIDY FASHION BABY NUDE;906 
084;BOTA KIDY FASHION BABY;0840095;BOTA KIDY FASHION BABY PEROLA;144 
084;BOTA KIDY FASHION BABY;0840095;BOTA KIDY FASHION BABY PRETO;360 
084;BOTA KIDY FASHION BABY;0840096;BOTA KIDY FASHION BABY AVELA;135 
084;BOTA KIDY FASHION BABY;0840096;BOTA KIDY FASHION BABY CAMEL;60 
084;BOTA KIDY FASHION BABY;0840096;BOTA KIDY FASHION BABY PRETO;4.496 
084;BOTA KIDY FASHION BABY;0840096;BOTA KIDY FASHION BABY ROSA;9 
084;BOTA KIDY FASHION BABY;0840097;BOTA KIDY FASHION BABY NUDE;1.495 
084;BOTA KIDY FASHION BABY;0840097;BOTA KIDY FASHION BABY OURO;147 
084;BOTA KIDY FASHION BABY;0840097;BOTA KIDY FASHION BABY PEROLA;239 
084;BOTA KIDY FASHION BABY;0840097;BOTA KIDY FASHION BABY PRATA;42 
084;BOTA KIDY FASHION BABY;0840097;BOTA KIDY FASHION BABY PRETO;695 
084;BOTA KIDY FASHION BABY;0840098;BOTA KIDY FASHION BABY CAMEL;198 
084;BOTA KIDY FASHION BABY;0840098;BOTA KIDY FASHION BABY MARFIM;288 
084;BOTA KIDY FASHION BABY;0840098;BOTA KIDY FASHION BABY NUDE;369 
084;BOTA KIDY FASHION BABY;0840098;BOTA KIDY FASHION BABY PEROLA;333 
084;BOTA KIDY FASHION BABY;0840098;BOTA KIDY FASHION BABY PRATA;228 
084;BOTA KIDY FASHION BABY;0840098;BOTA KIDY FASHION BABY PRETO;2.064 
084;BOTA KIDY FASHION BABY;0840099;BOTA KIDY FASHION BABY AVELA;153 
084;BOTA KIDY FASHION BABY;0840099;BOTA KIDY FASHION BABY CAMEL;599 
084;BOTA KIDY FASHION BABY;0840099;BOTA KIDY FASHION BABY NUDE;183 
084;BOTA KIDY FASHION BABY;0840099;BOTA KIDY FASHION BABY PRETO;426 
084;BOTA KIDY FASHION BABY;0840100;BOTA KIDY FASHION BABY AVELA;3.844 
084;BOTA KIDY FASHION BABY;0840100;BOTA KIDY FASHION BABY CAMEL;57 
084;BOTA KIDY FASHION BABY;0840100;BOTA KIDY FASHION BABY NUDE;782 
084;BOTA KIDY FASHION BABY;0840100;BOTA KIDY FASHION BABY PRETO;2.319 
084;BOTA KIDY FASHION BABY;0840101;BOTA KIDY FASHION BABY AVELA;780 
084;BOTA KIDY FASHION BABY;0840101;BOTA KIDY FASHION BABY NUDE;381 
084;BOTA KIDY FASHION BABY;0840101;BOTA KIDY FASHION BABY PEROLA;2.025 
084;BOTA KIDY FASHION BABY;0840101;BOTA KIDY FASHION BABY PRETO;387 
084;BOTA KIDY FASHION BABY;0840104;BOTA KIDY FASHION BABY MARFIM;452 
084;BOTA KIDY FASHION BABY;0840104;BOTA KIDY FASHION BABY NUDE;2.829 
084;BOTA KIDY FASHION BABY;0840104;BOTA KIDY FASHION BABY PRATA/PINK;132 
084;BOTA KIDY FASHION BABY;0840104;BOTA KIDY FASHION BABY PRETO;1.387 
084;BOTA KIDY FASHION BABY;0840104;BOTA KIDY FASHION BABY PRETO/PINK;246 
084;BOTA KIDY FASHION BABY;0840106;BOTA KIDY FASHION BABY MARFIM;408 
084;BOTA KIDY FASHION BABY;0840106;BOTA KIDY FASHION BABY NUDE;1.396 
084;BOTA KIDY FASHION BABY;0840106;BOTA KIDY FASHION BABY PRATA;216 
084;BOTA KIDY FASHION BABY;0840106;BOTA KIDY FASHION BABY PRETO;906 
084;BOTA KIDY FASHION BABY;0840107;BOTA KIDY FASHION BABY BEGE;18 
084;BOTA KIDY FASHION BABY;0840107;BOTA KIDY FASHION BABY CANELA;60 
084;BOTA KIDY FASHION BABY;0840107;BOTA KIDY FASHION BABY NUDE;90 
084;BOTA KIDY FASHION BABY;0840107;BOTA KIDY FASHION BABY PRETO;3.781 
084;BOTA KIDY FASHION BABY;0840108;BOTA KIDY FASHION BABY MARFIM;5.623 
084;BOTA KIDY FASHION BABY;0840108;BOTA KIDY FASHION BABY NUDE;719 
084;BOTA KIDY FASHION BABY;0840108;BOTA KIDY FASHION BABY PRATA/PRETO;18 
084;BOTA KIDY FASHION BABY;0840108;BOTA KIDY FASHION BABY PRATA/ROSA;186 
084;BOTA KIDY FASHION BABY;0840108;BOTA KIDY FASHION BABY PRETO;2.892 
084;BOTA KIDY FASHION BABY;0840109;BOTA KIDY FASHION BABY AVELÃ;234 
084;BOTA KIDY FASHION BABY;0840109;BOTA KIDY FASHION BABY MARFIM;900 
084;BOTA KIDY FASHION BABY;0840109;BOTA KIDY FASHION BABY NUDE;402 
084;BOTA KIDY FASHION BABY;0840109;BOTA KIDY FASHION BABY OURO;108 
084;BOTA KIDY FASHION BABY;0840109;BOTA KIDY FASHION BABY PRETO;1.203 
084;BOTA KIDY FASHION BABY;0840110;BOTA KIDY FASHION BABY PRETO/ONÇA;114 
084;BOTA KIDY FASHION BABY;0840111;BOTA KIDY FASHION BABY MARFIM;153 
084;BOTA KIDY FASHION BABY;0840111;BOTA KIDY FASHION BABY NUDE;183 
084;BOTA KIDY FASHION BABY;0840111;BOTA KIDY FASHION BABY PRETO;400 
084;BOTA KIDY FASHION BABY;0840111;BOTA KIDY FASHION BABY PRETO/PINK;54 
086;COTURNO KIDY WALK;0860040;COTURNO KIDY WALK MARINHO/MARROM;12 
086;COTURNO KIDY WALK;0860041;COTURNO KIDY WALK CARAMELO/MARROM;12 
086;COTURNO KIDY WALK;0860043;COTURNO KIDY WALK MARROM;12 
086;COTURNO KIDY WALK;0860044;COTURNO KIDY WALK VERDE MILITAR;12 
086;COTURNO KIDY WALK;0860095;COTURNO KIDY WALK PRETO;12 
086;COTURNO KIDY WALK;0860096;COTURNO KIDY WALK MARINHO/MARROM;12 
086;COTURNO KIDY WALK;0860099;COTURNO KIDY WALK TABACO;12 
086;COTURNO KIDY WALK;0860106;COTURNO KIDY WALK CARAMELO;1.554 
086;COTURNO KIDY WALK;0860106;COTURNO KIDY WALK CASTANHO/PRETO;333 
086;COTURNO KIDY WALK;0860106;COTURNO KIDY WALK MARINHO/CAFE;9 
086;COTURNO KIDY WALK;0860106;COTURNO KIDY WALK PRETO/CREPE;554 
086;COTURNO KIDY WALK;0860107;COTURNO KIDY WALK MOSTARDA/BEGE;1.089 
086;COTURNO KIDY WALK;0860107;COTURNO KIDY WALK PRETO/CAFE;12 
086;COTURNO KIDY WALK;0860108;COTURNO KIDY WALK CAFE;3.469 
086;COTURNO KIDY WALK;0860108;COTURNO KIDY WALK CARAMELO/PRETO;330 
086;COTURNO KIDY WALK;0860108;COTURNO KIDY WALK MARINHO/CASTANHO;24 
086;COTURNO KIDY WALK;0860108;COTURNO KIDY WALK MARROM/CAFE;732 
086;COTURNO KIDY WALK;0860108;COTURNO KIDY WALK PRETO;265 
086;COTURNO KIDY WALK;0860108;COTURNO KIDY WALK PRETO/CREPE;207 
086;COTURNO KIDY WALK;0860109;COTURNO KIDY WALK CARAMELO/CAFE;2.439 
086;COTURNO KIDY WALK;0860109;COTURNO KIDY WALK CASTANHO/MARINHO;90 
086;COTURNO KIDY WALK;0860109;COTURNO KIDY WALK MARINHO/CASTANHO;5.306 
086;COTURNO KIDY WALK;0860109;COTURNO KIDY WALK PRETO;1.944 
086;COTURNO KIDY WALK;0860109;COTURNO KIDY WALK PRETO/CAFE;702 
086;COTURNO KIDY WALK;0860110;COTURNO KIDY WALK CAFE;425 
086;COTURNO KIDY WALK;0860110;COTURNO KIDY WALK CARAMELO/MARINHO;129 
086;COTURNO KIDY WALK;0860110;COTURNO KIDY WALK MARINHO/CAFE;117 
086;COTURNO KIDY WALK;0860110;COTURNO KIDY WALK PRETO/CREPE;1.284 
086;COTURNO KIDY WALK;0860112;COTURNO KIDY WALK CARAMELO/PRETO;42 
086;COTURNO KIDY WALK;0860112;COTURNO KIDY WALK CASTANHO/CAFE;1.786 
086;COTURNO KIDY WALK;0860112;COTURNO KIDY WALK MARINHO/CAFE;33 
086;COTURNO KIDY WALK;0860112;COTURNO KIDY WALK PRETO/CAFE;1.095 
086;COTURNO KIDY WALK;0860112;COTURNO KIDY WALK TABACO/MARINHO;12 
086;COTURNO KIDY WALK;0860113;COTURNO KIDY WALK CAFE;3.691 
086;COTURNO KIDY WALK;0860113;COTURNO KIDY WALK MERINHO/CASTANHO;105 
086;COTURNO KIDY WALK;0860113;COTURNO KIDY WALK PRETO/CREPE;464 
086;COTURNO KIDY WALK;0860117;COTURNO KIDY WALK CAFE;3.492 
086;COTURNO KIDY WALK;0860117;COTURNO KIDY WALK CANELA;219 
086;COTURNO KIDY WALK;0860117;COTURNO KIDY WALK MARROM;2.151 
086;COTURNO KIDY WALK;0860117;COTURNO KIDY WALK PRETO;732 
086;COTURNO KIDY WALK;0860118;COTURNO KIDY WALK CAFE/PRETO;569 
086;COTURNO KIDY WALK;0860118;COTURNO KIDY WALK CARAMELO;3.748 
086;COTURNO KIDY WALK;0860118;COTURNO KIDY WALK MARINHO/CAFE;270 
086;COTURNO KIDY WALK;0860118;COTURNO KIDY WALK PRETO;1.449 
086;COTURNO KIDY WALK;0860118;COTURNO KIDY WALK VERDE MILITAR/PRETO;12 
086;COTURNO KIDY WALK;0860119;COTURNO KIDY WALK CAFE;543 
086;COTURNO KIDY WALK;0860119;COTURNO KIDY WALK CARAMELO/CAFE;363 
086;COTURNO KIDY WALK;0860119;COTURNO KIDY WALK MARROM;663 
086;COTURNO KIDY WALK;0860119;COTURNO KIDY WALK PRETO/TAUPE;4.482 
086;COTURNO KIDY WALK;0860120;COTURNO KIDY WALK CAFE/PRETO;579 
086;COTURNO KIDY WALK;0860120;COTURNO KIDY WALK CANELA/MARINHO;198 
086;COTURNO KIDY WALK;0860120;COTURNO KIDY WALK CARAMELO/CAFE;303 
086;COTURNO KIDY WALK;0860120;COTURNO KIDY WALK MARINHO;345 
086;COTURNO KIDY WALK;0860120;COTURNO KIDY WALK MARINHO/MARROM;93 
086;COTURNO KIDY WALK;0860120;COTURNO KIDY WALK PRETO/TAUPE;468 
086;COTURNO KIDY WALK;0864099;COTURNO KIDY WALK PRETO;27 
086;COTURNO KIDY WALK;0864100;COTURNO KIDY WALK PRETO;12 
086;COTURNO KIDY WALK;0864102;COTURNO KIDY WALK PRETO;12 
086;COTURNO KIDY WALK;0864103;COTURNO KIDY WALK PRETO;48 
086;COTURNO KIDY WALK;0864104;COTURNO KIDY WALK PRETO;21 
086;COTURNO KIDY WALK;0864105;COTURNO KIDY WALK PRETO;12 
087;TENIS KIDY USEFULL COLLEGE;0870021;TÊNIS KIDY USEFULL COLLEGE BRANCO/CINZA;1.731 
087;TENIS KIDY USEFULL COLLEGE;0870021;TÊNIS KIDY USEFULL COLLEGE MARINHO;357 
087;TENIS KIDY USEFULL COLLEGE;0870021;TÊNIS KIDY USEFULL COLLEGE PRETO;101.181 
087;TENIS KIDY USEFULL COLLEGE;0870021;TÊNIS KIDY USEFULL COLLEGE PRETO/PINK;2.302 
087;TENIS KIDY USEFULL COLLEGE;0870035;TÊNIS USEFULL COLLEGE MRN/AMRL NEON (PROTECT);12 
087;TENIS KIDY USEFULL COLLEGE;0870036;TÊNIS USEFULL COLLEGE PRETO/AMARELO (PROTECT);12 
087;TENIS KIDY USEFULL COLLEGE;0870037;TÊNIS USEFULL COLLEGE GRAFITE/LARANJA (PROTECT);12 
087;TENIS KIDY USEFULL COLLEGE;0870038;TÊNIS KIDY USEFULL COLLEGE BRANCO (PROTECT);12 
087;TENIS KIDY USEFULL COLLEGE;0870043;TÊNIS KIDY USEFULL COLLEGE BRANCO;147 
087;TENIS KIDY USEFULL COLLEGE;0870043;TÊNIS KIDY USEFULL COLLEGE MARINHO;54 
087;TENIS KIDY USEFULL COLLEGE;0870043;TÊNIS KIDY USEFULL COLLEGE PRETO;5.892 
087;TENIS KIDY USEFULL COLLEGE;0870044;TÊNIS KIDY USEFULL COLLEGE MARINHO;24 
087;TENIS KIDY USEFULL COLLEGE;0870044;TÊNIS KIDY USEFULL COLLEGE PRETO;21.749 
087;TENIS KIDY USEFULL COLLEGE;0870105;TÊNIS KIDY USEFULL COLLEGE MARINHO;9 
087;TENIS KIDY USEFULL COLLEGE;0870105;TÊNIS KIDY USEFULL COLLEGE PRETO;24 
087;TENIS KIDY USEFULL COLLEGE;0870106;TÊNIS KIDY USEFULL COLLEGE PRETO;12 
087;TENIS KIDY USEFULL COLLEGE;0871043;TÊNIS KIDY USEFULL COLLEGE PRETO/PINK;8.871 
087;TENIS KIDY USEFULL COLLEGE;0871044;TÊNIS KIDY USEFULL COLLEGE BRANCO;378 
087;TENIS KIDY USEFULL COLLEGE;0871044;TÊNIS KIDY USEFULL COLLEGE PRETO/PINK;1.552 
087;TENIS KIDY USEFULL COLLEGE;0871105;TÊNIS KIDY USEFULL COLLEGE PRETO/PRETO/PINK;30 
087;TENIS KIDY USEFULL COLLEGE;0871106;TÊNIS KIDY USEFULL COLLEGE PRETO/PINK;12 
088;TENIS KIDY USEFULL MIAMI;0880090;TENIS KIDY USEFULL MIAMI BRANCO;1.434 
088;TENIS KIDY USEFULL MIAMI;0880090;TENIS KIDY USEFULL MIAMI MARINHO;168 
088;TENIS KIDY USEFULL MIAMI;0880090;TENIS KIDY USEFULL MIAMI MARINHO/VERMELHO;12 
088;TENIS KIDY USEFULL MIAMI;0880090;TENIS KIDY USEFULL MIAMI PRETO;38.345 
088;TENIS KIDY USEFULL MIAMI;0880090;TENIS KIDY USEFULL MIAMI PRETO/LARANJA;12 
088;TENIS KIDY USEFULL MIAMI;0880090;TENIS KIDY USEFULL MIAMI PRETO/PINK;20.354 
088;TENIS KIDY USEFULL MIAMI;0880103;TENIS KIDY USEFULL MIAMI BRANCO;483 
088;TENIS KIDY USEFULL MIAMI;0880103;TENIS KIDY USEFULL MIAMI MARINHO;21 
088;TENIS KIDY USEFULL MIAMI;0880103;TENIS KIDY USEFULL MIAMI PRETO;4.032 
088;TENIS KIDY USEFULL MIAMI;0880104;TENIS KIDY USEFULL MIAMI MARINHO;24 
088;TENIS KIDY USEFULL MIAMI;0880104;TENIS KIDY USEFULL MIAMI PRETO;9.303 
088;TENIS KIDY USEFULL MIAMI;0881103;TENIS KIDY USEFULL MIAMI NUDE;72 
088;TENIS KIDY USEFULL MIAMI;0881103;TENIS KIDY USEFULL MIAMI PRETO/PINK;6.431 
088;TENIS KIDY USEFULL MIAMI;0881104;TENIS KIDY USEFULL MIAMI BRANCO;168 
088;TENIS KIDY USEFULL MIAMI;0881104;TENIS KIDY USEFULL MIAMI PRETO/PINK;2.163 
088;TENIS KIDY USEFULL MIAMI;0882000;SAPATILHA KIDY USEFULL MIAMI PRETO;48 
088;TENIS KIDY USEFULL MIAMI;0882001;SAPATILHA KIDY USEFULL MIAMI PRETO;342 
089;TENIS KIDY SPACE RESPITEC;0890153;TENIS KIDY SPACE MARINHO/LARANJA;12 
091;TENIS K360 ALPHA-AIR;0910012;NU-TÊNIS KIDY ALPHA RESPITEC PRETO/AZUL ROYAL/LARANJA NEON;12 
091;TENIS K360 ALPHA-AIR;0910023;TENIS K360 ALPHA AIR MARINHO/LARANJA NEON;600 
091;TENIS K360 ALPHA-AIR;0910023;TENIS K360 ALPHA AIR MARINHO/VERMELHO;1.439 
091;TENIS K360 ALPHA-AIR;0910023;TENIS K360 ALPHA AIR PRETO/AMARELO NEON;78 
091;TENIS K360 ALPHA-AIR;0910023;TENIS K360 ALPHA AIR PRETO/PRATA;7.103 
091;TENIS K360 ALPHA-AIR;0910024;TÊNIS K360 ALPHA AIR CINZA/AZUL ROYAL/AMARELO NEON;12 
091;TENIS K360 ALPHA-AIR;0910024;TÊNIS K360 ALPHA AIR GRAFITE/PRETO/VERMELHO;12 
091;TENIS K360 ALPHA-AIR;0910024;TÊNIS K360 ALPHA AIR MARINHO/AZUL STONE;1.314 
091;TENIS K360 ALPHA-AIR;0910024;TÊNIS K360 ALPHA AIR MARINHO/GRAFITE;27 
091;TENIS K360 ALPHA-AIR;0910024;TÊNIS K360 ALPHA AIR PRETO/GRAFITE/LARANJA;1.446 
091;TENIS K360 ALPHA-AIR;0910024;TÊNIS K360 ALPHA AIR PRETO/GRAFITE/VERDE;1.245 
091;TENIS K360 ALPHA-AIR;0910024;TÊNIS K360 ALPHA AIR PRETO/VERDE MILITAR;12 
091;TENIS K360 ALPHA-AIR;0910024;TÊNIS K360 ALPHA AIR PRETO/VERDE NEON;522 
091;TENIS K360 ALPHA-AIR;0910025;TÊNIS K360 ALPHA AIR AZUL ROYAL/AMARELO NEON;138 
091;TENIS K360 ALPHA-AIR;0910025;TÊNIS K360 ALPHA AIR MARINHO/VERMELHO;846 
091;TENIS K360 ALPHA-AIR;0910025;TÊNIS K360 ALPHA AIR PRETO/GRAFITE;420 
091;TENIS K360 ALPHA-AIR;0910025;TÊNIS K360 ALPHA AIR PRETO/LARANJA NEON;480 
091;TENIS K360 ALPHA-AIR;0910028;TÊNIS K360 ALPHA AIR GRAFITE/AMARELO NEON;18 
091;TENIS K360 ALPHA-AIR;0910028;TÊNIS K360 ALPHA AIR MARINHO/PRATA;60 
091;TENIS K360 ALPHA-AIR;0910028;TÊNIS K360 ALPHA AIR PRETO/BRONZE;369 
091;TENIS K360 ALPHA-AIR;0910030;TÊNIS K360 ALPHA AIR MARINHO/AMARELO NEON;258 
091;TENIS K360 ALPHA-AIR;0910030;TÊNIS K360 ALPHA AIR PRETO/BRONZE;231 
091;TENIS K360 ALPHA-AIR;0910030;TÊNIS K360 ALPHA AIR PRETO/PRATA;75 
091;TENIS K360 ALPHA-AIR;0911023;TÊNIS K360 ALPHA AIR AZALEIA;480 
091;TENIS K360 ALPHA-AIR;0911023;TÊNIS K360 ALPHA AIR MARINHO/LILAS;384 
091;TENIS K360 ALPHA-AIR;0911023;TÊNIS K360 ALPHA AIR MARINHO/PINK NEON;2.079 
091;TENIS K360 ALPHA-AIR;0911023;TÊNIS K360 ALPHA AIR PRETO/LILAS;84 
091;TENIS K360 ALPHA-AIR;0911023;TÊNIS K360 ALPHA AIR PRETO/PINK;2.693 
091;TENIS K360 ALPHA-AIR;0911024;TÊNIS K360 ALPHA AIR AZUL/ROSA;2.661 
091;TENIS K360 ALPHA-AIR;0911024;TÊNIS K360 ALPHA AIR CINZA/GRAFITE/TURQUESA;12 
091;TENIS K360 ALPHA-AIR;0911024;TÊNIS K360 ALPHA AIR GRAFITE/PRETO/PINK;144 
091;TENIS K360 ALPHA-AIR;0911024;TÊNIS K360 ALPHA AIR MARINHO/PINK NEON;429 
091;TENIS K360 ALPHA-AIR;0911024;TÊNIS K360 ALPHA AIR PRETO/CHUMBO/ROSA;783 
091;TENIS K360 ALPHA-AIR;0911024;TÊNIS K360 ALPHA AIR PRETO/GRAFITE;90 
091;TENIS K360 ALPHA-AIR;0911024;TÊNIS K360 ALPHA AIR PRETO/ROSA;33 
091;TENIS K360 ALPHA-AIR;0911025;TÊNIS K360 ALPHA AIR AZUL/PINK;165 
091;TENIS K360 ALPHA-AIR;0911025;TÊNIS K360 ALPHA AIR MARINHO/LILAS;54 
091;TENIS K360 ALPHA-AIR;0911025;TÊNIS K360 ALPHA AIR PRETO/ACQUA/PINK;222 
091;TENIS K360 ALPHA-AIR;0911025;TÊNIS K360 ALPHA AIR PRETO/PINK NEON;156 
091;TENIS K360 ALPHA-AIR;0911028;TÊNIS K360 ALPHA AIR CINZA/AZUL PISCINA;18 
091;TENIS K360 ALPHA-AIR;0911028;TÊNIS K360 ALPHA AIR GRAFITE/ROSA;12 
091;TENIS K360 ALPHA-AIR;0911028;TÊNIS K360 ALPHA AIR MARINHO/PINK NEON;18 
091;TENIS K360 ALPHA-AIR;0911028;TÊNIS K360 ALPHA AIR PRETO/VERDE ACQUA;12 
091;TENIS K360 ALPHA-AIR;0911030;TÊNIS K360 ALPHA AIR GRAFITE/PRETO/PINK;93 
091;TENIS K360 ALPHA-AIR;0911030;TÊNIS K360 ALPHA AIR NUDE/BRONZE;36 
091;TENIS K360 ALPHA-AIR;0911030;TÊNIS K360 ALPHA AIR PRETO/ROSA;189 
092;TÊNIS KIDY IT GIRL;0920262;TÊNIS KIDY IT GIRL NUDE;12 
092;TÊNIS KIDY IT GIRL;0920264;TÊNIS KIDY IT GIRL BRANCO/PINK;24 
093;TENIS KIDY SPRINTER BABY;0930090;TENIS KIDY SPRINTER BABY PTO/AZ.ROYAL/VERMELHO;12 
094;TÊNIS KIDY STRONG RESPI-TEC;0940030;TÊNIS KIDY STRONG RESPITEC MARINHO/VERMELHO;12 
094;TÊNIS KIDY STRONG RESPI-TEC;0940031;TÊNIS KIDY STRONG RESPITEC GRAFITE/VERMELHO;12 
094;TÊNIS KIDY STRONG RESPI-TEC;0940032;TÊNIS KIDY STRONG RESPITEC PRETO/AZUL ROYAL;12 
094;TÊNIS KIDY STRONG RESPI-TEC;0941031;TÊNIS KIDY STRONG RESPITEC PINK/ROSA;12 
095;SAPATÊNIS KIDY MOTION BABY RESPITEC;0951000;SAPATÊNIS KIDY MOTION BABY MARINHO/AZUL ROYAL;12 
096;TENIS KIDY FREE;0960194;TENIS KIDY FREE CINZA/LARANJA;12 
096;TENIS KIDY FREE;0960195;TENIS KIDY FREE TAUPE/MARINHO;12 
096;TENIS KIDY FREE;0960196;TENIS KIDY FREE PRETO/AZUL ROYAL;12 
096;TENIS KIDY FREE;0960197;TENIS KIDY FREE MARINHO/VERDE NEON;12 
096;TENIS KIDY FREE;0960203;TENIS KIDY FREE MARINHO/LARANJA;12 
096;TENIS KIDY FREE;0960238;TENIS KIDY FREE RESPITEC MARINHO/CINZA;456 
096;TENIS KIDY FREE;0960239;TENIS KIDY FREE RESPITEC MARINHO/VERMELHO;36 
096;TENIS KIDY FREE;0960239;TENIS KIDY FREE RESPITEC MARROM/PRETO/BEGE;12 
096;TENIS KIDY FREE;0960239;TENIS KIDY FREE RESPITEC PRETO/LARANJA;72 
096;TENIS KIDY FREE;0960240;TENIS KIDY FREE RESPITEC MARINHO/VERMELHO;12 
096;TENIS KIDY FREE;0960240;TENIS KIDY FREE RESPITEC PRETO/CARAMELO;144 
096;TENIS KIDY FREE;0960240;TENIS KIDY FREE RESPITEC ROYAL/MARINHO/LARANJA;240 
096;TENIS KIDY FREE;0960241;TENIS KIDY FREE PRETO;12 
096;TENIS KIDY FREE;0961238;TENIS KIDY FREE RESPITEC GRAFITE/PRETO/PINK;564 
096;TENIS KIDY FREE;0961238;TENIS KIDY FREE RESPITEC MARINHO/AZUL/PINK;84 
096;TENIS KIDY FREE;0961240;TENIS KIDY FREE RESPITEC PRETO/PINK NEON;144 
096;TENIS KIDY FREE;0961240;TENIS KIDY FREE RESPITEC ROSA/AZUL;144 
097;TENIS K360 STYLE;0970180;TENIS KIDY STYLE MARINHO/CINZA/VERMELHO;12 
097;TENIS K360 STYLE;0970181;TENIS KIDY STYLE CINZA/AZUL ROYAL;12 
097;TENIS K360 STYLE;0970182;TENIS KIDY STYLE CINZA/MARINHO;12 
097;TENIS K360 STYLE;0970183;TENIS KIDY STYLE TAUPE/MARINHO;12 
097;TENIS K360 STYLE;0970184;TENIS KIDY STYLE MARINHO/VERMELHO;12 
097;TENIS K360 STYLE;0970185;TENIS KIDY STYLE PRETO/VERDE NEON;12 
097;TENIS K360 STYLE;0970203;TENIS K360 STYLE PRETO/GRAFITE;12 
097;TENIS K360 STYLE;0970203;TENIS K360 STYLE PRETO/VERMELHO/GRAFITE;108 
097;TENIS K360 STYLE;0970204;TENIS K360 STYLE MARINHO/AZUL ROYAL;204 
097;TENIS K360 STYLE;0970204;TENIS K360 STYLE MARROM/BEGE;96 
097;TENIS K360 STYLE;0970204;TENIS K360 STYLE PRETO/VERMELHO;408 
097;TENIS K360 STYLE;0970205;TENIS K360 STYLE PRETO/GRAFITE/LARANJA;36 
097;TENIS K360 STYLE;0970207;TENIS KIDY STYLE MARINHO/AZUL;12 
097;TENIS K360 STYLE;0970208;TENIS KIDY STYLE MARROM/PRETO;12 
097;TENIS K360 STYLE;0971203;TENIS K360 STYLE MARINHO/AZUL/PINK;24 
097;TENIS K360 STYLE;0971204;TENIS K360 STYLE PRETO/PINK NEON;144 
097;TENIS K360 STYLE;0971205;TENIS K360 STYLE MARINHO/PINK NEON;24 
102;KIDY SOCKS FUN;1020031;KIDY SOCKS FUN PRETO/VERMELHO;17.594 
109;TÊNIS USEFULL KIDY CYBERNITE;1090040;TÊNIS USEFULL KIDY CYBERNITE MARINHO/LARANJA;22 
113;TÊNIS KIDY ILLUSION-TEC;1130010;TENIS KIDY ILLUSION-TEC AZUL ROYAL/AZUL/LARANJA;12 
113;TÊNIS KIDY ILLUSION-TEC;1130011;TENIS KIDY ILLUSION-TEC MARINHO/AMARELO NEON;12 
113;TÊNIS KIDY ILLUSION-TEC;1130019;TENIS KIDY ILLUSION-TEC MARINHO/LARANJA NEON;12 
116;TÊNIS KIDY IT BOY RESPITEC;1160001;TÊNIS KIDY IT BOY RESPITEC PRETO/CINZA/VERMELHO;12 
116;TÊNIS KIDY IT BOY RESPITEC;1160002;TÊNIS KIDY IT BOY RESPITEC PTO/GRAFITE/VERMELHO;12 
116;TÊNIS KIDY IT BOY RESPITEC;1160006;TÊNIS KIDY IT BOY RESPITEC MARINHO/PRETO/VERMELHO;12 
117;SAPATENIS KIDY MILAO RESPITEC;1170143;SAPATÊNIS KIDY FLEX MARINHO/GRAFITE;12 
117;SAPATENIS KIDY MILAO RESPITEC;1170146;SAPATÊNIS KIDY FLEX CINZA/AZUL ÍNDIGO/LIMA;12 
117;SAPATENIS KIDY MILAO RESPITEC;1170240;SAPATÊNIS KIDY FLEX CASTANHO/MARINHO;264 
117;SAPATENIS KIDY MILAO RESPITEC;1170252;SAPATÊNIS KIDY FLEX MARINHO/TAUPE/VERMELHO;12 
117;SAPATENIS KIDY MILAO RESPITEC;1170255;SAPATÊNIS KIDY FLEX MARINHO/VERMELHO;12 
117;SAPATENIS KIDY MILAO RESPITEC;1170255;SAPATÊNIS KIDY FLEX TAUPE/VERDE;24 
117;SAPATENIS KIDY MILAO RESPITEC;1170256;SAPATÊNIS KIDY FLEX NATURAL/GRAFITE;24 
117;SAPATENIS KIDY MILAO RESPITEC;1170257;SAPATÊNIS KIDY FLEX MARINHO/VERMELHO;12 
117;SAPATENIS KIDY MILAO RESPITEC;1170261;SAPATÊNIS KIDY MILAO RESPITEC CINZA/MARINHO;12 
117;SAPATENIS KIDY MILAO RESPITEC;1170262;SAPATÊNIS KIDY MILAO RESPITEC GRAFITE/AMARELO;576 
117;SAPATENIS KIDY MILAO RESPITEC;1170262;SAPATÊNIS KIDY MILAO RESPITEC MARINHO/CINZA/VERMELHO;60 
117;SAPATENIS KIDY MILAO RESPITEC;1170266;SAPATÊNIS KIDY MILAO AZUL STONE;12 
117;SAPATENIS KIDY MILAO RESPITEC;1170269;SAPATÊNIS KIDY MILAO MARINHO/MARROM;420 
117;SAPATENIS KIDY MILAO RESPITEC;1170269;SAPATÊNIS KIDY MILAO MARROM/MARINHO;696 
117;SAPATENIS KIDY MILAO RESPITEC;1170269;SAPATÊNIS KIDY MILAO PRETO/AZUL;24 
117;SAPATENIS KIDY MILAO RESPITEC;1170272;SAPATÊNIS KIDY MILAO PRETO/CHUMBO;12 
117;SAPATENIS KIDY MILAO RESPITEC;1170274;SAPATÊNIS KIDY MILAO BRANCO/LARANJA;12 
117;SAPATENIS KIDY MILAO RESPITEC;1170275;SAPATÊNIS KIDY MILAO AZUL/LARANJA;12 
117;SAPATENIS KIDY MILAO RESPITEC;1170276;SAPATÊNIS KIDY MILAO CARAMELO/MARINHO;12 
117;SAPATENIS KIDY MILAO RESPITEC;1170281;SAPATÊNIS KIDY MILAO NATURAL/MARROM;12 
117;SAPATENIS KIDY MILAO RESPITEC;1170281;SAPATÊNIS KIDY MILAO TABACO/MARINHO;20 
117;SAPATENIS KIDY MILAO RESPITEC;1170283;SAPATÊNIS KIDY MILAO CASTANHO/CAFÉ/LARANJA;24 
117;SAPATENIS KIDY MILAO RESPITEC;1170283;SAPATÊNIS KIDY MILAO NATURAL/MARINHO;12 
117;SAPATENIS KIDY MILAO RESPITEC;1170284;SAPATÊNIS KIDY FLEX MARINHO;12 
117;SAPATENIS KIDY MILAO RESPITEC;1170285;SAPATÊNIS KIDY FLEX TABACO;12 
117;SAPATENIS KIDY MILAO RESPITEC;1170286;SAPATÊNIS KIDY MILÃO PRETO;41 
117;SAPATENIS KIDY MILAO RESPITEC;1170286;SAPATÊNIS KIDY MILÃO PRETO/BEGE;9 
117;SAPATENIS KIDY MILAO RESPITEC;1170286;SAPATÊNIS KIDY MILÃO TABACO/MARINHO;8 
117;SAPATENIS KIDY MILAO RESPITEC;1170287;SAPATÊNIS KIDY MILÃO MARINHO;270 
117;SAPATENIS KIDY MILAO RESPITEC;1170287;SAPATÊNIS KIDY MILÃO MARROM;204 
117;SAPATENIS KIDY MILAO RESPITEC;1170287;SAPATÊNIS KIDY MILÃO PRETO;18 
117;SAPATENIS KIDY MILAO RESPITEC;1170287;SAPATÊNIS KIDY MILÃO PRETO/CREPE;213 
117;SAPATENIS KIDY MILAO RESPITEC;1170289;SAPATÊNIS KIDY MILAO RESPITEC BRANCO/CINZA;719 
117;SAPATENIS KIDY MILAO RESPITEC;1170289;SAPATÊNIS KIDY MILAO RESPITEC CAFE/MARINHO;564 
117;SAPATENIS KIDY MILAO RESPITEC;1170289;SAPATÊNIS KIDY MILAO RESPITEC CARAMELO/PRETO;641 
117;SAPATENIS KIDY MILAO RESPITEC;1170289;SAPATÊNIS KIDY MILAO RESPITEC CASTANHO;36 
117;SAPATENIS KIDY MILAO RESPITEC;1170289;SAPATÊNIS KIDY MILAO RESPITEC MARINHO/LARANJA;2.570 
117;SAPATENIS KIDY MILAO RESPITEC;1170289;SAPATÊNIS KIDY MILAO RESPITEC NATURAL/MARINHO;369 
117;SAPATENIS KIDY MILAO RESPITEC;1170289;SAPATÊNIS KIDY MILAO RESPITEC PRETO;18 
117;SAPATENIS KIDY MILAO RESPITEC;1170290;SAPATÊNIS KIDY MILAO CASTANHO/MARINHO;6 
117;SAPATENIS KIDY MILAO RESPITEC;1170290;SAPATÊNIS KIDY MILAO MARINHO/NATURAL/LARANJA;12 
117;SAPATENIS KIDY MILAO RESPITEC;1170290;SAPATÊNIS KIDY MILAO NATURAL/LARANJA;9 
117;SAPATENIS KIDY MILAO RESPITEC;1170290;SAPATÊNIS KIDY MILAO PRETO;9 
117;SAPATENIS KIDY MILAO RESPITEC;1170291;SAPATÊNIS KIDY MILAO MARINHO/BEGE;12 
117;SAPATENIS KIDY MILAO RESPITEC;1170291;SAPATÊNIS KIDY MILAO PRETO/TAUPE;0 
117;SAPATENIS KIDY MILAO RESPITEC;1170296;SAPATÊNIS KIDY MILÃO RESPITEC BRANCO/AZUL/LARANJA;885 
117;SAPATENIS KIDY MILAO RESPITEC;1170296;SAPATÊNIS KIDY MILÃO RESPITEC BRANCO/CINZA;165 
117;SAPATENIS KIDY MILAO RESPITEC;1170296;SAPATÊNIS KIDY MILÃO RESPITEC CAFE/PRETO;120 
117;SAPATENIS KIDY MILAO RESPITEC;1170296;SAPATÊNIS KIDY MILÃO RESPITEC CARAMELO/MARINHO;129 
117;SAPATENIS KIDY MILAO RESPITEC;1170296;SAPATÊNIS KIDY MILÃO RESPITEC CASTANHO/MARROM;1.799 
117;SAPATENIS KIDY MILAO RESPITEC;1170296;SAPATÊNIS KIDY MILÃO RESPITEC MARINHO/LARANJA;342 
117;SAPATENIS KIDY MILAO RESPITEC;1170296;SAPATÊNIS KIDY MILÃO RESPITEC NATURAL/TAUPE;934 
117;SAPATENIS KIDY MILAO RESPITEC;1170296;SAPATÊNIS KIDY MILÃO RESPITEC PRETO/CAFE;267 
117;SAPATENIS KIDY MILAO RESPITEC;1170297;SAPATÊNIS KIDY MILÃO RESPITEC CAFE/PRETO;210 
117;SAPATENIS KIDY MILAO RESPITEC;1170297;SAPATÊNIS KIDY MILÃO RESPITEC CARAMELO/MARINHO;39 
117;SAPATENIS KIDY MILAO RESPITEC;1170297;SAPATÊNIS KIDY MILÃO RESPITEC MARINHO/LARANJA;135 
117;SAPATENIS KIDY MILAO RESPITEC;1170297;SAPATÊNIS KIDY MILÃO RESPITEC NATURAL;498 
117;SAPATENIS KIDY MILAO RESPITEC;1170297;SAPATÊNIS KIDY MILÃO RESPITEC PRETO/LARANJA;504 
117;SAPATENIS KIDY MILAO RESPITEC;1170298;SAPATÊNIS KIDY MILÃO RESPITEC BRANCO/CINZA/MARINHO;45 
117;SAPATENIS KIDY MILAO RESPITEC;1170298;SAPATÊNIS KIDY MILÃO RESPITEC BRANCO/PRETO/CINZA;102 
117;SAPATENIS KIDY MILAO RESPITEC;1170298;SAPATÊNIS KIDY MILÃO RESPITEC CAFE/PRETO;1.886 
117;SAPATENIS KIDY MILAO RESPITEC;1170298;SAPATÊNIS KIDY MILÃO RESPITEC CARAMELO/PRETO;237 
117;SAPATENIS KIDY MILAO RESPITEC;1170298;SAPATÊNIS KIDY MILÃO RESPITEC MARINHO/VERDE MILITAR;558 
117;SAPATENIS KIDY MILAO RESPITEC;1170298;SAPATÊNIS KIDY MILÃO RESPITEC PRETO;493 
117;SAPATENIS KIDY MILAO RESPITEC;1170299;SAPATÊNIS KIDY MILAO RESPITEC BRANCO/CINZA;732 
117;SAPATENIS KIDY MILAO RESPITEC;1170299;SAPATÊNIS KIDY MILAO RESPITEC CAFE/PRETO;198 
117;SAPATENIS KIDY MILAO RESPITEC;1170299;SAPATÊNIS KIDY MILAO RESPITEC CARAMELO/MARINHO;5.031 
117;SAPATENIS KIDY MILAO RESPITEC;1170299;SAPATÊNIS KIDY MILAO RESPITEC CASTANHO/CAFE/LARANJA;1.421 
117;SAPATENIS KIDY MILAO RESPITEC;1170299;SAPATÊNIS KIDY MILAO RESPITEC MARINHO/CASTANHO;1.597 
117;SAPATENIS KIDY MILAO RESPITEC;1170299;SAPATÊNIS KIDY MILAO RESPITEC NATURAL/TAUPE;2.214 
117;SAPATENIS KIDY MILAO RESPITEC;1170299;SAPATÊNIS KIDY MILAO RESPITEC PRETO/TAUPE/LARANJA;1.420 
117;SAPATENIS KIDY MILAO RESPITEC;1170300;SAPATÊNIS KIDY MILÃO BRANCO;454 
117;SAPATENIS KIDY MILAO RESPITEC;1170300;SAPATÊNIS KIDY MILÃO CINZA/MARINHO;851 
117;SAPATENIS KIDY MILAO RESPITEC;1170300;SAPATÊNIS KIDY MILÃO MARINHO/MARROM;5.637 
117;SAPATENIS KIDY MILAO RESPITEC;1170300;SAPATÊNIS KIDY MILÃO NATURAL;3.689 
117;SAPATENIS KIDY MILAO RESPITEC;1170300;SAPATÊNIS KIDY MILÃO PRETO;585 
117;SAPATENIS KIDY MILAO RESPITEC;1170300;SAPATÊNIS KIDY MILÃO PRETO/BEGE;1.117 
117;SAPATENIS KIDY MILAO RESPITEC;1170300;SAPATÊNIS KIDY MILÃO TABACO/MARINHO;1.256 
117;SAPATENIS KIDY MILAO RESPITEC;1170301;SAPATÊNIS KIDY MILAO RESPITEC CAFÉ;518 
117;SAPATENIS KIDY MILAO RESPITEC;1170301;SAPATÊNIS KIDY MILAO RESPITEC MARINHO;422 
117;SAPATENIS KIDY MILAO RESPITEC;1170301;SAPATÊNIS KIDY MILAO RESPITEC NATURAL;600 
117;SAPATENIS KIDY MILAO RESPITEC;1170301;SAPATÊNIS KIDY MILAO RESPITEC PRETO;2.012 
117;SAPATENIS KIDY MILAO RESPITEC;1170302;SAPATÊNIS KIDY MILAO RESPITEC BRANCO/CINZA/MARINHO;4.544 
117;SAPATENIS KIDY MILAO RESPITEC;1170302;SAPATÊNIS KIDY MILAO RESPITEC CASTANHO/PRETO;141 
117;SAPATENIS KIDY MILAO RESPITEC;1170302;SAPATÊNIS KIDY MILAO RESPITEC MARINHO/VERDE;237 
117;SAPATENIS KIDY MILAO RESPITEC;1170302;SAPATÊNIS KIDY MILAO RESPITEC PRETO/BRANCO;1.494 
117;SAPATENIS KIDY MILAO RESPITEC;1170303;SAPATÊNIS KIDY MILAO RESPITEC CAFÉ/PRETO;843 
117;SAPATENIS KIDY MILAO RESPITEC;1170303;SAPATÊNIS KIDY MILAO RESPITEC MARINHO/VERMELHO;1.579 
117;SAPATENIS KIDY MILAO RESPITEC;1170303;SAPATÊNIS KIDY MILAO RESPITEC NATURAL/LARANJA;176 
117;SAPATENIS KIDY MILAO RESPITEC;1170303;SAPATÊNIS KIDY MILAO RESPITEC PRETO/GRAFITE/VERMELHO;191 
117;SAPATENIS KIDY MILAO RESPITEC;1170304;SAPATÊNIS KIDY MILAO RESPITEC CAFÉ/PRETO;536 
117;SAPATENIS KIDY MILAO RESPITEC;1170304;SAPATÊNIS KIDY MILAO RESPITEC MARINHO/VERMELHO;1.121 
117;SAPATENIS KIDY MILAO RESPITEC;1170304;SAPATÊNIS KIDY MILAO RESPITEC NATURAL/LARANJA;2.236 
117;SAPATENIS KIDY MILAO RESPITEC;1170304;SAPATÊNIS KIDY MILAO RESPITEC PRETO/GRAFITE/VERMELHO;237 
117;SAPATENIS KIDY MILAO RESPITEC;1170305;SAPATÊNIS KIDY MILAO RESPITEC BRANCO/COLORIDO;753 
117;SAPATENIS KIDY MILAO RESPITEC;1170305;SAPATÊNIS KIDY MILAO RESPITEC BRANCO/PRETO/CINZA;291 
117;SAPATENIS KIDY MILAO RESPITEC;1170305;SAPATÊNIS KIDY MILAO RESPITEC CARAMELO;282 
117;SAPATENIS KIDY MILAO RESPITEC;1170305;SAPATÊNIS KIDY MILAO RESPITEC MARINHO/VERMELHO;195 
117;SAPATENIS KIDY MILAO RESPITEC;1170305;SAPATÊNIS KIDY MILAO RESPITEC PRETO/CREPE;192 
117;SAPATENIS KIDY MILAO RESPITEC;1170402;SAPATÊNIS KIDY MILÃO RESPITEC CAFÉ;12 
117;SAPATENIS KIDY MILAO RESPITEC;1170402;SAPATÊNIS KIDY MILÃO RESPITEC CARAMELO;1.179 
117;SAPATENIS KIDY MILAO RESPITEC;1170402;SAPATÊNIS KIDY MILÃO RESPITEC MARINHO;36 
117;SAPATENIS KIDY MILAO RESPITEC;1170402;SAPATÊNIS KIDY MILÃO RESPITEC MARROM;84 
117;SAPATENIS KIDY MILAO RESPITEC;1170402;SAPATÊNIS KIDY MILÃO RESPITEC NATURAL;239 
117;SAPATENIS KIDY MILAO RESPITEC;1170402;SAPATÊNIS KIDY MILÃO RESPITEC PRETO;246 
117;SAPATENIS KIDY MILAO RESPITEC;1170403;SAPATÊNIS KIDY MILÃO RESPITEC CAFÉ;36 
117;SAPATENIS KIDY MILAO RESPITEC;1170403;SAPATÊNIS KIDY MILÃO RESPITEC CARAMELO;288 
117;SAPATENIS KIDY MILAO RESPITEC;1170403;SAPATÊNIS KIDY MILÃO RESPITEC CINZA/MARINHO;561 
117;SAPATENIS KIDY MILAO RESPITEC;1170403;SAPATÊNIS KIDY MILÃO RESPITEC MARINHO;43 
117;SAPATENIS KIDY MILAO RESPITEC;1170403;SAPATÊNIS KIDY MILÃO RESPITEC NATURAL;282 
117;SAPATENIS KIDY MILAO RESPITEC;1170403;SAPATÊNIS KIDY MILÃO RESPITEC PRETO;81 
117;SAPATENIS KIDY MILAO RESPITEC;1171040;SAPATÊNIS KIDY FLEX MARINHO;12 
117;SAPATENIS KIDY MILAO RESPITEC;1171043;SAPATÊNIS KIDY FLEX NATURAL/CARAMELO;12 
117;SAPATENIS KIDY MILAO RESPITEC;1171045;SAPATÊNIS KIDY FLEX MARINHO;12 
117;SAPATENIS KIDY MILAO RESPITEC;1171047;SAPATÊNIS KIDY FLEX VERDE MILITAR/TAUPE;12 
117;SAPATENIS KIDY MILAO RESPITEC;1171048;SAPATÊNIS KIDY MARINHO/AMARELO;12 
117;SAPATENIS KIDY MILAO RESPITEC;1171048;SAPATÊNIS KIDY MILAO CINZA/MARINHO;12 
117;SAPATENIS KIDY MILAO RESPITEC;1174278;SAPATÊNIS KIDY FLEX PRETO;12 
120;TENIS KIDY PLAY USEFULL;1200030;TÊNIS KIDY PLAY USEFUL MARROM/BEGE/LARANJA;12 
120;TENIS KIDY PLAY USEFULL;1200043;TÊNIS KIDY PLAY USEFUL PRETO/VERMELHO;12 
120;TENIS KIDY PLAY USEFULL;1200044;TÊNIS KIDY PLAY USEFUL PRETO/LARANJA NEON;12 
120;TENIS KIDY PLAY USEFULL;1201021;TÊNIS KIDY PLAY USEFUL MARINHO/ROSA/PINK;12 
120;TENIS KIDY PLAY USEFULL;1201023;TÊNIS KIDY PLAY USEFUL PRETO/PINK NEON;12 
120;TENIS KIDY PLAY USEFULL;1201027;TÊNIS KIDY PLAY USEFUL BRANCO/NUDE/ORQUIDEA;12 
120;TENIS KIDY PLAY USEFULL;1201043;TÊNIS KIDY PLAY USEFUL PRETO/PINK NEON;12 
121;TÊNIS KIDY URBAN;1210001;TÊNIS KIDY URBAN NUDE/PRETO;12 
121;TÊNIS KIDY URBAN;1210003;TÊNIS KIDY URBAN PRETO;12 
121;TÊNIS KIDY URBAN;1210005;TÊNIS KIDY URBAN PRETO/PINK;12 
121;TÊNIS KIDY URBAN;1210006;TÊNIS KIDY URBAN OURO;12 
121;TÊNIS KIDY URBAN;1210025;TÊNIS KIDY URBAN NUDE;12 
121;TÊNIS KIDY URBAN;1210026;TÊNIS KIDY URBAN BRANCO/VIOLETA;12 
121;TÊNIS KIDY URBAN;1210040;TÊNIS KIDY URBAN MARINHO/BRANCO/VERMELHO;12 
121;TÊNIS KIDY URBAN;1210041;TÊNIS KIDY URBAN TAUPE/PRETO/LARANJA;12 
121;TÊNIS KIDY URBAN;1210042;TÊNIS KIDY URBAN GRAFITE/MARINHO/AMARELO;12 
121;TÊNIS KIDY URBAN;1210043;TÊNIS KIDY URBAN PRETO/BRANCO/VERDE;12 
121;TÊNIS KIDY URBAN;1210044;TÊNIS KIDY URBAN MARINHO/VERMELHO;24 
121;TÊNIS KIDY URBAN;1210059;TÊNIS FANFIK URBAN PRETO;6 
121;TÊNIS KIDY URBAN;1213000;TÊNIS KIDY URBAN S.S PINK/ONÇA;12 
127;SANDÁLIA PAPETE KIDY GLOSS;1270036;SANDALIA PAPETE KIDY GLOSS ORQUIDEA;12 
127;SANDÁLIA PAPETE KIDY GLOSS;1270037;SANDALIA PAPETE KIDY GLOSS AZUL;12 
127;SANDÁLIA PAPETE KIDY GLOSS;1270040;SANDALIA PAPETE KIDY PINK;12 
128;TÊNIS KIDY ENERGY-TEC;1280031;TÊNIS KIDY ENERGY-TEC PRETO/AZUL ROYAL;24 
128;TÊNIS KIDY ENERGY-TEC;1280043;TÊNIS KIDY ENERGY-TEC AZ.PETROLEO/MARINHO/LARANJA;12 
128;TÊNIS KIDY ENERGY-TEC;1281031;TÊNIS KIDY ENERGY-TEC MARINHO/PINK/AZUL;12 
132;PAPETE KIDY LOOPING;1320102;PAPETE KIDY LOOPING MARINHO/LARANJA NEON/AZUL;12 
132;PAPETE KIDY LOOPING;1320103;PAPETE KIDY LOOPING PRETO/AMARELO NEON;12 
132;PAPETE KIDY LOOPING;1320107;PAPETE KIDY LOOPING MARINHO/VERMELHO;12 
133;TÊNIS USEFULL KIDY LOOPING;1330016;TÊNIS KIDY LOPPING MARINHO/VERMELHO;24 
133;TÊNIS USEFULL KIDY LOOPING;1330017;TÊNIS KIDY LOPPING MARINHO/LARANJA;12 
133;TÊNIS USEFULL KIDY LOOPING;1330018;TÊNIS KIDY LOPPING PRETO/AMARELO;12 
140;TÊNIS K360 NOVA YORK;1400040;TÊNIS KIDY NOVA YORK PRETO/BRANCO/VERMELHO;12 
140;TÊNIS K360 NOVA YORK;1400041;TÊNIS KIDY NOVA YORK MARINHO/BRANCO/AZUL ROYAL;12 
140;TÊNIS K360 NOVA YORK;1400042;TÊNIS KIDY NOVA YORK TAUPE/MARINHO/VERDE NEON;12 
140;TÊNIS K360 NOVA YORK;1400043;TÊNIS KIDY NOVA YORK BRANCO/PRETO/LARANJA NEON;12 
140;TÊNIS K360 NOVA YORK;1400045;TÊNIS KIDY NOVA YORK PRETO;12 
140;TÊNIS K360 NOVA YORK;1400050;TÊNIS KIDY NOVA YORK MARINHO/BRANCO/AZUL;12 
140;TÊNIS K360 NOVA YORK;1400050;TÊNIS KIDY NOVA YORK PRETO/BRANCO/VERMELHO;12 
140;TÊNIS K360 NOVA YORK;1400051;TÊNIS KIDY NOVA YORK PTO/VD.MILITAR/MRN/BEGE;24 
140;TÊNIS K360 NOVA YORK;1400052;TÊNIS KIDY NOVA YORK PRETO/BRANCO/VERMELHO;12 
140;TÊNIS K360 NOVA YORK;1400053;TÊNIS KIDY NOVA YORK PRETO/BRANCO/VERMELHO;12 
140;TÊNIS K360 NOVA YORK;1400061;TÊNIS KIDY NOVA YORK MARINHO/VERMELHO;12 
140;TÊNIS K360 NOVA YORK;1400067;TÊNIS K360 NOVA YORK PRETO/BRANCO;22 
140;TÊNIS K360 NOVA YORK;1400067;TÊNIS K360 NOVA YORK PRETO/BRANCO/VERDE;426 
140;TÊNIS K360 NOVA YORK;1400067;TÊNIS K360 NOVA YORK PRETO/BRANCO/VERMELHO;498 
140;TÊNIS K360 NOVA YORK;1400067;TÊNIS K360 NOVA YORK PRETO/CREPE;48 
140;TÊNIS K360 NOVA YORK;1400070;TÊNIS K360 NOVA YORK MARINHO/GRAFITE/AZUL ROYAL;72 
140;TÊNIS K360 NOVA YORK;1400070;TÊNIS K360 NOVA YORK PRETO/CREPE;540 
140;TÊNIS K360 NOVA YORK;1400075;TÊNIS K360 NOVA YORK BRANCO;924 
140;TÊNIS K360 NOVA YORK;1400075;TÊNIS K360 NOVA YORK BRANCO/VERMELHO/PRETO;60 
140;TÊNIS K360 NOVA YORK;1400075;TÊNIS K360 NOVA YORK PRETO/BRANCO;1.272 
140;TÊNIS K360 NOVA YORK;1400075;TÊNIS K360 NOVA YORK PRETO/BRANCO/VERMELHO;1.701 
140;TÊNIS K360 NOVA YORK;1400084;TENIS K360 NOVA YORK BRANCO;345 
140;TÊNIS K360 NOVA YORK;1400084;TENIS K360 NOVA YORK CARAMELO;51 
140;TÊNIS K360 NOVA YORK;1400084;TENIS K360 NOVA YORK MARINHO;228 
140;TÊNIS K360 NOVA YORK;1400084;TENIS K360 NOVA YORK PRETO;453 
140;TÊNIS K360 NOVA YORK;1400085;TENIS K360 NOVA YORK BRANCO;10.760 
140;TÊNIS K360 NOVA YORK;1400085;TENIS K360 NOVA YORK CARAMELO;624 
140;TÊNIS K360 NOVA YORK;1400085;TENIS K360 NOVA YORK MARINHO;981 
140;TÊNIS K360 NOVA YORK;1400085;TENIS K360 NOVA YORK PRETO;1.968 
140;TÊNIS K360 NOVA YORK;1400086;TENIS K360 NOVA YORK BRANCO/PRETO;2.906 
140;TÊNIS K360 NOVA YORK;1400086;TENIS K360 NOVA YORK CARAMELO;1.123 
140;TÊNIS K360 NOVA YORK;1400086;TENIS K360 NOVA YORK MARINHO;6.327 
140;TÊNIS K360 NOVA YORK;1400086;TENIS K360 NOVA YORK PRETO;2.298 
140;TÊNIS K360 NOVA YORK;1400086;TENIS K360 NOVA YORK PRETO/BRANCO;66 
140;TÊNIS K360 NOVA YORK;1400087;TENIS K360 NOVA YORK BRANCO;528 
140;TÊNIS K360 NOVA YORK;1400087;TENIS K360 NOVA YORK BRANCO/PRETO/CINZA;549 
140;TÊNIS K360 NOVA YORK;1400087;TENIS K360 NOVA YORK CARAMELO;1.020 
140;TÊNIS K360 NOVA YORK;1400087;TENIS K360 NOVA YORK MARINHO;210 
140;TÊNIS K360 NOVA YORK;1400087;TENIS K360 NOVA YORK PRETO;99 
140;TÊNIS K360 NOVA YORK;1400087;TENIS K360 NOVA YORK PRETO/CARAMELO;1.776 
140;TÊNIS K360 NOVA YORK;1400088;TENIS K360 NOVA YORK BRANCO/PRETO;903 
140;TÊNIS K360 NOVA YORK;1400088;TENIS K360 NOVA YORK CARAMELO;90 
140;TÊNIS K360 NOVA YORK;1400088;TENIS K360 NOVA YORK MARINHO;1.836 
140;TÊNIS K360 NOVA YORK;1400088;TENIS K360 NOVA YORK PRETO;1.041 
140;TÊNIS K360 NOVA YORK;1400088;TENIS K360 NOVA YORK PRETO/BRANCO;189 
140;TÊNIS K360 NOVA YORK;1400089;TENIS K360 NOVA YORK BRANCO/BEGE/MARINHO;5.093 
140;TÊNIS K360 NOVA YORK;1400089;TENIS K360 NOVA YORK BRANCO/MARINHO;51 
140;TÊNIS K360 NOVA YORK;1400089;TENIS K360 NOVA YORK BRANCO/PRETO;2.330 
140;TÊNIS K360 NOVA YORK;1400089;TENIS K360 NOVA YORK CARAMELO;1.191 
140;TÊNIS K360 NOVA YORK;1400089;TENIS K360 NOVA YORK PRETO/CREPE;666 
140;TÊNIS K360 NOVA YORK;1400091;TENIS K360 NOVA YORK BRANCO/TAUPE;504 
140;TÊNIS K360 NOVA YORK;1400091;TENIS K360 NOVA YORK MARINHO;111 
140;TÊNIS K360 NOVA YORK;1400091;TENIS K360 NOVA YORK PRETO;384 
140;TÊNIS K360 NOVA YORK;1400091;TENIS K360 NOVA YORK PRETO/BRANCO;241 
140;TÊNIS K360 NOVA YORK;1400092;TENIS K360 NOVA YORK BRANCO/TAUPE;1.466 
140;TÊNIS K360 NOVA YORK;1400092;TENIS K360 NOVA YORK MARINHO;387 
140;TÊNIS K360 NOVA YORK;1400092;TENIS K360 NOVA YORK PRETO;591 
140;TÊNIS K360 NOVA YORK;1400092;TENIS K360 NOVA YORK PRETO/BRANCO;1.652 
140;TÊNIS K360 NOVA YORK;1401030;TÊNIS KIDY NOVA YORK BRANCO/AZUL/ROSA;12 
140;TÊNIS K360 NOVA YORK;1401031;TÊNIS KIDY NOVA YORK BRANCO/ROSA/LILÁS;12 
140;TÊNIS K360 NOVA YORK;1401032;TÊNIS KIDY NOVA YORK PINK;12 
140;TÊNIS K360 NOVA YORK;1401035;TÊNIS KIDY NOVA YORK BRANCO;12 
140;TÊNIS K360 NOVA YORK;1401037;TÊNIS KIDY NOVA YORK NUDE;12 
140;TÊNIS K360 NOVA YORK;1401038;TÊNIS KIDY NOVA YORK PRETO;12 
140;TÊNIS K360 NOVA YORK;1401039;TÊNIS KIDY NOVA YORK BRANCO/ONÇA/LARANJA;12 
140;TÊNIS K360 NOVA YORK;1401052;TÊNIS KIDY NOVA YORK BRANCO/VIOLETA;24 
140;TÊNIS K360 NOVA YORK;1401052;TÊNIS KIDY NOVA YORK BRANCO/VIOLETA/PINK;9 
140;TÊNIS K360 NOVA YORK;1401054;TÊNIS KIDY NOVA YORK BRANCO/ORQUIDEA;12 
140;TÊNIS K360 NOVA YORK;1401067;TÊNIS K360 NOVA YORK BRANCO/PINK;24 
140;TÊNIS K360 NOVA YORK;1401067;TÊNIS K360 NOVA YORK PRETO/BRANCO/PINK;198 
140;TÊNIS K360 NOVA YORK;1401068;TÊNIS K360 NOVA YORK BRANCO/JEANS;12 
140;TÊNIS K360 NOVA YORK;1401071;TÊNIS KIDY NOVA YORK PRETO;12 
140;TÊNIS K360 NOVA YORK;1401075;TÊNIS K360 NOVA YORK BRANCO/PINK/VERDE;9 
140;TÊNIS K360 NOVA YORK;1401075;TÊNIS K360 NOVA YORK PRETO/BRANCO/PINK;72 
140;TÊNIS K360 NOVA YORK;1401084;TENIS K360 NOVA YORK BRANCO;138 
140;TÊNIS K360 NOVA YORK;1401084;TENIS K360 NOVA YORK NUDE;108 
140;TÊNIS K360 NOVA YORK;1401084;TENIS K360 NOVA YORK OURO;66 
140;TÊNIS K360 NOVA YORK;1401084;TENIS K360 NOVA YORK PRETO;873 
140;TÊNIS K360 NOVA YORK;1401085;TENIS K360 NOVA YORK BRANCO;6.863 
140;TÊNIS K360 NOVA YORK;1401085;TENIS K360 NOVA YORK NUDE;27 
140;TÊNIS K360 NOVA YORK;1401085;TENIS K360 NOVA YORK NUDE/BRANCO;453 
140;TÊNIS K360 NOVA YORK;1401085;TENIS K360 NOVA YORK PRATA;255 
140;TÊNIS K360 NOVA YORK;1401085;TENIS K360 NOVA YORK PRETO;500 
140;TÊNIS K360 NOVA YORK;1401086;TENIS K360 NOVA YORK BRANCO;648 
140;TÊNIS K360 NOVA YORK;1401086;TENIS K360 NOVA YORK BRANCO/OURO;3.840 
140;TÊNIS K360 NOVA YORK;1401086;TENIS K360 NOVA YORK NUDE;186 
140;TÊNIS K360 NOVA YORK;1401086;TENIS K360 NOVA YORK PRETO;283 
140;TÊNIS K360 NOVA YORK;1401087;TENIS K360 NOVA YORK BRANCO;624 
140;TÊNIS K360 NOVA YORK;1401087;TENIS K360 NOVA YORK NUDE;516 
140;TÊNIS K360 NOVA YORK;1401087;TENIS K360 NOVA YORK PRETO;237 
140;TÊNIS K360 NOVA YORK;1401088;TENIS K360 NOVA YORK BRANCO/ROSA;147 
140;TÊNIS K360 NOVA YORK;1401088;TENIS K360 NOVA YORK MARFIM;33 
140;TÊNIS K360 NOVA YORK;1401088;TENIS K360 NOVA YORK NUDE/BEGE;36 
140;TÊNIS K360 NOVA YORK;1401088;TENIS K360 NOVA YORK PRATA;18 
140;TÊNIS K360 NOVA YORK;1401088;TENIS K360 NOVA YORK PRETO/PINK;270 
140;TÊNIS K360 NOVA YORK;1401099;TENIS K360 NOVA YORK BRANCO/OURO;387 
140;TÊNIS K360 NOVA YORK;1401099;TENIS K360 NOVA YORK BRANCO/PRETO;738 
140;TÊNIS K360 NOVA YORK;1401099;TENIS K360 NOVA YORK NUDE;15 
140;TÊNIS K360 NOVA YORK;1401099;TENIS K360 NOVA YORK PRETO/ROSA;12 
140;TÊNIS K360 NOVA YORK;1401100;TENIS K360 NOVA YORK BRANCO;60 
140;TÊNIS K360 NOVA YORK;1401100;TENIS K360 NOVA YORK MARFIM;39 
140;TÊNIS K360 NOVA YORK;1401100;TENIS K360 NOVA YORK NUDE;33 
140;TÊNIS K360 NOVA YORK;1401100;TENIS K360 NOVA YORK OURO;45 
140;TÊNIS K360 NOVA YORK;1401100;TENIS K360 NOVA YORK PRETO;576 
140;TÊNIS K360 NOVA YORK;1401101;TENIS K360 NOVA YORK BRANCO;3.903 
140;TÊNIS K360 NOVA YORK;1401101;TENIS K360 NOVA YORK NUDE;255 
140;TÊNIS K360 NOVA YORK;1401101;TENIS K360 NOVA YORK OURO;243 
140;TÊNIS K360 NOVA YORK;1401101;TENIS K360 NOVA YORK PRATA;129 
140;TÊNIS K360 NOVA YORK;1401101;TENIS K360 NOVA YORK PRETO;717 
140;TÊNIS K360 NOVA YORK;1401103;TENIS K360 NOVA YORK BRANCO/ROSA;132 
140;TÊNIS K360 NOVA YORK;1401103;TENIS K360 NOVA YORK MARINHO/PINK;9 
140;TÊNIS K360 NOVA YORK;1401103;TENIS K360 NOVA YORK PRETO/BRANCO/PINK;39 
140;TÊNIS K360 NOVA YORK;1401103;TENIS K360 NOVA YORK PRETO/PINK;24 
140;TÊNIS K360 NOVA YORK;1401104;TENIS K360 NOVA YORK BRANCO/ROSA;126 
140;TÊNIS K360 NOVA YORK;1401104;TENIS K360 NOVA YORK MARINHO/PINK;12 
140;TÊNIS K360 NOVA YORK;1401104;TENIS K360 NOVA YORK PRETO/BRANCO/PINK;48 
140;TÊNIS K360 NOVA YORK;1401104;TENIS K360 NOVA YORK PRETO/PINK;108 
140;TÊNIS K360 NOVA YORK;1402053;TÊNIS K360 NOVA YORK MARINHO/BRANCO/VIOLETA;84 
140;TÊNIS K360 NOVA YORK;1402053;TÊNIS K360 NOVA YORK PRETO/BRANCO/PINK;108 
140;TÊNIS K360 NOVA YORK;1403004;TÊNIS KIDY NOVA YORK PRETO (S.S.);12 
140;TÊNIS K360 NOVA YORK;1403006;TENIS K360 NOVA YORK BRANCO;39 
140;TÊNIS K360 NOVA YORK;1403006;TENIS K360 NOVA YORK BRANCO/LILAS;537 
140;TÊNIS K360 NOVA YORK;1403006;TENIS K360 NOVA YORK BRANCO/NUDE;345 
140;TÊNIS K360 NOVA YORK;1403006;TENIS K360 NOVA YORK NUDE;27 
140;TÊNIS K360 NOVA YORK;1403006;TENIS K360 NOVA YORK PINK;18 
140;TÊNIS K360 NOVA YORK;1403501;TÊNIS K360 NOVA YORK PRETO/BRANCO/AZUL;102 
140;TÊNIS K360 NOVA YORK;1403502;TÊNIS K360 NOVA YORK PRETO/VERDE/CHUMBO;45 
140;TÊNIS K360 NOVA YORK;1403503;TÊNIS K360 NOVA YORK BRANCO/AZUL/VERDE;84 
140;TÊNIS K360 NOVA YORK;1404502;TÊNIS K360 NOVA YORK BRANCO/LILAS;12 
140;TÊNIS K360 NOVA YORK;1404503;TÊNIS K360 NOVA YORK BRANCO/ROSA/LILAS;6 
140;TÊNIS K360 NOVA YORK;1405050;TÊNIS KIDY NOVA YORK MARINHO/BRANCO/AZUL (B.G);12 
140;TÊNIS K360 NOVA YORK;1405053;TÊNIS KIDY NOVA YORK PRETO/BRANCO/LARANJA (B.G);12 
140;TÊNIS K360 NOVA YORK;1407052;TÊNIS KIDY NOVA YORK BRANCO/VIOLETA (B.G);12 
141;SANDÁLIA VALENTINA PONTES BY KIDY;1410020;SANDALIA VALENTINA PONTES BY KIDY PRETO;12 
141;SANDÁLIA VALENTINA PONTES BY KIDY;1410023;SANDALIA VALENTINA PONTES BY KIDY ACQUA;24 
141;SANDÁLIA VALENTINA PONTES BY KIDY;1410023;SANDALIA VALENTINA PONTES BY KIDY ROSA;12 
143;SAPATILHA KIDY;1430104;SAPATILHA KIDY LOVE OURO;12 
143;SAPATILHA KIDY;1430121;SAPATILHA KIDY LOVE PINK;11 
143;SAPATILHA KIDY;1430151;SAPATILHA KIDY LOVE NUDE;12 
143;SAPATILHA KIDY;1430172;SAPATILHA KIDY LOVE GERBERA;12 
143;SAPATILHA KIDY;1430177;SAPATILHA KIDY LOVE PRETO;12 
143;SAPATILHA KIDY;1430178;SAPATILHA KIDY LOVE NUDE;0 
143;SAPATILHA KIDY;1430179;SAPATILHA KIDY LOVE ANÍS;12 
143;SAPATILHA KIDY;1430180;SAPATILHA KIDY LOVE NUDE;60 
143;SAPATILHA KIDY;1430191;SAPATILHA KIDY LOVE OURO;12 
143;SAPATILHA KIDY;1430200;SAPATILHA KIDY LOVE AZUL BEBE;12 
143;SAPATILHA KIDY;1430201;SAPATILHA KIDY LOVE NUDE;12 
143;SAPATILHA KIDY;1430202;SAPATILHA KIDY LOVE NUDE;12 
143;SAPATILHA KIDY;1430202;SAPATILHA KIDY LOVE PRETO;12 
143;SAPATILHA KIDY;1430203;SAPATILHA KIDY LOVE PENELOPE;12 
143;SAPATILHA KIDY;1430204;SAPATILHA KIDY LOVE JEANS/PENELOPE;12 
143;SAPATILHA KIDY;1430206;SAPATILHA KIDY LOVE BRANCO/PRETO;12 
143;SAPATILHA KIDY;1437160;SAPATILHA KIDY LOVE PRETO;12 
145;SANDALIA KIDY FLAT FORM;1450043;SANDÁLIA KIDY ANABELA PRETO;12 
145;SANDALIA KIDY FLAT FORM;1450067;SANDÁLIA KIDY ANABELA NUDE;12 
145;SANDALIA KIDY FLAT FORM;1450081;SANDÁLIA KIDY FLAT FORM AMARELO;12 
145;SANDALIA KIDY FLAT FORM;1450082;SANDÁLIA KIDY FLAT FORM NUDE;24 
145;SANDALIA KIDY FLAT FORM;1450082;SANDÁLIA KIDY FLAT FORM PRETO;12 
145;SANDALIA KIDY FLAT FORM;1450083;SANDÁLIA KIDY FLAT FORM MARFIM;12 
145;SANDALIA KIDY FLAT FORM;1450084;SANDÁLIA KIDY FLAT FORM LILÁS;12 
145;SANDALIA KIDY FLAT FORM;1450085;SANDÁLIA KIDY FLAT FORM MARINE;12 
145;SANDALIA KIDY FLAT FORM;1450086;SANDÁLIA KIDY FLAT FORM MARFIM;12 
145;SANDALIA KIDY FLAT FORM;1450086;SANDÁLIA KIDY FLAT FORM PINK;24 
146;SANDÁLIA KIDY IBIZA FOLIA;1460071;SANDÁLIA KIDY FLAT IBIZA OURO;12 
146;SANDÁLIA KIDY IBIZA FOLIA;1460071;SANDÁLIA KIDY FLAT IBIZA PEROLA;12 
146;SANDÁLIA KIDY IBIZA FOLIA;1460090;SANDÁLIA KIDY FLAT IBIZA OURO;12 
146;SANDÁLIA KIDY IBIZA FOLIA;1460091;SANDÁLIA KIDY FLAT IBIZA NUDE;12 
146;SANDÁLIA KIDY IBIZA FOLIA;1460092;SANDÁLIA KIDY FLAT IBIZA BRANCO;12 
146;SANDÁLIA KIDY IBIZA FOLIA;1460094;SANDÁLIA KIDY FLAT IBIZA PINK;12 
146;SANDÁLIA KIDY IBIZA FOLIA;1460096;SANDÁLIA KIDY FLAT IBIZA PINK;12 
146;SANDÁLIA KIDY IBIZA FOLIA;1460098;SANDÁLIA KIDY FLAT IBIZA OURO;12 
146;SANDÁLIA KIDY IBIZA FOLIA;1460099;SANDÁLIA KIDY FLAT IBIZA PÉROLA;12 
146;SANDÁLIA KIDY IBIZA FOLIA;1460139;SANDÁLIA KIDY FLAT IBIZA AMARELO;12 
146;SANDÁLIA KIDY IBIZA FOLIA;1460140;SANDÁLIA KIDY FLAT IBIZA PRETO;12 
146;SANDÁLIA KIDY IBIZA FOLIA;1460160;SANDÁLIA KIDY FLAT IBIZA OURO;516 
146;SANDÁLIA KIDY IBIZA FOLIA;1460162;SANDÁLIA KIDY FLAT IBIZA NUDE;12 
146;SANDÁLIA KIDY IBIZA FOLIA;1460170;SANDÁLIA KIDY FLAT IBIZA LARANJA/COLORIDO;12 
146;SANDÁLIA KIDY IBIZA FOLIA;1460171;SANDÁLIA KIDY FLAT IBIZA PINK/COLORIDO;12 
146;SANDÁLIA KIDY IBIZA FOLIA;1460172;SANDÁLIA KIDY FLAT IBIZA BRANCO/COLORIDO;120 
146;SANDÁLIA KIDY IBIZA FOLIA;1460173;SANDÁLIA KIDY FLAT IBIZA ROUGE;12 
146;SANDÁLIA KIDY IBIZA FOLIA;1460175;SANDÁLIA KIDY FLAT IBIZA BRANCO/PRETO/OURO;12 
146;SANDÁLIA KIDY IBIZA FOLIA;1460176;SANDÁLIA KIDY FLAT IBIZA MARFIM;48 
146;SANDÁLIA KIDY IBIZA FOLIA;1460185;SANDÁLIA KIDY FLAT IBIZA NUDE;12 
146;SANDÁLIA KIDY IBIZA FOLIA;1460187;SANDÁLIA KIDY FLAT IBIZA PINK;12 
146;SANDÁLIA KIDY IBIZA FOLIA;1460187;SANDÁLIA KIDY FLAT IBIZA PRETO;12 
146;SANDÁLIA KIDY IBIZA FOLIA;1460189;SANDÁLIA KIDY FLAT IBIZA OURO;12 
146;SANDÁLIA KIDY IBIZA FOLIA;1460190;SANDÁLIA KIDY FLAT IBIZA BRANCO/COLORIDO;24 
146;SANDÁLIA KIDY IBIZA FOLIA;1460190;SANDÁLIA KIDY FLAT IBIZA PRETO/COLORIDO;12 
146;SANDÁLIA KIDY IBIZA FOLIA;1460192;SANDÁLIA KIDY FLAT IBIZA NUDE;12 
146;SANDÁLIA KIDY IBIZA FOLIA;1460195;SANDALIA KIDY FLAT IBIZA PINK;12 
146;SANDÁLIA KIDY IBIZA FOLIA;1460195;SANDÁLIA KIDY FLAT IBIZA BRANCO;18 
146;SANDÁLIA KIDY IBIZA FOLIA;1460195;SANDÁLIA KIDY FLAT IBIZA MARFIM;161 
146;SANDÁLIA KIDY IBIZA FOLIA;1460195;SANDÁLIA KIDY FLAT IBIZA NUDE;87 
146;SANDÁLIA KIDY IBIZA FOLIA;1460195;SANDÁLIA KIDY FLAT IBIZA OURO;570 
146;SANDÁLIA KIDY IBIZA FOLIA;1460195;SANDÁLIA KIDY FLAT IBIZA PRETO;153 
146;SANDÁLIA KIDY IBIZA FOLIA;1460196;SANDÁLIA KIDY FLAT IBIZA BRANCO/OURO;81 
146;SANDÁLIA KIDY IBIZA FOLIA;1460196;SANDÁLIA KIDY FLAT IBIZA NUDE;617 
146;SANDÁLIA KIDY IBIZA FOLIA;1460196;SANDÁLIA KIDY FLAT IBIZA PINK/LARANJA;114 
146;SANDÁLIA KIDY IBIZA FOLIA;1460196;SANDÁLIA KIDY FLAT IBIZA PRETO;335 
146;SANDÁLIA KIDY IBIZA FOLIA;1460197;SANDALIA KIDY FLAT IBIZA LIMA;12 
146;SANDÁLIA KIDY IBIZA FOLIA;1460197;SANDÁLIA KIDY FLAT IBIZA MARFIM;62 
146;SANDÁLIA KIDY IBIZA FOLIA;1460197;SANDÁLIA KIDY FLAT IBIZA OURO;371 
146;SANDÁLIA KIDY IBIZA FOLIA;1460197;SANDÁLIA KIDY FLAT IBIZA ROSA;195 
146;SANDÁLIA KIDY IBIZA FOLIA;1460198;SANDÁLIA KIDY FLAT IBIZA BRANCO;33 
146;SANDÁLIA KIDY IBIZA FOLIA;1460198;SANDÁLIA KIDY FLAT IBIZA NUDE;99 
146;SANDÁLIA KIDY IBIZA FOLIA;1460198;SANDÁLIA KIDY FLAT IBIZA OURO;108 
146;SANDÁLIA KIDY IBIZA FOLIA;1460198;SANDÁLIA KIDY FLAT IBIZA PEROLA;177 
146;SANDÁLIA KIDY IBIZA FOLIA;1460198;SANDÁLIA KIDY FLAT IBIZA PRETO;194 
146;SANDÁLIA KIDY IBIZA FOLIA;1460199;SANDALIA KIDY FLAT IBIZA PRATA;9 
146;SANDÁLIA KIDY IBIZA FOLIA;1460199;SANDÁLIA KIDY FLAT IBIZA NUDE;96 
146;SANDÁLIA KIDY IBIZA FOLIA;1460199;SANDÁLIA KIDY FLAT IBIZA OURO;51 
146;SANDÁLIA KIDY IBIZA FOLIA;1460199;SANDÁLIA KIDY FLAT IBIZA PEROLA;36 
146;SANDÁLIA KIDY IBIZA FOLIA;1460199;SANDÁLIA KIDY FLAT IBIZA PINK;48 
146;SANDÁLIA KIDY IBIZA FOLIA;1460199;SANDÁLIA KIDY FLAT IBIZA PRETO;204 
146;SANDÁLIA KIDY IBIZA FOLIA;1460201;SANDÁLIA KIDY FLAT IBIZA AZUL BB;24 
146;SANDÁLIA KIDY IBIZA FOLIA;1460201;SANDÁLIA KIDY FLAT IBIZA BRANCO;42 
146;SANDÁLIA KIDY IBIZA FOLIA;1460201;SANDÁLIA KIDY FLAT IBIZA MARFIM;755 
146;SANDÁLIA KIDY IBIZA FOLIA;1460201;SANDÁLIA KIDY FLAT IBIZA NUDE;297 
146;SANDÁLIA KIDY IBIZA FOLIA;1460201;SANDÁLIA KIDY FLAT IBIZA OURO;261 
146;SANDÁLIA KIDY IBIZA FOLIA;1460201;SANDÁLIA KIDY FLAT IBIZA PRATA;132 
146;SANDÁLIA KIDY IBIZA FOLIA;1460202;SANDÁLIA KIDY FLAT IBIZA AZUL BB;60 
146;SANDÁLIA KIDY IBIZA FOLIA;1460202;SANDÁLIA KIDY FLAT IBIZA BRANCO;123 
146;SANDÁLIA KIDY IBIZA FOLIA;1460202;SANDÁLIA KIDY FLAT IBIZA MARFIM;870 
146;SANDÁLIA KIDY IBIZA FOLIA;1460202;SANDÁLIA KIDY FLAT IBIZA NUDE;393 
146;SANDÁLIA KIDY IBIZA FOLIA;1460202;SANDÁLIA KIDY FLAT IBIZA OURO;1.085 
146;SANDÁLIA KIDY IBIZA FOLIA;1460202;SANDÁLIA KIDY FLAT IBIZA PRATA;48 
146;SANDÁLIA KIDY IBIZA FOLIA;1460204;SANDÁLIA KIDY FLAT IBIZA BRANCO;297 
146;SANDÁLIA KIDY IBIZA FOLIA;1460204;SANDÁLIA KIDY FLAT IBIZA NUDE;644 
146;SANDÁLIA KIDY IBIZA FOLIA;1460204;SANDÁLIA KIDY FLAT IBIZA PRATA;273 
146;SANDÁLIA KIDY IBIZA FOLIA;1460205;SANDÁLIA KIDY FLAT IBIZA BRANCO;189 
146;SANDÁLIA KIDY IBIZA FOLIA;1460205;SANDÁLIA KIDY FLAT IBIZA LILAS;41 
146;SANDÁLIA KIDY IBIZA FOLIA;1460205;SANDÁLIA KIDY FLAT IBIZA NUDE;571 
146;SANDÁLIA KIDY IBIZA FOLIA;1460205;SANDÁLIA KIDY FLAT IBIZA PRETO;195 
146;SANDÁLIA KIDY IBIZA FOLIA;1460205;SANDÁLIA KIDY FLAT IBIZA PÊSSEGO;9 
146;SANDÁLIA KIDY IBIZA FOLIA;1460206;SANDÁLIA KIDY FLAT IBIZA LILAS;12 
146;SANDÁLIA KIDY IBIZA FOLIA;1460206;SANDÁLIA KIDY FLAT IBIZA NUDE;36 
146;SANDÁLIA KIDY IBIZA FOLIA;1460206;SANDÁLIA KIDY FLAT IBIZA OURO;54 
146;SANDÁLIA KIDY IBIZA FOLIA;1460206;SANDÁLIA KIDY FLAT IBIZA PESSEGO;36 
146;SANDÁLIA KIDY IBIZA FOLIA;1460206;SANDÁLIA KIDY FLAT IBIZA PRETO;66 
146;SANDÁLIA KIDY IBIZA FOLIA;1460207;SANDÁLIA KIDY FLAT IBIZA BRANCO;87 
146;SANDÁLIA KIDY IBIZA FOLIA;1460207;SANDÁLIA KIDY FLAT IBIZA NUDE;243 
146;SANDÁLIA KIDY IBIZA FOLIA;1460207;SANDÁLIA KIDY FLAT IBIZA OURO;294 
146;SANDÁLIA KIDY IBIZA FOLIA;1460207;SANDÁLIA KIDY FLAT IBIZA PRETO;243 
146;SANDÁLIA KIDY IBIZA FOLIA;1460207;SANDÁLIA KIDY FLAT IBIZA ROSA;104 
146;SANDÁLIA KIDY IBIZA FOLIA;1460208;SANDÁLIA KIDY FLAT IBIZA NUDE;102 
146;SANDÁLIA KIDY IBIZA FOLIA;1460208;SANDÁLIA KIDY FLAT IBIZA OURO;135 
146;SANDÁLIA KIDY IBIZA FOLIA;1460208;SANDÁLIA KIDY FLAT IBIZA PINK;24 
146;SANDÁLIA KIDY IBIZA FOLIA;1460208;SANDÁLIA KIDY FLAT IBIZA PRATA;288 
146;SANDÁLIA KIDY IBIZA FOLIA;1460208;SANDÁLIA KIDY FLAT IBIZA PRETO;213 
146;SANDÁLIA KIDY IBIZA FOLIA;1460208;SANDÁLIA KIDY FLAT IBIZA PÊSSEGO;33 
146;SANDÁLIA KIDY IBIZA FOLIA;1460209;SANDÁLIA KIDY FLAT IBIZA AZUL BEBE;33 
146;SANDÁLIA KIDY IBIZA FOLIA;1460209;SANDÁLIA KIDY FLAT IBIZA BRANCO;3.381 
146;SANDÁLIA KIDY IBIZA FOLIA;1460209;SANDÁLIA KIDY FLAT IBIZA NUDE;852 
146;SANDÁLIA KIDY IBIZA FOLIA;1460209;SANDÁLIA KIDY FLAT IBIZA PINK;48 
146;SANDÁLIA KIDY IBIZA FOLIA;1460209;SANDÁLIA KIDY FLAT IBIZA PRETO;309 
146;SANDÁLIA KIDY IBIZA FOLIA;1460210;SANDÁLIA KIDY FLAT IBIZA BRANCO;273 
146;SANDÁLIA KIDY IBIZA FOLIA;1460210;SANDÁLIA KIDY FLAT IBIZA NUDE;1.245 
146;SANDÁLIA KIDY IBIZA FOLIA;1460210;SANDÁLIA KIDY FLAT IBIZA OURO;891 
146;SANDÁLIA KIDY IBIZA FOLIA;1460210;SANDÁLIA KIDY FLAT IBIZA PRETO;512 
146;SANDÁLIA KIDY IBIZA FOLIA;1460210;SANDÁLIA KIDY FLAT IBIZA PÊSSEGO;36 
146;SANDÁLIA KIDY IBIZA FOLIA;1460211;SANDÁLIA KIDY FLAT IBIZA BRANCO;84 
146;SANDÁLIA KIDY IBIZA FOLIA;1460211;SANDÁLIA KIDY FLAT IBIZA NUDE;149 
146;SANDÁLIA KIDY IBIZA FOLIA;1460211;SANDÁLIA KIDY FLAT IBIZA OURO;990 
146;SANDÁLIA KIDY IBIZA FOLIA;1460211;SANDÁLIA KIDY FLAT IBIZA PESSEGO;21 
146;SANDÁLIA KIDY IBIZA FOLIA;1460211;SANDÁLIA KIDY FLAT IBIZA PRETO;72 
146;SANDÁLIA KIDY IBIZA FOLIA;1460212;SANDÁLIA KIDY FLAT IBIZA BRANCO;15 
146;SANDÁLIA KIDY IBIZA FOLIA;1460212;SANDÁLIA KIDY FLAT IBIZA OURO;726 
146;SANDÁLIA KIDY IBIZA FOLIA;1460212;SANDÁLIA KIDY FLAT IBIZA PESSEGO;72 
146;SANDÁLIA KIDY IBIZA FOLIA;1460212;SANDÁLIA KIDY FLAT IBIZA PRETO;510 
146;SANDÁLIA KIDY IBIZA FOLIA;1460213;SANDÁLIA KIDY FLAT IBIZA NUDE;24 
146;SANDÁLIA KIDY IBIZA FOLIA;1460213;SANDÁLIA KIDY FLAT IBIZA OURO;117 
146;SANDÁLIA KIDY IBIZA FOLIA;1460213;SANDÁLIA KIDY FLAT IBIZA PRATA;6 
146;SANDÁLIA KIDY IBIZA FOLIA;1460213;SANDÁLIA KIDY FLAT IBIZA PRETO;84 
146;SANDÁLIA KIDY IBIZA FOLIA;1460214;SANDÁLIA KIDY FLAT IBIZA BRANCO;27 
146;SANDÁLIA KIDY IBIZA FOLIA;1460214;SANDÁLIA KIDY FLAT IBIZA LILAS;18 
146;SANDÁLIA KIDY IBIZA FOLIA;1460214;SANDÁLIA KIDY FLAT IBIZA MARFIM;48 
146;SANDÁLIA KIDY IBIZA FOLIA;1460214;SANDÁLIA KIDY FLAT IBIZA NUDE;63 
146;SANDÁLIA KIDY IBIZA FOLIA;1460214;SANDÁLIA KIDY FLAT IBIZA OURO;75 
146;SANDÁLIA KIDY IBIZA FOLIA;1460214;SANDÁLIA KIDY FLAT IBIZA PINK;267 
146;SANDÁLIA KIDY IBIZA FOLIA;1460214;SANDÁLIA KIDY FLAT IBIZA PRETO;234 
146;SANDÁLIA KIDY IBIZA FOLIA;1460215;SANDÁLIA KIDY FLAT IBIZA AMARELO;12 
146;SANDÁLIA KIDY IBIZA FOLIA;1460215;SANDÁLIA KIDY FLAT IBIZA LILAS;45 
146;SANDÁLIA KIDY IBIZA FOLIA;1460215;SANDÁLIA KIDY FLAT IBIZA MARFIM;84 
146;SANDÁLIA KIDY IBIZA FOLIA;1460215;SANDÁLIA KIDY FLAT IBIZA NUDE;279 
146;SANDÁLIA KIDY IBIZA FOLIA;1460215;SANDÁLIA KIDY FLAT IBIZA OURO;45 
146;SANDÁLIA KIDY IBIZA FOLIA;1460215;SANDÁLIA KIDY FLAT IBIZA PINK;24 
146;SANDÁLIA KIDY IBIZA FOLIA;1460215;SANDÁLIA KIDY FLAT IBIZA PRETO;300 
146;SANDÁLIA KIDY IBIZA FOLIA;1460216;SANDÁLIA KIDY FLAT IBIZA AMARELO;12 
146;SANDÁLIA KIDY IBIZA FOLIA;1460216;SANDÁLIA KIDY FLAT IBIZA BRANCO;93 
146;SANDÁLIA KIDY IBIZA FOLIA;1460216;SANDÁLIA KIDY FLAT IBIZA LILAS;30 
146;SANDÁLIA KIDY IBIZA FOLIA;1460216;SANDÁLIA KIDY FLAT IBIZA MARFIM;399 
146;SANDÁLIA KIDY IBIZA FOLIA;1460216;SANDÁLIA KIDY FLAT IBIZA NUDE;591 
146;SANDÁLIA KIDY IBIZA FOLIA;1460216;SANDÁLIA KIDY FLAT IBIZA OURO;273 
146;SANDÁLIA KIDY IBIZA FOLIA;1460216;SANDÁLIA KIDY FLAT IBIZA PINK;204 
146;SANDÁLIA KIDY IBIZA FOLIA;1460216;SANDÁLIA KIDY FLAT IBIZA PRETO;594 
146;SANDÁLIA KIDY IBIZA FOLIA;1460217;SANDÁLIA KIDY FLAT IBIZA BRANCO;12 
146;SANDÁLIA KIDY IBIZA FOLIA;1460217;SANDÁLIA KIDY FLAT IBIZA MARFIM;78 
146;SANDÁLIA KIDY IBIZA FOLIA;1460217;SANDÁLIA KIDY FLAT IBIZA NUDE;51 
146;SANDÁLIA KIDY IBIZA FOLIA;1460217;SANDÁLIA KIDY FLAT IBIZA OURO;36 
146;SANDÁLIA KIDY IBIZA FOLIA;1460217;SANDÁLIA KIDY FLAT IBIZA PINK;18 
146;SANDÁLIA KIDY IBIZA FOLIA;1460217;SANDÁLIA KIDY FLAT IBIZA PRETO;36 
146;SANDÁLIA KIDY IBIZA FOLIA;1460218;SANDÁLIA KIDY FLAT IBIZA BRANCO;9 
146;SANDÁLIA KIDY IBIZA FOLIA;1460218;SANDÁLIA KIDY FLAT IBIZA LILAS;12 
146;SANDÁLIA KIDY IBIZA FOLIA;1460218;SANDÁLIA KIDY FLAT IBIZA MARFIM;30 
146;SANDÁLIA KIDY IBIZA FOLIA;1460218;SANDÁLIA KIDY FLAT IBIZA NUDE;150 
146;SANDÁLIA KIDY IBIZA FOLIA;1460218;SANDÁLIA KIDY FLAT IBIZA OURO;72 
146;SANDÁLIA KIDY IBIZA FOLIA;1460218;SANDÁLIA KIDY FLAT IBIZA PINK;33 
146;SANDÁLIA KIDY IBIZA FOLIA;1460218;SANDÁLIA KIDY FLAT IBIZA PRETO;192 
149;SANDÁLIA KIDY ANABELA LUNA;1493000;NU-SANDÁLIA KIDY ANABELA LUNA S.S. OURO;12 
149;SANDÁLIA KIDY ANABELA LUNA;1493001;SANDÁLIA KIDY ANABELA LUNA S.S. NUDE;12 
154;BOTA KIDY SOFT;1540150;BOTA KIDY SOFT CARAMELO;12 
154;BOTA KIDY SOFT;1540151;BOTA KIDY SOFT OURO;12 
154;BOTA KIDY SOFT;1540152;BOTA KIDY SOFT CACHIMIR;12 
154;BOTA KIDY SOFT;1540154;BOTA KIDY SOFT PRETO;12 
154;BOTA KIDY SOFT;1540180;BOTA KIDY SOFT PRETO;12 
154;BOTA KIDY SOFT;1540181;BOTA KIDY SOFT OURO LIGHT;12 
154;BOTA KIDY SOFT;1540182;BOTA KIDY SOFT BLUSH;12 
154;BOTA KIDY SOFT;1540184;BOTA KIDY SOFT PÉROLA;12 
154;BOTA KIDY SOFT;1540191;BOTA KIDY SOFT NUDE;12 
154;BOTA KIDY SOFT;1540198;BOTA KIDY SOFT AVELÃ;12 
154;BOTA KIDY SOFT;1540199;BOTA KIDY SOFT CAMEL;99 
154;BOTA KIDY SOFT;1540199;BOTA KIDY SOFT NUDE;1.571 
154;BOTA KIDY SOFT;1540199;BOTA KIDY SOFT OURO;80 
154;BOTA KIDY SOFT;1540199;BOTA KIDY SOFT PEROLA;144 
154;BOTA KIDY SOFT;1540199;BOTA KIDY SOFT PRETO;248 
154;BOTA KIDY SOFT;1540200;BOTA KIDY SOFT PEROLA;3.078 
154;BOTA KIDY SOFT;1540200;BOTA KIDY SOFT PINK;24 
154;BOTA KIDY SOFT;1540200;BOTA KIDY SOFT PRETO;381 
154;BOTA KIDY SOFT;1540200;BOTA KIDY SOFT ROSA;66 
154;BOTA KIDY SOFT;1540201;BOTA KIDY SOFT NUDE;204 
154;BOTA KIDY SOFT;1540201;BOTA KIDY SOFT OURO;729 
154;BOTA KIDY SOFT;1540201;BOTA KIDY SOFT PEROLA;129 
154;BOTA KIDY SOFT;1540201;BOTA KIDY SOFT PRETO;138 
154;BOTA KIDY SOFT;1540201;BOTA KIDY SOFT ROSA;48 
154;BOTA KIDY SOFT;1540202;BOTA KIDY SOFT AVELA;114 
154;BOTA KIDY SOFT;1540202;BOTA KIDY SOFT CAMEL;600 
154;BOTA KIDY SOFT;1540202;BOTA KIDY SOFT NUDE;488 
154;BOTA KIDY SOFT;1540202;BOTA KIDY SOFT PRETO;54 
154;BOTA KIDY SOFT;1540203;BOTA KIDY SOFT OURO;42 
154;BOTA KIDY SOFT;1540203;BOTA KIDY SOFT PEROLA;201 
154;BOTA KIDY SOFT;1540203;BOTA KIDY SOFT PRETO;162 
154;BOTA KIDY SOFT;1540203;BOTA KIDY SOFT ROSA;135 
154;BOTA KIDY SOFT;1540205;BOTA KIDY SOFT NUDE;87 
154;BOTA KIDY SOFT;1540205;BOTA KIDY SOFT PEROLA;108 
154;BOTA KIDY SOFT;1540205;BOTA KIDY SOFT PRETO;1.490 
154;BOTA KIDY SOFT;1540206;BOTA KIDY SOFT MARFIM;735 
154;BOTA KIDY SOFT;1540206;BOTA KIDY SOFT NUDE;366 
154;BOTA KIDY SOFT;1540206;BOTA KIDY SOFT PINK;12 
154;BOTA KIDY SOFT;1540206;BOTA KIDY SOFT PRETO;48 
154;BOTA KIDY SOFT;1540207;BOTA KIDY SOFT MARFIM;693 
154;BOTA KIDY SOFT;1540207;BOTA KIDY SOFT OURO;1.266 
154;BOTA KIDY SOFT;1540207;BOTA KIDY SOFT PINK;6 
154;BOTA KIDY SOFT;1540207;BOTA KIDY SOFT PRETO;156 
154;BOTA KIDY SOFT;1540207;BOTA KIDY SOFT ROSA;57 
154;BOTA KIDY SOFT;1540208;BOTA KIDY SOFT MARFIM;60 
154;BOTA KIDY SOFT;1540208;BOTA KIDY SOFT PRETO;318 
154;BOTA KIDY SOFT;1540208;BOTA KIDY SOFT ROSA;33 
154;BOTA KIDY SOFT;1540209;BOTA KIDY SOFT BRANCO;12 
154;BOTA KIDY SOFT;1540209;BOTA KIDY SOFT MARFIM;42 
154;BOTA KIDY SOFT;1540209;BOTA KIDY SOFT NUDE;282 
154;BOTA KIDY SOFT;1540209;BOTA KIDY SOFT PINK;6 
154;BOTA KIDY SOFT;1540210;BOTA KIDY SOFT NUDE;524 
154;BOTA KIDY SOFT;1540210;BOTA KIDY SOFT PEROLA;168 
154;BOTA KIDY SOFT;1540210;BOTA KIDY SOFT PRETO;1.869 
154;BOTA KIDY SOFT;1540212;BOTA KIDY SOFT NUDE;1.302 
154;BOTA KIDY SOFT;1540212;BOTA KIDY SOFT PRATA;234 
154;BOTA KIDY SOFT;1540212;BOTA KIDY SOFT PRETO;408 
154;BOTA KIDY SOFT;1540214;BOTA KIDY SOFT MARFIM;3.745 
154;BOTA KIDY SOFT;1540214;BOTA KIDY SOFT NUDE;951 
154;BOTA KIDY SOFT;1540214;BOTA KIDY SOFT PRETO;348 
154;BOTA KIDY SOFT;1540215;BOTA KIDY SOFT CAMEL;36 
154;BOTA KIDY SOFT;1540215;BOTA KIDY SOFT MARFIM;582 
154;BOTA KIDY SOFT;1540215;BOTA KIDY SOFT NUDE;396 
154;BOTA KIDY SOFT;1540215;BOTA KIDY SOFT OURO;327 
154;BOTA KIDY SOFT;1540215;BOTA KIDY SOFT PRETO;195 
154;BOTA KIDY SOFT;1540221;BOTA KIDY SOFT MARFIM;786 
154;BOTA KIDY SOFT;1540221;BOTA KIDY SOFT NUDE;285 
154;BOTA KIDY SOFT;1540221;BOTA KIDY SOFT OURO;102 
154;BOTA KIDY SOFT;1540221;BOTA KIDY SOFT PRETO;123 
154;BOTA KIDY SOFT;1540222;BOTA KIDY SOFT MARFIM;90 
154;BOTA KIDY SOFT;1540222;BOTA KIDY SOFT NUDE;360 
154;BOTA KIDY SOFT;1540222;BOTA KIDY SOFT OURO;24 
154;BOTA KIDY SOFT;1540222;BOTA KIDY SOFT PRETO;633 
154;BOTA KIDY SOFT;1540224;BOTA KIDY SOFT BEGE;180 
154;BOTA KIDY SOFT;1540224;BOTA KIDY SOFT CARAMELO;255 
154;BOTA KIDY SOFT;1540224;BOTA KIDY SOFT NUDE;174 
154;BOTA KIDY SOFT;1540224;BOTA KIDY SOFT PRETO;12 
154;BOTA KIDY SOFT;1540226;BOTA KIDY SOFT MARFIM;195 
154;BOTA KIDY SOFT;1540226;BOTA KIDY SOFT NUDE;361 
154;BOTA KIDY SOFT;1540226;BOTA KIDY SOFT PRETO;862 
155;TÊNIS CASUAL MOTION;1550010;SAPATÊNIS MOTION MARINHO/LARANJA;12 
156;SANDALIA KIDY AMAR E COMFORT;1560280;SANDALIA KIDY AMAR É COMFORT ROSA;11 
156;SANDALIA KIDY AMAR E COMFORT;1560284;SANDALIA KIDY AMAR É COMFORT OURO;11 
156;SANDALIA KIDY AMAR E COMFORT;1560323;SANDALIA KIDY AMAR É COMFORT MARFIM;12 
156;SANDALIA KIDY AMAR E COMFORT;1560326;SANDALIA KIDY AMAR É COMFORT GERANIO;12 
156;SANDALIA KIDY AMAR E COMFORT;1560340;SANDALIA KIDY AMAR É COMFORT MARFIM/CORAL;12 
156;SANDALIA KIDY AMAR E COMFORT;1560340;SANDALIA KIDY AMAR É COMFORT NUDE;24 
156;SANDALIA KIDY AMAR E COMFORT;1560341;SANDALIA KIDY AMAR É COMFORT NUDE;12 
156;SANDALIA KIDY AMAR E COMFORT;1560352;SANDALIA KIDY AMAR É COMFORT ORQUIDEA;24 
156;SANDALIA KIDY AMAR E COMFORT;1560358;SANDALIA KIDY AMAR É COMFORT AMARELO;12 
156;SANDALIA KIDY AMAR E COMFORT;1560361;SANDALIA KIDY AMAR É COMFORT BRANCO/NUDE;12 
156;SANDALIA KIDY AMAR E COMFORT;1560362;SANDALIA KIDY AMAR É COMFORT NUDE;156 
156;SANDALIA KIDY AMAR E COMFORT;1560371;SANDALIA KIDY AMAR É COMFORT NUDE;12 
156;SANDALIA KIDY AMAR E COMFORT;1560374;SANDALIA KIDY AMAR É COMFORT MARFIM/OURO;12 
156;SANDALIA KIDY AMAR E COMFORT;1560376;SANDALIA KIDY AMAR É COMFORT MARINE;12 
156;SANDALIA KIDY AMAR E COMFORT;1560390;SANDALIA KIDY AMAR É COMFORT LAVANDA;12 
156;SANDALIA KIDY AMAR E COMFORT;1560391;SANDALIA KIDY AMAR É COMFORT OURO;12 
156;SANDALIA KIDY AMAR E COMFORT;1560392;SANDALIA KIDY AMAR É COMFORT BRANCO/COLORIDO;12 
156;SANDALIA KIDY AMAR E COMFORT;1560395;SANDALIA KIDY AMAR É COMFORT AZUL BEBE;12 
156;SANDALIA KIDY AMAR E COMFORT;1560396;SANDALIA KIDY AMAR É COMFORT NUDE;12 
156;SANDALIA KIDY AMAR E COMFORT;1560410;SANDALIA KIDY AMAR É COMFORT NUDE;12 
156;SANDALIA KIDY AMAR E COMFORT;1560411;SANDALIA KIDY AMAR É COMFORT NUDE/COLORIDO;12 
156;SANDALIA KIDY AMAR E COMFORT;1560412;SANDALIA KIDY AMAR É COMFORT AZUL BEBE;12 
156;SANDALIA KIDY AMAR E COMFORT;1560413;SANDALIA KIDY AMAR É COMFORT MARFIM/COLORIDO;12 
156;SANDALIA KIDY AMAR E COMFORT;1560416;SANDALIA KIDY AMAR É COMFORT MARFIM;12 
156;SANDALIA KIDY AMAR E COMFORT;1560418;SANDALIA KIDY AMAR É COMFORT BRANCO/PRETO/OURO;12 
156;SANDALIA KIDY AMAR E COMFORT;1560430;SANDALIA KIDY AMAR É COMFORT PINK;33 
156;SANDALIA KIDY AMAR E COMFORT;1560431;SANDALIA KIDY AMAR É COMFORT OURO;18 
156;SANDALIA KIDY AMAR E COMFORT;1560431;SANDALIA KIDY AMAR É COMFORT PRETO;6 
156;SANDALIA KIDY AMAR E COMFORT;1560432;SANDALIA KIDY AMAR É COMFORT NUDE;12 
156;SANDALIA KIDY AMAR E COMFORT;1560432;SANDALIA KIDY AMAR É COMFORT OURO;12 
156;SANDALIA KIDY AMAR E COMFORT;1560434;SANDALIA KIDY AMAR É COMFORT AMARELO;12 
156;SANDALIA KIDY AMAR E COMFORT;1560434;SANDALIA KIDY AMAR É COMFORT PÉROLA;12 
156;SANDALIA KIDY AMAR E COMFORT;1560435;SANDALIA KIDY AMAR É COMFORT MARINE;12 
156;SANDALIA KIDY AMAR E COMFORT;1560436;SANDALIA KIDY AMAR É COMFORT MARFIM;24 
156;SANDALIA KIDY AMAR E COMFORT;1560436;SANDALIA KIDY AMAR É COMFORT PRETO;12 
156;SANDALIA KIDY AMAR E COMFORT;1560437;SANDALIA KIDY AMAR É COMFORT PEROLA;48 
156;SANDALIA KIDY AMAR E COMFORT;1560437;SANDALIA KIDY AMAR É COMFORT ROSA;21 
156;SANDALIA KIDY AMAR E COMFORT;1560440;SANDALIA KIDY AMAR É COMFORT AZUL;99 
156;SANDALIA KIDY AMAR E COMFORT;1560440;SANDALIA KIDY AMAR É COMFORT BRANCO;573 
156;SANDALIA KIDY AMAR E COMFORT;1560440;SANDALIA KIDY AMAR É COMFORT NUDE;1.255 
156;SANDALIA KIDY AMAR E COMFORT;1560440;SANDALIA KIDY AMAR É COMFORT OURO;486 
156;SANDALIA KIDY AMAR E COMFORT;1560440;SANDALIA KIDY AMAR É COMFORT ROSA;219 
156;SANDALIA KIDY AMAR E COMFORT;1560441;SANDALIA KIDY AMAR É COMFORT BRANCO;132 
156;SANDALIA KIDY AMAR E COMFORT;1560441;SANDALIA KIDY AMAR É COMFORT NUDE;243 
156;SANDALIA KIDY AMAR E COMFORT;1560441;SANDALIA KIDY AMAR É COMFORT OURO;126 
156;SANDALIA KIDY AMAR E COMFORT;1560441;SANDALIA KIDY AMAR É COMFORT PINK;36 
156;SANDALIA KIDY AMAR E COMFORT;1560441;SANDALIA KIDY AMAR É COMFORT ROSA;442 
156;SANDALIA KIDY AMAR E COMFORT;1560442;SANDALIA KIDY AMAR E COMFORT PINK;18 
156;SANDALIA KIDY AMAR E COMFORT;1560442;SANDALIA KIDY AMAR É COMFORT LARANJA;36 
156;SANDALIA KIDY AMAR E COMFORT;1560442;SANDALIA KIDY AMAR É COMFORT MARFIM;132 
156;SANDALIA KIDY AMAR E COMFORT;1560442;SANDALIA KIDY AMAR É COMFORT NUDE;72 
156;SANDALIA KIDY AMAR E COMFORT;1560442;SANDALIA KIDY AMAR É COMFORT OURO;45 
156;SANDALIA KIDY AMAR E COMFORT;1560443;SANDALIA KIDY AMAR É COMFORT AZUL;30 
156;SANDALIA KIDY AMAR E COMFORT;1560443;SANDALIA KIDY AMAR É COMFORT MARFIM;938 
156;SANDALIA KIDY AMAR E COMFORT;1560443;SANDALIA KIDY AMAR É COMFORT OURO;1.313 
156;SANDALIA KIDY AMAR E COMFORT;1560443;SANDALIA KIDY AMAR É COMFORT PRATA;57 
156;SANDALIA KIDY AMAR E COMFORT;1560443;SANDALIA KIDY AMAR É COMFORT ROSA;111 
156;SANDALIA KIDY AMAR E COMFORT;1560445;SANDALIA KIDY AMAR É COMFORT BRANCO;192 
156;SANDALIA KIDY AMAR E COMFORT;1560445;SANDALIA KIDY AMAR É COMFORT NUDE;303 
156;SANDALIA KIDY AMAR E COMFORT;1560445;SANDALIA KIDY AMAR É COMFORT OURO;125 
156;SANDALIA KIDY AMAR E COMFORT;1560445;SANDALIA KIDY AMAR É COMFORT PINK;42 
156;SANDALIA KIDY AMAR E COMFORT;1560446;SANDALIA KIDY AMAR E COMFORT AZUL BB;12 
156;SANDALIA KIDY AMAR E COMFORT;1560446;SANDALIA KIDY AMAR E COMFORT PRATA;348 
156;SANDALIA KIDY AMAR E COMFORT;1560446;SANDALIA KIDY AMAR É COMFORT BRANCO;681 
156;SANDALIA KIDY AMAR E COMFORT;1560446;SANDALIA KIDY AMAR É COMFORT MARFIM;2.654 
156;SANDALIA KIDY AMAR E COMFORT;1560446;SANDALIA KIDY AMAR É COMFORT NUDE;2.038 
156;SANDALIA KIDY AMAR E COMFORT;1560446;SANDALIA KIDY AMAR É COMFORT OURO;3.839 
156;SANDALIA KIDY AMAR E COMFORT;1560447;SANDALIA KIDY AMAR E COMFORT AZUL BB;0 
156;SANDALIA KIDY AMAR E COMFORT;1560447;SANDALIA KIDY AMAR É COMFORT BRANCO;48 
156;SANDALIA KIDY AMAR E COMFORT;1560447;SANDALIA KIDY AMAR É COMFORT MARFIM;277 
156;SANDALIA KIDY AMAR E COMFORT;1560447;SANDALIA KIDY AMAR É COMFORT NUDE;528 
156;SANDALIA KIDY AMAR E COMFORT;1560447;SANDALIA KIDY AMAR É COMFORT OURO;189 
156;SANDALIA KIDY AMAR E COMFORT;1560447;SANDALIA KIDY AMAR É COMFORT PRATA;258 
156;SANDALIA KIDY AMAR E COMFORT;1560450;SANDALIA KIDY AMAR É COMFORT BRANCO;504 
156;SANDALIA KIDY AMAR E COMFORT;1560450;SANDALIA KIDY AMAR É COMFORT NUDE;1.403 
156;SANDALIA KIDY AMAR E COMFORT;1560450;SANDALIA KIDY AMAR É COMFORT OURO;838 
156;SANDALIA KIDY AMAR E COMFORT;1560450;SANDALIA KIDY AMAR É COMFORT PRATA;871 
156;SANDALIA KIDY AMAR E COMFORT;1560450;SANDALIA KIDY AMAR É COMFORT PRETO;228 
156;SANDALIA KIDY AMAR E COMFORT;1560451;SANDALIA KIDY AMAR É COMFORT LILAS;6 
156;SANDALIA KIDY AMAR E COMFORT;1560451;SANDALIA KIDY AMAR É COMFORT NUDE;159 
156;SANDALIA KIDY AMAR E COMFORT;1560451;SANDALIA KIDY AMAR É COMFORT OURO;606 
156;SANDALIA KIDY AMAR E COMFORT;1560451;SANDALIA KIDY AMAR É COMFORT PESSEGO;9 
156;SANDALIA KIDY AMAR E COMFORT;1560451;SANDALIA KIDY AMAR É COMFORT PRETO;387 
156;SANDALIA KIDY AMAR E COMFORT;1560452;SANDALIA KIDY AMAR É COMFORT BRANCO;648 
156;SANDALIA KIDY AMAR E COMFORT;1560452;SANDALIA KIDY AMAR É COMFORT LILAS;48 
156;SANDALIA KIDY AMAR E COMFORT;1560452;SANDALIA KIDY AMAR É COMFORT MARFIM;294 
156;SANDALIA KIDY AMAR E COMFORT;1560452;SANDALIA KIDY AMAR É COMFORT NUDE;2.210 
156;SANDALIA KIDY AMAR E COMFORT;1560452;SANDALIA KIDY AMAR É COMFORT OURO;5.573 
156;SANDALIA KIDY AMAR E COMFORT;1560452;SANDALIA KIDY AMAR É COMFORT PESSEGO;60 
156;SANDALIA KIDY AMAR E COMFORT;1560453;SANDALIA KIDY AMAR É COMFORT BRANCO;117 
156;SANDALIA KIDY AMAR E COMFORT;1560453;SANDALIA KIDY AMAR É COMFORT LILAS;15 
156;SANDALIA KIDY AMAR E COMFORT;1560453;SANDALIA KIDY AMAR É COMFORT NUDE;1.105 
156;SANDALIA KIDY AMAR E COMFORT;1560453;SANDALIA KIDY AMAR É COMFORT ROSA;48 
156;SANDALIA KIDY AMAR E COMFORT;1560454;SANDALIA KIDY AMAR É COMFORT LILAS;66 
156;SANDALIA KIDY AMAR E COMFORT;1560454;SANDALIA KIDY AMAR É COMFORT NUDE;477 
156;SANDALIA KIDY AMAR E COMFORT;1560454;SANDALIA KIDY AMAR É COMFORT OURO;426 
156;SANDALIA KIDY AMAR E COMFORT;1560454;SANDALIA KIDY AMAR É COMFORT PESSEGO;171 
156;SANDALIA KIDY AMAR E COMFORT;1560454;SANDALIA KIDY AMAR É COMFORT PRATA;562 
156;SANDALIA KIDY AMAR E COMFORT;1560455;SANDALIA KIDY AMAR É COMFORT BRANCO;184 
156;SANDALIA KIDY AMAR E COMFORT;1560455;SANDALIA KIDY AMAR É COMFORT NUDE;168 
156;SANDALIA KIDY AMAR E COMFORT;1560455;SANDALIA KIDY AMAR É COMFORT OURO;96 
156;SANDALIA KIDY AMAR E COMFORT;1560455;SANDALIA KIDY AMAR É COMFORT PRETO;12 
156;SANDALIA KIDY AMAR E COMFORT;1560456;SANDALIA KIDY AMAR É COMFORT MARFIM;182 
156;SANDALIA KIDY AMAR E COMFORT;1560456;SANDALIA KIDY AMAR É COMFORT NUDE;401 
156;SANDALIA KIDY AMAR E COMFORT;1560456;SANDALIA KIDY AMAR É COMFORT OURO;120 
156;SANDALIA KIDY AMAR E COMFORT;1560456;SANDALIA KIDY AMAR É COMFORT PRATA;8 
156;SANDALIA KIDY AMAR E COMFORT;1560456;SANDALIA KIDY AMAR É COMFORT PRETO;12 
156;SANDALIA KIDY AMAR E COMFORT;1560458;SANDALIA KIDY AMAR É COMFORT BRANCO/PRATA;242 
156;SANDALIA KIDY AMAR E COMFORT;1560458;SANDALIA KIDY AMAR É COMFORT MARFIM/OURO;4.399 
156;SANDALIA KIDY AMAR E COMFORT;1560458;SANDALIA KIDY AMAR É COMFORT NUDE;912 
156;SANDALIA KIDY AMAR E COMFORT;1560458;SANDALIA KIDY AMAR É COMFORT PRETO;140 
156;SANDALIA KIDY AMAR E COMFORT;1561277;SANDALIA AMAR É BABY PRETO;36 
156;SANDALIA KIDY AMAR E COMFORT;1561277;SANDALIA AMAR É BABY VERMELHO;48 
156;SANDALIA KIDY AMAR E COMFORT;1562000;SANDALIA KIDY AMAR É COMFORT NUDE;278 
156;SANDALIA KIDY AMAR E COMFORT;1562000;SANDALIA KIDY AMAR É COMFORT OURO;203 
156;SANDALIA KIDY AMAR E COMFORT;1562000;SANDALIA KIDY AMAR É COMFORT PINK;1.022 
156;SANDALIA KIDY AMAR E COMFORT;1562000;SANDALIA KIDY AMAR É COMFORT PRATA/COLORIDO;550 
156;SANDALIA KIDY AMAR E COMFORT;1562000;SANDALIA KIDY AMAR É COMFORT PRETO;192 
156;SANDALIA KIDY AMAR E COMFORT;1562001;SANDALIA KIDY AMAR É COMFORT LILAS;57 
156;SANDALIA KIDY AMAR E COMFORT;1562001;SANDALIA KIDY AMAR É COMFORT OURO;12 
156;SANDALIA KIDY AMAR E COMFORT;1562001;SANDALIA KIDY AMAR É COMFORT PESSEGO;18 
156;SANDALIA KIDY AMAR E COMFORT;1562001;SANDALIA KIDY AMAR É COMFORT PINK;21 
156;SANDALIA KIDY AMAR E COMFORT;1562001;SANDALIA KIDY AMAR É COMFORT PRETO;81 
156;SANDALIA KIDY AMAR E COMFORT;1562002;SANDALIA KIDY AMAR É COMFORT LILAS;12 
156;SANDALIA KIDY AMAR E COMFORT;1562002;SANDALIA KIDY AMAR É COMFORT OURO;162 
156;SANDALIA KIDY AMAR E COMFORT;1562002;SANDALIA KIDY AMAR É COMFORT PESSEGO;27 
156;SANDALIA KIDY AMAR E COMFORT;1562002;SANDALIA KIDY AMAR É COMFORT PRETO;33 
156;SANDALIA KIDY AMAR E COMFORT;1562002;SANDALIA KIDY AMAR É COMFORT ROSA;387 
156;SANDALIA KIDY AMAR E COMFORT;1562003;SANDALIA KIDY AMAR É COMFORT BRANCO;1.773 
156;SANDALIA KIDY AMAR E COMFORT;1562003;SANDALIA KIDY AMAR É COMFORT NUDE;305 
156;SANDALIA KIDY AMAR E COMFORT;1562003;SANDALIA KIDY AMAR É COMFORT OURO;435 
156;SANDALIA KIDY AMAR E COMFORT;1562003;SANDALIA KIDY AMAR É COMFORT PRATA;84 
156;SANDALIA KIDY AMAR E COMFORT;1562003;SANDALIA KIDY AMAR É COMFORT PRETO;104 
156;SANDALIA KIDY AMAR E COMFORT;1562004;SANDALIA KIDY AMAR É COMFORT NUDE;662 
156;SANDALIA KIDY AMAR E COMFORT;1562004;SANDALIA KIDY AMAR É COMFORT OURO;1.350 
156;SANDALIA KIDY AMAR E COMFORT;1562004;SANDALIA KIDY AMAR É COMFORT PINK;2.226 
156;SANDALIA KIDY AMAR E COMFORT;1562004;SANDALIA KIDY AMAR É COMFORT PRATA/COLORIDO;1.003 
156;SANDALIA KIDY AMAR E COMFORT;1562004;SANDALIA KIDY AMAR É COMFORT PRETO;1.941 
156;SANDALIA KIDY AMAR E COMFORT;1562005;SANDALIA KIDY AMAR É COMFORT BRANCO;33 
156;SANDALIA KIDY AMAR E COMFORT;1562005;SANDALIA KIDY AMAR É COMFORT MARFIM;312 
156;SANDALIA KIDY AMAR E COMFORT;1562005;SANDALIA KIDY AMAR É COMFORT NUDE;141 
156;SANDALIA KIDY AMAR E COMFORT;1562005;SANDALIA KIDY AMAR É COMFORT OURO;396 
156;SANDALIA KIDY AMAR E COMFORT;1562006;SANDALIA KIDY AMAR É COMFORT NUDE;24 
156;SANDALIA KIDY AMAR E COMFORT;1562006;SANDALIA KIDY AMAR É COMFORT OURO;33 
156;SANDALIA KIDY AMAR E COMFORT;1562006;SANDALIA KIDY AMAR É COMFORT PRATA;108 
156;SANDALIA KIDY AMAR E COMFORT;1562006;SANDALIA KIDY AMAR É COMFORT PRETO;36 
156;SANDALIA KIDY AMAR E COMFORT;1562008;SANDALIA KIDY AMAR É COMFORT BRANCO;111 
156;SANDALIA KIDY AMAR E COMFORT;1562008;SANDALIA KIDY AMAR É COMFORT MARFIM;267 
156;SANDALIA KIDY AMAR E COMFORT;1562008;SANDALIA KIDY AMAR É COMFORT NUDE;144 
156;SANDALIA KIDY AMAR E COMFORT;1562008;SANDALIA KIDY AMAR É COMFORT OURO;1.009 
156;SANDALIA KIDY AMAR E COMFORT;1563000;SANDALIA AMAR É BABY S.S.OURO;36 
159;SAND.KIDY COMFORT;1597227;SANDÁLIA KIDY CONFORTO BRANCO/PRETO;12 
159;SAND.KIDY COMFORT;1597228;SANDÁLIA KIDY CONFORTO BRANCO/PRETO;216 
159;SAND.KIDY COMFORT;1599260;SANDÁLIA KIDY CONFORT MARINHO/VERMELHO;12 
159;SAND.KIDY COMFORT;1599266;SANDÁLIA KIDY CONFORT MARROM;12 
159;SAND.KIDY COMFORT;1599266;SANDÁLIA KIDY CONFORT PRETO/AZUL;120 
159;SAND.KIDY COMFORT;1599284;SANDÁLIA KIDY CONFORTO MARROM;12 
159;SAND.KIDY COMFORT;1599304;SANDÁLIA KIDY COMFORT MARROM;12 
159;SAND.KIDY COMFORT;1599306;SANDÁLIA KIDY CONFORTO MARROM;24 
159;SAND.KIDY COMFORT;1599318;SANDÁLIA KIDY CONFORT STONE;12 
159;SAND.KIDY COMFORT;1599319;SANDÁLIA KIDY CONFORT GRAFITE;12 
159;SAND.KIDY COMFORT;1599320;SANDÁLIA KIDY CONFORT AZUL/MARINHO;12 
159;SAND.KIDY COMFORT;1599322;SANDÁLIA KIDY CONFORT CINZA/AZUL;12 
159;SAND.KIDY COMFORT;1599327;SANDÁLIA KIDY CONFORT MARINHO/CARAMELO;12 
159;SAND.KIDY COMFORT;1599327;SANDÁLIA KIDY CONFORT TAUPE/MARROM;12 
159;SAND.KIDY COMFORT;1599333;SANDÁLIA KIDY CONFORTO CASTANHO;36 
159;SAND.KIDY COMFORT;1599333;SANDÁLIA KIDY CONFORTO MARINHO;252 
159;SAND.KIDY COMFORT;1599333;SANDÁLIA KIDY CONFORTO PRETO;108 
159;SAND.KIDY COMFORT;1599334;SANDÁLIA KIDY CONFORT PRETO;12 
159;SAND.KIDY COMFORT;1599340;SANDÁLIA KIDY CONFORT CAFÉ/CASTANHO;714 
159;SAND.KIDY COMFORT;1599340;SANDÁLIA KIDY CONFORT CARAMELO/MARINHO;540 
159;SAND.KIDY COMFORT;1599340;SANDÁLIA KIDY CONFORT MARINHO/AZUL STONE;288 
159;SAND.KIDY COMFORT;1599340;SANDÁLIA KIDY CONFORT PRETO/CINZA;36 
159;SAND.KIDY COMFORT;1599341;SANDÁLIA KIDY CONFORT CASTOR;36 
159;SAND.KIDY COMFORT;1599341;SANDÁLIA KIDY CONFORT MARINHO;72 
159;SAND.KIDY COMFORT;1599341;SANDÁLIA KIDY CONFORT MARROM;72 
159;SAND.KIDY COMFORT;1599342;SANDÁLIA KIDY CONFORT CAFE/CASTANHO;420 
159;SAND.KIDY COMFORT;1599342;SANDÁLIA KIDY CONFORT CARAMELO/MARINHO;213 
159;SAND.KIDY COMFORT;1599342;SANDÁLIA KIDY CONFORT NATURAL/CARAMELO;675 
159;SAND.KIDY COMFORT;1599342;SANDÁLIA KIDY CONFORT PRETO/LARANJA;1.017 
159;SAND.KIDY COMFORT;1599343;SANDÁLIA KIDY CONFORT CARAMELO/MARINHO;12 
159;SAND.KIDY COMFORT;1599344;SANDÁLIA KIDY CONFORT CARAMELO;522 
159;SAND.KIDY COMFORT;1599344;SANDÁLIA KIDY CONFORT CASTOR;168 
159;SAND.KIDY COMFORT;1599344;SANDÁLIA KIDY CONFORT MARINHO;657 
159;SAND.KIDY COMFORT;1599350;SANDÁLIA KIDY COMFORT MARINHO/AZUL STONE;123 
159;SAND.KIDY COMFORT;1599350;SANDÁLIA KIDY COMFORT PRETO/CINZA/VERDE;72 
159;SAND.KIDY COMFORT;1599350;SANDÁLIA KIDY COMFORT PRETO/LARANJA NEW;141 
159;SAND.KIDY COMFORT;1599350;SANDÁLIA KIDY COMFORT TABACO/BEGE;261 
159;SAND.KIDY COMFORT;1599351;SANDÁLIA KIDY COMFORT CASTOR/CASTANHO;528 
159;SAND.KIDY COMFORT;1599351;SANDÁLIA KIDY COMFORT MARINHO/CINZA/LARANJA;1.314 
159;SAND.KIDY COMFORT;1599351;SANDÁLIA KIDY COMFORT PRETO/MARINHO;225 
159;SAND.KIDY COMFORT;1599354;SANDÁLIA KIDY COMFORT CASTOR;282 
159;SAND.KIDY COMFORT;1599354;SANDÁLIA KIDY COMFORT MARINHO/PRETO;12 
159;SAND.KIDY COMFORT;1599354;SANDÁLIA KIDY COMFORT PRETO;72 
159;SAND.KIDY COMFORT;1599355;SANDALIA KIDY COMFORT NATURAL;12 
159;SAND.KIDY COMFORT;1599355;SANDÁLIA KIDY COMFORT CARAMELO;84 
159;SAND.KIDY COMFORT;1599355;SANDÁLIA KIDY COMFORT CARAMELO/PRETO;399 
159;SAND.KIDY COMFORT;1599355;SANDÁLIA KIDY COMFORT CASTANHO/CARAMELO;81 
159;SAND.KIDY COMFORT;1599355;SANDÁLIA KIDY COMFORT MARINHO;57 
159;SAND.KIDY COMFORT;1599355;SANDÁLIA KIDY COMFORT MARINHO/AZUL STONE;60 
159;SAND.KIDY COMFORT;1599355;SANDÁLIA KIDY COMFORT MARROM/CASTANHO;1.086 
159;SAND.KIDY COMFORT;1599356;SANDÁLIA KIDY COMFORT MARINHO;246 
159;SAND.KIDY COMFORT;1599356;SANDÁLIA KIDY COMFORT MARROM;1.203 
159;SAND.KIDY COMFORT;1599356;SANDÁLIA KIDY COMFORT PRETO;528 
159;SAND.KIDY COMFORT;1599356;SANDÁLIA KIDY COMFORT PRETO/GRAFITE;399 
159;SAND.KIDY COMFORT;1599357;SANDÁLIA KIDY COMFORT CAFE/CARAMELO;174 
159;SAND.KIDY COMFORT;1599357;SANDÁLIA KIDY COMFORT MARROM;390 
159;SAND.KIDY COMFORT;1599357;SANDÁLIA KIDY COMFORT PRETO/GRAFITE;198 
159;SAND.KIDY COMFORT;1599357;SANDÁLIA KIDY COMFORT PRETO/MARINHO;906 
159;SAND.KIDY COMFORT;1599362;SANDÁLIA KIDY COMFORT MARROM/BEGE;1.638 
159;SAND.KIDY COMFORT;1599362;SANDÁLIA KIDY COMFORT NATURAL/CARAMELO;258 
159;SAND.KIDY COMFORT;1599362;SANDÁLIA KIDY COMFORT PRETO/GRAFITE;492 
159;SAND.KIDY COMFORT;1599362;SANDÁLIA KIDY COMFORT PRETO/MARINHO;1.134 
159;SAND.KIDY COMFORT;1599363;SANDÁLIA KIDY COMFORT CAFÉ;3.239 
159;SAND.KIDY COMFORT;1599363;SANDÁLIA KIDY COMFORT MARINHO;981 
159;SAND.KIDY COMFORT;1599363;SANDÁLIA KIDY COMFORT NATURAL;498 
159;SAND.KIDY COMFORT;1599363;SANDÁLIA KIDY COMFORT PRETO/GRAFITE;4.104 
159;SAND.KIDY COMFORT;1599364;SANDÁLIA KIDY COMFORT CASTANHO;6.477 
159;SAND.KIDY COMFORT;1599364;SANDÁLIA KIDY COMFORT CINZA/PRETO;99 
159;SAND.KIDY COMFORT;1599364;SANDÁLIA KIDY COMFORT MARINHO;2.121 
159;SAND.KIDY COMFORT;1599364;SANDÁLIA KIDY COMFORT NATURAL;162 
159;SAND.KIDY COMFORT;1599364;SANDÁLIA KIDY COMFORT PRETO;935 
159;SAND.KIDY COMFORT;1599365;SANDÁLIA KIDY COMFORT AZUL STONE/MARINHO;168 
159;SAND.KIDY COMFORT;1599365;SANDÁLIA KIDY COMFORT CAFÉ;1.696 
159;SAND.KIDY COMFORT;1599365;SANDÁLIA KIDY COMFORT MARINHO;2.229 
159;SAND.KIDY COMFORT;1599365;SANDÁLIA KIDY COMFORT NATURAL;316 
159;SAND.KIDY COMFORT;1599365;SANDÁLIA KIDY COMFORT PRETO;597 
159;SAND.KIDY COMFORT;1599366;SANDÁLIA KIDY COMFORT CAFE;561 
159;SAND.KIDY COMFORT;1599366;SANDÁLIA KIDY COMFORT CASTOR;1.484 
159;SAND.KIDY COMFORT;1599366;SANDÁLIA KIDY COMFORT MARINHO;195 
159;SAND.KIDY COMFORT;1599366;SANDÁLIA KIDY COMFORT NATURAL;207 
159;SAND.KIDY COMFORT;1599366;SANDÁLIA KIDY COMFORT PRETO;578 
159;SAND.KIDY COMFORT;1599367;SANDÁLIA KIDY COMFORT GRAFITE/PRETO;36 
159;SAND.KIDY COMFORT;1599367;SANDÁLIA KIDY COMFORT MARINHO;42 
159;SAND.KIDY COMFORT;1599367;SANDÁLIA KIDY COMFORT MARROM;33 
159;SAND.KIDY COMFORT;1599367;SANDÁLIA KIDY COMFORT NATURAL;210 
159;SAND.KIDY COMFORT;1599367;SANDÁLIA KIDY COMFORT PRETO;144 
159;SAND.KIDY COMFORT;1599368;SANDÁLIA KIDY CONFORT CARAMELO;1.683 
159;SAND.KIDY COMFORT;1599368;SANDÁLIA KIDY CONFORT CASTANHO;738 
159;SAND.KIDY COMFORT;1599368;SANDÁLIA KIDY CONFORT MARINHO;293 
159;SAND.KIDY COMFORT;1599368;SANDÁLIA KIDY CONFORT PRETO;1.212 
159;SAND.KIDY COMFORT;1599369;SANDÁLIA KIDY COMFORT CARAMELO;57 
159;SAND.KIDY COMFORT;1599369;SANDÁLIA KIDY COMFORT CASTANHO;96 
159;SAND.KIDY COMFORT;1599369;SANDÁLIA KIDY COMFORT MARINHO;135 
159;SAND.KIDY COMFORT;1599369;SANDÁLIA KIDY COMFORT PRETO;234 
159;SAND.KIDY COMFORT;1599370;SANDÁLIA KIDY COMFORT AZUL ROYAL/AMARELO NEON;45 
159;SAND.KIDY COMFORT;1599370;SANDÁLIA KIDY COMFORT MARINHO/VERDE;39 
159;SAND.KIDY COMFORT;1599370;SANDÁLIA KIDY COMFORT MARROM/VERDE MILITAR;42 
159;SAND.KIDY COMFORT;1599370;SANDÁLIA KIDY COMFORT PRETO/AZUL;84 
159;SAND.KIDY COMFORT;1599371;SANDÁLIA KIDY COMFORT MARINHO/GRAFITE;102 
159;SAND.KIDY COMFORT;1599371;SANDÁLIA KIDY COMFORT MARROM/TAUPE;192 
159;SAND.KIDY COMFORT;1599371;SANDÁLIA KIDY COMFORT PRETO/VERDE MILITAR;87 
159;SAND.KIDY COMFORT;1599371;SANDÁLIA KIDY COMFORT PRETO/VERMELHO/CINZA;615 
159;SAND.KIDY COMFORT;1599372;SANDÁLIA KIDY COMFORT CARAMELO;979 
159;SAND.KIDY COMFORT;1599372;SANDÁLIA KIDY COMFORT MARINHO;126 
159;SAND.KIDY COMFORT;1599372;SANDÁLIA KIDY COMFORT MARROM;597 
159;SAND.KIDY COMFORT;1599372;SANDÁLIA KIDY COMFORT NATURAL;141 
159;SAND.KIDY COMFORT;1599372;SANDÁLIA KIDY COMFORT PRETO;144 
159;SAND.KIDY COMFORT;1599373;SANDÁLIA KIDY COMFORT CAFE/CANELA;2.126 
159;SAND.KIDY COMFORT;1599373;SANDÁLIA KIDY COMFORT CARAMELO;414 
159;SAND.KIDY COMFORT;1599373;SANDÁLIA KIDY COMFORT MARINHO;189 
159;SAND.KIDY COMFORT;1599373;SANDÁLIA KIDY COMFORT MARINHO/CAFE;150 
159;SAND.KIDY COMFORT;1599373;SANDÁLIA KIDY COMFORT PRETO;447 
159;SAND.KIDY COMFORT;1599376;SANDÁLIA KIDY COMFORT CARAMELO/BEGE;666 
159;SAND.KIDY COMFORT;1599376;SANDÁLIA KIDY COMFORT MARINHO/GRAFITE;36 
159;SAND.KIDY COMFORT;1599376;SANDÁLIA KIDY COMFORT MARROM/CANELA;72 
159;SAND.KIDY COMFORT;1599376;SANDÁLIA KIDY COMFORT NATURAL/CARAMELO;90 
159;SAND.KIDY COMFORT;1599376;SANDÁLIA KIDY COMFORT PRETO;72 
159;SAND.KIDY COMFORT;1599376;SANDÁLIA KIDY COMFORT PRETO/CAFE;30 
159;SAND.KIDY COMFORT;1599377;SANDÁLIA KIDY COMFORT CASTANHO/TAUPE;489 
159;SAND.KIDY COMFORT;1599377;SANDÁLIA KIDY COMFORT MARROM/CANELA;57 
159;SAND.KIDY COMFORT;1599377;SANDÁLIA KIDY COMFORT PRETO/GRAFITE;45 
159;SAND.KIDY COMFORT;1599377;SANDÁLIA KIDY COMFORT TAUPE/CARAMELO;117 
159;SAND.KIDY COMFORT;1599378;SANDÁLIA KIDY COMFORT CAFE/MARINHO;135 
159;SAND.KIDY COMFORT;1599378;SANDÁLIA KIDY COMFORT CASTANHO/TAUPE;6 
159;SAND.KIDY COMFORT;1599378;SANDÁLIA KIDY COMFORT MARROM/CARAMELO;90 
159;SAND.KIDY COMFORT;1599378;SANDÁLIA KIDY COMFORT PRETO/GRAFITE;84 
159;SAND.KIDY COMFORT;1599378;SANDÁLIA KIDY COMFORT TAUPE/CARAMELO;6 
160;ANABELA KIDY FRESH;1600195;ANABELA KIDY FRESH NUDE;384 
160;ANABELA KIDY FRESH;1600195;ANABELA KIDY FRESH PINK;12 
160;ANABELA KIDY FRESH;1600195;ANABELA KIDY FRESH PÉROLA;12 
160;ANABELA KIDY FRESH;1600207;ANABELA KIDY FRESH OURO;12 
160;ANABELA KIDY FRESH;1600208;ANABELA KIDY FRESH NUDE;12 
160;ANABELA KIDY FRESH;1600210;ANABELA KIDY FRESH NUDE;120 
163;SANDALIA KIDY FLEX LIGHT;1630091;SANDALIA KIDY LIGHT GRAFITE/AZUL STONE;12 
163;SANDALIA KIDY FLEX LIGHT;1630093;SANDALIA KIDY LIGHT MARINHO/VERDE NEON;12 
163;SANDALIA KIDY FLEX LIGHT;1630095;SANDALIA KIDY LIGHT MARINHO/AZUL ROYAL;12 
163;SANDALIA KIDY FLEX LIGHT;1630096;SANDALIA KIDY LIGHT PRETO/LARANJA NEON;12 
163;SANDALIA KIDY FLEX LIGHT;1630104;SANDALIA KIDY LIGHT MARINHO/CINZA/LARANJA;874 
163;SANDALIA KIDY FLEX LIGHT;1630105;SANDALIA KIDY LIGHT MARINHO/CINZA/AMARELO;12 
163;SANDALIA KIDY FLEX LIGHT;1630106;SANDALIA KIDY LIGHT AZUL/LARANJA;12 
163;SANDALIA KIDY FLEX LIGHT;1630106;SANDALIA KIDY LIGHT MARINHO/CINZA/VERMELHO;888 
163;SANDALIA KIDY FLEX LIGHT;1630106;SANDALIA KIDY LIGHT PRETO/CINZA/AMARELO;679 
163;SANDALIA KIDY FLEX LIGHT;1630108;SANDALIA KIDY LIGHT MARINHO/AZUL/LARANJA;102 
163;SANDALIA KIDY FLEX LIGHT;1630108;SANDALIA KIDY LIGHT PRETO/AMARELO;105 
163;SANDALIA KIDY FLEX LIGHT;1630110;SANDALIA KIDY LIGHT AZUL ROYAL/LARANJA;12 
163;SANDALIA KIDY FLEX LIGHT;1630111;SANDALIA KIDY FLEX LIGHT AZUL ROYAL/VERMELHO;12 
163;SANDALIA KIDY FLEX LIGHT;1630111;SANDALIA KIDY FLEX LIGHT MARINHO/LARANJA NEON;1.467 
163;SANDALIA KIDY FLEX LIGHT;1630111;SANDALIA KIDY FLEX LIGHT PRETO/AMARELO NEON;252 
163;SANDALIA KIDY FLEX LIGHT;1630112;SANDALIA KIDY FLEX LIGHT MARINHO/LARANJA NEON;593 
163;SANDALIA KIDY FLEX LIGHT;1630112;SANDALIA KIDY FLEX LIGHT PRETO/AMARELO;1.100 
163;SANDALIA KIDY FLEX LIGHT;1630112;SANDALIA KIDY FLEX LIGHT PRETO/AZUL ROYAL;132 
163;SANDALIA KIDY FLEX LIGHT;1630113;SANDALIA KIDY FLEX LIGHT AZUL ROYAL/LARANJA;474 
163;SANDALIA KIDY FLEX LIGHT;1630113;SANDALIA KIDY FLEX LIGHT MARINHO/AZUL ROYAL;834 
163;SANDALIA KIDY FLEX LIGHT;1630113;SANDALIA KIDY FLEX LIGHT MARINHO/VERDE NEON;1.830 
163;SANDALIA KIDY FLEX LIGHT;1630113;SANDALIA KIDY FLEX LIGHT PRETO/VERMELHO;2.994 
163;SANDALIA KIDY FLEX LIGHT;1630114;SANDALIA KIDY FLEX LIGHT MARINHO;1.032 
163;SANDALIA KIDY FLEX LIGHT;1630114;SANDALIA KIDY FLEX LIGHT MARINHO/AMARELO;1.647 
163;SANDALIA KIDY FLEX LIGHT;1630114;SANDALIA KIDY FLEX LIGHT PRETO;858 
163;SANDALIA KIDY FLEX LIGHT;1630114;SANDALIA KIDY FLEX LIGHT PRETO/GRAFITE/LARANJA NEON;252 
163;SANDALIA KIDY FLEX LIGHT;1630115;SANDALIA KIDY FLEX LIGHT GRAFITE/MARINHO;45 
163;SANDALIA KIDY FLEX LIGHT;1630115;SANDALIA KIDY FLEX LIGHT MARINHO;9.921 
163;SANDALIA KIDY FLEX LIGHT;1630115;SANDALIA KIDY FLEX LIGHT MARINHO/AMARELO NEON;24 
163;SANDALIA KIDY FLEX LIGHT;1630115;SANDALIA KIDY FLEX LIGHT MARINHO/LARANJA;2.363 
163;SANDALIA KIDY FLEX LIGHT;1630115;SANDALIA KIDY FLEX LIGHT PRETO;3.636 
163;SANDALIA KIDY FLEX LIGHT;1630115;SANDALIA KIDY FLEX LIGHT PRETO/AMARELO NEON;2.664 
163;SANDALIA KIDY FLEX LIGHT;1630115;SANDALIA KIDY FLEX LIGHT PRETO/AZUL;93 
163;SANDALIA KIDY FLEX LIGHT;1630115;SANDALIA KIDY FLEX LIGHT PRETO/VERDE;171 
163;SANDALIA KIDY FLEX LIGHT;1630116;SANDALIA KIDY FLEX LIGHT AZUL/LARANJA;183 
163;SANDALIA KIDY FLEX LIGHT;1630116;SANDALIA KIDY FLEX LIGHT MARINHO/AZUL ROYAL;114 
163;SANDALIA KIDY FLEX LIGHT;1630116;SANDALIA KIDY FLEX LIGHT MARINHO/VERMELHO/PRATA;123 
163;SANDALIA KIDY FLEX LIGHT;1630116;SANDALIA KIDY FLEX LIGHT PRETO/LARANJA/AMARELO;357 
163;SANDALIA KIDY FLEX LIGHT;1630117;SANDALIA KIDY FLEX LIGHT MARINHO/AMARELO NEON;120 
163;SANDALIA KIDY FLEX LIGHT;1630117;SANDALIA KIDY FLEX LIGHT MARINHO/GRAFITE/LRNJ.NEON;660 
163;SANDALIA KIDY FLEX LIGHT;1630117;SANDALIA KIDY FLEX LIGHT PRETO/CARAMELO;153 
163;SANDALIA KIDY FLEX LIGHT;1630117;SANDALIA KIDY FLEX LIGHT PRETO/LARANJA NEON;177 
163;SANDALIA KIDY FLEX LIGHT;1631085;SANDALIA KIDY LIGHT PINK/ROSA;12 
163;SANDALIA KIDY FLEX LIGHT;1631089;SANDALIA KIDY LIGHT PÉROLA;12 
163;SANDALIA KIDY FLEX LIGHT;1631100;SANDALIA KIDY LIGHT MARINHO/NUDE;12 
163;SANDALIA KIDY FLEX LIGHT;1631103;SANDALIA KIDY LIGHT COLORIDO;912 
163;SANDALIA KIDY FLEX LIGHT;1631103;SANDALIA KIDY LIGHT LAVANDA;288 
163;SANDALIA KIDY FLEX LIGHT;1631103;SANDALIA KIDY LIGHT PINK;12 
163;SANDALIA KIDY FLEX LIGHT;1631104;SANDALIA KIDY LIGHT NUDE;83 
163;SANDALIA KIDY FLEX LIGHT;1631104;SANDALIA KIDY LIGHT PINK;228 
163;SANDALIA KIDY FLEX LIGHT;1631106;SANDALIA KIDY LIGHT AMARELO;12 
163;SANDALIA KIDY FLEX LIGHT;1631106;SANDALIA KIDY LIGHT BRANCO;479 
163;SANDALIA KIDY FLEX LIGHT;1631106;SANDALIA KIDY LIGHT PINK/AZUL CLARO/AMARELO;33 
163;SANDALIA KIDY FLEX LIGHT;1631106;SANDALIA KIDY LIGHT ROSA;432 
163;SANDALIA KIDY FLEX LIGHT;1631110;SANDALIA KIDY LIGHT BRANCO/ROSA;12 
163;SANDALIA KIDY FLEX LIGHT;1631110;SANDALIA KIDY LIGHT PRETO/PINK NEON;12 
163;SANDALIA KIDY FLEX LIGHT;1631112;SANDALIA KIDY LIGHT PINK/NUDE;12 
163;SANDALIA KIDY FLEX LIGHT;1631113;SANDALIA KIDY FLEX LIGHT AZUL BB;42 
163;SANDALIA KIDY FLEX LIGHT;1631113;SANDALIA KIDY FLEX LIGHT BRANCO/ROSA;356 
163;SANDALIA KIDY FLEX LIGHT;1631113;SANDALIA KIDY FLEX LIGHT ROSA;618 
163;SANDALIA KIDY FLEX LIGHT;1631114;SANDALIA KIDY FLEX LIGHT AZUL BEBE;84 
163;SANDALIA KIDY FLEX LIGHT;1631114;SANDALIA KIDY FLEX LIGHT BRANCO;194 
163;SANDALIA KIDY FLEX LIGHT;1631114;SANDALIA KIDY FLEX LIGHT NUDE;537 
163;SANDALIA KIDY FLEX LIGHT;1631114;SANDALIA KIDY FLEX LIGHT PRATA;356 
163;SANDALIA KIDY FLEX LIGHT;1631115;SANDALIA KIDY FLEX LIGHT NUDE;1.092 
163;SANDALIA KIDY FLEX LIGHT;1631115;SANDALIA KIDY FLEX LIGHT PINK;11.768 
163;SANDALIA KIDY FLEX LIGHT;1631115;SANDALIA KIDY FLEX LIGHT PRATA/COLORIDO;2.361 
163;SANDALIA KIDY FLEX LIGHT;1631115;SANDALIA KIDY FLEX LIGHT PRETO/PINK;123 
163;SANDALIA KIDY FLEX LIGHT;1631116;SANDALIA KIDY FLEX LIGHT BRANCO;213 
163;SANDALIA KIDY FLEX LIGHT;1631116;SANDALIA KIDY FLEX LIGHT LILAS;210 
163;SANDALIA KIDY FLEX LIGHT;1631116;SANDALIA KIDY FLEX LIGHT NUDE;636 
163;SANDALIA KIDY FLEX LIGHT;1631116;SANDALIA KIDY FLEX LIGHT ROSA;183 
163;SANDALIA KIDY FLEX LIGHT;1631117;SANDALIA KIDY FLEX LIGHT LILAS;528 
163;SANDALIA KIDY FLEX LIGHT;1631117;SANDALIA KIDY FLEX LIGHT NUDE;3.528 
163;SANDALIA KIDY FLEX LIGHT;1631117;SANDALIA KIDY FLEX LIGHT PESSEGO;141 
163;SANDALIA KIDY FLEX LIGHT;1631117;SANDALIA KIDY FLEX LIGHT PINK;1.499 
163;SANDALIA KIDY FLEX LIGHT;1631117;SANDALIA KIDY FLEX LIGHT ROSA;12 
163;SANDALIA KIDY FLEX LIGHT;1631118;SANDALIA KIDY FLEX LIGHT BRANCO/NUDE;99 
163;SANDALIA KIDY FLEX LIGHT;1631118;SANDALIA KIDY FLEX LIGHT LILAS;93 
163;SANDALIA KIDY FLEX LIGHT;1631118;SANDALIA KIDY FLEX LIGHT NUDE;96 
163;SANDALIA KIDY FLEX LIGHT;1631118;SANDALIA KIDY FLEX LIGHT PINK;96 
163;SANDALIA KIDY FLEX LIGHT;1631119;SANDALIA KIDY FLEX LIGHT ANIS;24 
163;SANDALIA KIDY FLEX LIGHT;1631119;SANDALIA KIDY FLEX LIGHT MARFIM;708 
163;SANDALIA KIDY FLEX LIGHT;1631119;SANDALIA KIDY FLEX LIGHT OURO;36 
163;SANDALIA KIDY FLEX LIGHT;1631119;SANDALIA KIDY FLEX LIGHT PINK;36 
163;SANDALIA KIDY FLEX LIGHT;1631119;SANDALIA KIDY FLEX LIGHT ROSA;189 
163;SANDALIA KIDY FLEX LIGHT;1631120;SANDALIA KIDY FLEX LIGHT BRANCO;249 
163;SANDALIA KIDY FLEX LIGHT;1631120;SANDALIA KIDY FLEX LIGHT OURO;303 
163;SANDALIA KIDY FLEX LIGHT;1631120;SANDALIA KIDY FLEX LIGHT ROSA;1.032 
163;SANDALIA KIDY FLEX LIGHT;1638115;SANDALIA KIDY FLEX LIGHT MARINHO;153 
163;SANDALIA KIDY FLEX LIGHT;1639117;SANDALIA KIDY FLEX LIGHT NUDE;153 
164;TENIS KIDY FLEX;1640308;TÊNIS KIDY FLEX MARINHO/LARANJA NEON;240 
164;TENIS KIDY FLEX;1640308;TÊNIS KIDY FLEX PRETO/AMARELO;12 
164;TENIS KIDY FLEX;1640310;TÊNIS KIDY FLEX MARINHO/BRANCO/VERMELHO;36 
164;TENIS KIDY FLEX;1640311;TÊNIS KIDY FLEX AZUL ROYAL/VERMELHO;12 
164;TENIS KIDY FLEX;1640312;TÊNIS KIDY FLEX GRAFITE/LARANJA NEON;12 
164;TENIS KIDY FLEX;1640313;TÊNIS KIDY FLEX PRETO/VERMELHO;12 
164;TENIS KIDY FLEX;1640314;TÊNIS KIDY FLEX MARINHO/VERMELHO;12 
164;TENIS KIDY FLEX;1640314;TÊNIS KIDY FLEX PRETO/LARANJA;12 
164;TENIS KIDY FLEX;1640315;TÊNIS KIDY FLEX PRETO/LARANJA NEW;12 
164;TENIS KIDY FLEX;1640316;TÊNIS KIDY FLEX PRETO/VERMELHO;72 
164;TENIS KIDY FLEX;1640317;TÊNIS KIDY FLEX GRAFITE/LARANJA;12 
164;TENIS KIDY FLEX;1640318;TÊNIS KIDY FLEX MARINHO/VERMELHO;60 
164;TENIS KIDY FLEX;1640318;TÊNIS KIDY FLEX PRETO/GRAFITE/LARANJA NEON;516 
164;TENIS KIDY FLEX;1640319;TÊNIS KIDY FLEX PRETO/AMARELO;24 
164;TENIS KIDY FLEX;1640320;TÊNIS KIDY FLEX PRETO/VERDE;72 
164;TENIS KIDY FLEX;1640321;TÊNIS KIDY FLEX MARINHO/VERMELHO;312 
164;TENIS KIDY FLEX;1640321;TÊNIS KIDY FLEX PRETO;336 
164;TENIS KIDY FLEX;1640321;TÊNIS KIDY FLEX PRETO/LARANJA NEON;552 
164;TENIS KIDY FLEX;1641308;TÊNIS KIDY FLEX PRETO/PINK NEON;108 
164;TENIS KIDY FLEX;1641310;TÊNIS KIDY FLEX BRANCO/LAVANDA;108 
164;TENIS KIDY FLEX;1641310;TÊNIS KIDY FLEX NUDE/AZUL;216 
164;TENIS KIDY FLEX;1641310;TÊNIS KIDY FLEX PRETO/NUDE;240 
164;TENIS KIDY FLEX;1641314;TÊNIS KIDY FLEX PINK/ROSA;24 
164;TENIS KIDY FLEX;1641320;TÊNIS KIDY FLEX MARINE/ROSA;12 
164;TENIS KIDY FLEX;1641320;TÊNIS KIDY FLEX ROSA/AZUL;12 
164;TENIS KIDY FLEX;1641321;TÊNIS KIDY FLEX MARINHO/PINK;300 
164;TENIS KIDY FLEX;1641321;TÊNIS KIDY FLEX PRETO/PINK;108 
164;TENIS KIDY FLEX;1641321;TÊNIS KIDY FLEX ROSA/PINK;120 
166;TÊNIS K360 RESPITEC ULTRA;1660227;TENIS K360 RESPITEC ULTRA PRETO/LARANJA NEON;12 
168;TENIS KIDY MAIS;1680222;TÊNIS KIDY MAIS GRAFITE/AMARELO NEON;12 
168;TENIS KIDY MAIS;1680224;TÊNIS KIDY MAIS MARINHO/CINZA/AMARELO;11 
168;TENIS KIDY MAIS;1680225;TÊNIS KIDY MAIS PRETO/AZUL ROYAL;12 
168;TENIS KIDY MAIS;1680228;TENIS KIDY MAIS MARINHO/LARANJA NEON;1.005 
168;TENIS KIDY MAIS;1680228;TENIS KIDY MAIS PRETO;1.137 
168;TENIS KIDY MAIS;1680228;TENIS KIDY MAIS PRETO/BRANCO;363 
168;TENIS KIDY MAIS;1680228;TENIS KIDY MAIS PRETO/VERDE NEON;183 
168;TENIS KIDY MAIS;1680228;TÊNIS KIDY MAIS MARINHO;468 
168;TENIS KIDY MAIS;1680228;TÊNIS KIDY MAIS MARINHO/AMARELO NEON;1.932 
168;TENIS KIDY MAIS;1680228;TÊNIS KIDY MAIS MARINHO/GELO/VERMELHO;144 
168;TENIS KIDY MAIS;1680228;TÊNIS KIDY MAIS PRETO/AZ ROYAL/LARANJA;276 
168;TENIS KIDY MAIS;1680228;TÊNIS KIDY MAIS PRETO/CREPE;660 
168;TENIS KIDY MAIS;1680228;TÊNIS KIDY MAIS PRETO/VERMELHO;2.241 
168;TENIS KIDY MAIS;1680230;TÊNIS KIDY MAIS PRETO/AMARELO NEON;15 
168;TENIS KIDY MAIS;1680231;TÊNIS KIDY MAIS(DINO) PRETO/LARANJA/AMARELO;357 
168;TENIS KIDY MAIS;1680231;TÊNIS KIDY MAIS(DINO) PRETO/VERDE/CASTANHO;72 
168;TENIS KIDY MAIS;1680235;TÊNIS KIDY MAIS MARINHO/LARANJA;12 
168;TENIS KIDY MAIS;1680235;TÊNIS KIDY MAIS PRETO/AMARELO;12 
168;TENIS KIDY MAIS;1680237;TÊNIS KIDY MAIS MARINHO/AMARELO NEON;9 
168;TENIS KIDY MAIS;1681200;TÊNIS KIDY MAIS MARINHO/PINK;12 
168;TENIS KIDY MAIS;1681218;TÊNIS KIDY MAIS MARINE/ROSA;144 
168;TENIS KIDY MAIS;1681218;TÊNIS KIDY MAIS ROSA/AZUL;33 
168;TENIS KIDY MAIS;1681228;TENIS KIDY MAIS MARINHO/PINK;1.917 
168;TENIS KIDY MAIS;1681228;TENIS KIDY MAIS PRETO/PINK NEON;3.488 
168;TENIS KIDY MAIS;1681228;TENIS KIDY MAIS PRETO/PINK/AMARELO;228 
168;TENIS KIDY MAIS;1681228;TENIS KIDY MAIS ROSA/PINK NEON;228 
168;TENIS KIDY MAIS;1681228;TÊNIS KIDY MAIS AMARELO/PINK;96 
168;TENIS KIDY MAIS;1681228;TÊNIS KIDY MAIS NUDE/AZUL;825 
168;TENIS KIDY MAIS;1681228;TÊNIS KIDY MAIS PINK NEON/PRETO;108 
168;TENIS KIDY MAIS;1681228;TÊNIS KIDY MAIS PRETO/GLOSS;204 
168;TENIS KIDY MAIS;1681230;TÊNIS KIDY MAIS BRANCO/PINK NEON;15 
168;TENIS KIDY MAIS;1681237;TÊNIS KIDY MAIS MARINHO/PINK NEON;9 
169;BOTA KIDY COMFORT;1690010;BOTA KIDY COMFORT AVELÃ;12 
169;BOTA KIDY COMFORT;1690011;BOTA KIDY COMFORT PRETO;12 
169;BOTA KIDY COMFORT;1690012;BOTA KIDY COMFORT CARAMELO;12 
169;BOTA KIDY COMFORT;1690014;BOTA KIDY COMFORT PÉROLA;12 
172;SANDÁLIA KIDY WAVE LIGHT;1720018;SANDÁLIA KIDY WAVE LIGHT GRAFITE/CINZA/VERMELHO;10 
172;SANDÁLIA KIDY WAVE LIGHT;1720019;SANDÁLIA KIDY WAVE LIGHT GRAFITE/CINZA/AZUL STONE;12 
172;SANDÁLIA KIDY WAVE LIGHT;1720020;SANDÁLIA KIDY WAVE LIGHT CINZA/MARINHO/VERMELHO;24 
172;SANDÁLIA KIDY WAVE LIGHT;1720020;SANDÁLIA KIDY WAVE LIGHT MARINHO/AZUL ROYAL;1.230 
172;SANDÁLIA KIDY WAVE LIGHT;1720020;SANDÁLIA KIDY WAVE LIGHT PRETO/AMARELO;227 
172;SANDÁLIA KIDY WAVE LIGHT;1720021;SANDÁLIA KIDY WAVE LIGHT MARINHO/AZUL ROYAL;119 
172;SANDÁLIA KIDY WAVE LIGHT;1720021;SANDÁLIA KIDY WAVE LIGHT PRETO/LARANJA;96 
172;SANDÁLIA KIDY WAVE LIGHT;1720022;SANDÁLIA KIDY WAVE LIGHT MARINHO/VERMELHO;36 
172;SANDÁLIA KIDY WAVE LIGHT;1720025;SANDÁLIA KIDY WAVE LIGHT GRAFITE/AMARELO NEON;12 
172;SANDÁLIA KIDY WAVE LIGHT;1720027;SANDÁLIA KIDY WAVE LIGHT MARINHO/AZUL ROYAL/VERMELHO;12 
172;SANDÁLIA KIDY WAVE LIGHT;1720028;SANDÁLIA KIDY WAVE LIGHT AZ.ROYAL/MARINHO/LARANJA;33 
172;SANDÁLIA KIDY WAVE LIGHT;1720028;SANDÁLIA KIDY WAVE LIGHT MARINHO;998 
172;SANDÁLIA KIDY WAVE LIGHT;1720028;SANDÁLIA KIDY WAVE LIGHT PRETO/AMARELO NEON;348 
172;SANDÁLIA KIDY WAVE LIGHT;1720029;SANDÁLIA KIDY WAVE LIGHT AZUL ROYAL/LARANJA;18 
172;SANDÁLIA KIDY WAVE LIGHT;1720029;SANDÁLIA KIDY WAVE LIGHT MARINHO/VERDE;78 
172;SANDÁLIA KIDY WAVE LIGHT;1720029;SANDÁLIA KIDY WAVE LIGHT PRETO/AMARELO NEON;48 
172;SANDÁLIA KIDY WAVE LIGHT;1720030;SANDÁLIA KIDY WAVE LIGHT MARINHO/VERMELHO;444 
172;SANDÁLIA KIDY WAVE LIGHT;1720030;SANDÁLIA KIDY WAVE LIGHT PRETO/VERMELHO;180 
172;SANDÁLIA KIDY WAVE LIGHT;1720031;SANDÁLIA KIDY WAVE LIGHT MARINHO/LARANJA;51 
172;SANDÁLIA KIDY WAVE LIGHT;1720031;SANDÁLIA KIDY WAVE LIGHT PRETO/LARANJA;359 
172;SANDÁLIA KIDY WAVE LIGHT;1720032;SANDÁLIA KIDY WAVE LIGHT MARINHO;24 
172;SANDÁLIA KIDY WAVE LIGHT;1720032;SANDÁLIA KIDY WAVE LIGHT PRETO;12 
172;SANDÁLIA KIDY WAVE LIGHT;1720033;SANDÁLIA KIDY WAVE LIGHT MARINHO;3.019 
172;SANDÁLIA KIDY WAVE LIGHT;1720033;SANDÁLIA KIDY WAVE LIGHT MARINHO/AMARELO NEON;384 
172;SANDÁLIA KIDY WAVE LIGHT;1720033;SANDÁLIA KIDY WAVE LIGHT MARINHO/VERMELHO;18 
172;SANDÁLIA KIDY WAVE LIGHT;1720033;SANDÁLIA KIDY WAVE LIGHT PRETO;2.283 
172;SANDÁLIA KIDY WAVE LIGHT;1720033;SANDÁLIA KIDY WAVE LIGHT PRETO/LARANJA;1.086 
172;SANDÁLIA KIDY WAVE LIGHT;1720034;SANDÁLIA KIDY WAVE LIGHT MARINHO;1.921 
172;SANDÁLIA KIDY WAVE LIGHT;1720034;SANDÁLIA KIDY WAVE LIGHT MARINHO/LARANJA;66 
172;SANDÁLIA KIDY WAVE LIGHT;1720034;SANDÁLIA KIDY WAVE LIGHT PRETO;1.335 
172;SANDÁLIA KIDY WAVE LIGHT;1720034;SANDÁLIA KIDY WAVE LIGHT PRETO/VERMELHO;884 
172;SANDÁLIA KIDY WAVE LIGHT;1720035;SANDÁLIA KIDY WAVE LIGHT AZUL/VERMELHO;48 
172;SANDÁLIA KIDY WAVE LIGHT;1720035;SANDÁLIA KIDY WAVE LIGHT MARINHO/VERMELHO;612 
172;SANDÁLIA KIDY WAVE LIGHT;1720035;SANDÁLIA KIDY WAVE LIGHT PRETO/PRATA;156 
172;SANDÁLIA KIDY WAVE LIGHT;1720036;SANDÁLIA KIDY WAVE LIGHT GRAFITE/PRETO;87 
172;SANDÁLIA KIDY WAVE LIGHT;1720036;SANDÁLIA KIDY WAVE LIGHT MARINHO/VERMELHO;276 
172;SANDÁLIA KIDY WAVE LIGHT;1720036;SANDÁLIA KIDY WAVE LIGHT PRETO/CAQUI;120 
172;SANDÁLIA KIDY WAVE LIGHT;1720036;SANDÁLIA KIDY WAVE LIGHT PRETO/GRAFITE/LARANJA;156 
172;SANDÁLIA KIDY WAVE LIGHT;1720037;SANDÁLIA KIDY WAVE LIGHT AZUL/LARANJA;24 
172;SANDÁLIA KIDY WAVE LIGHT;1720037;SANDÁLIA KIDY WAVE LIGHT MARINHO/LARANJA;42 
172;SANDÁLIA KIDY WAVE LIGHT;1720037;SANDÁLIA KIDY WAVE LIGHT PRETO/AMARELO NEON;36 
172;SANDÁLIA KIDY WAVE LIGHT;1720037;SANDÁLIA KIDY WAVE LIGHT PRETO/VERMELHO;105 
172;SANDÁLIA KIDY WAVE LIGHT;1721018;SANDÁLIA KIDY WAVE LIGHT COLORIDO;144 
172;SANDÁLIA KIDY WAVE LIGHT;1721019;SANDÁLIA KIDY WAVE LIGHT BRANCO;24 
172;SANDÁLIA KIDY WAVE LIGHT;1721019;SANDÁLIA KIDY WAVE LIGHT PRETO;323 
172;SANDÁLIA KIDY WAVE LIGHT;1721021;SANDÁLIA KIDY WAVE LIGHT NUDE;12 
172;SANDÁLIA KIDY WAVE LIGHT;1721026;SANDÁLIA KIDY WAVE LIGHT NUDE/AZUL/PINK;12 
172;SANDÁLIA KIDY WAVE LIGHT;1721029;SANDÁLIA KIDY WAVE LIGHT AZUL BEBE;9 
172;SANDÁLIA KIDY WAVE LIGHT;1721029;SANDÁLIA KIDY WAVE LIGHT BRANCO/PINK;60 
172;SANDÁLIA KIDY WAVE LIGHT;1721029;SANDÁLIA KIDY WAVE LIGHT BRANCO/ROSA;325 
172;SANDÁLIA KIDY WAVE LIGHT;1721030;SANDÁLIA KIDY WAVE LIGHT OURO;24 
172;SANDÁLIA KIDY WAVE LIGHT;1721030;SANDÁLIA KIDY WAVE LIGHT PRATA;6 
172;SANDÁLIA KIDY WAVE LIGHT;1721030;SANDÁLIA KIDY WAVE LIGHT ROSA;303 
172;SANDÁLIA KIDY WAVE LIGHT;1721031;SANDÁLIA KIDY WAVE LIGHT BRANCO/ROSA;84 
172;SANDÁLIA KIDY WAVE LIGHT;1721031;SANDÁLIA KIDY WAVE LIGHT NUDE;177 
172;SANDÁLIA KIDY WAVE LIGHT;1721031;SANDÁLIA KIDY WAVE LIGHT PINK;107 
172;SANDÁLIA KIDY WAVE LIGHT;1721032;SANDÁLIA KIDY WAVE LIGHT AZUL BB;24 
172;SANDÁLIA KIDY WAVE LIGHT;1721032;SANDÁLIA KIDY WAVE LIGHT BRANCO/ROSA;256 
172;SANDÁLIA KIDY WAVE LIGHT;1721032;SANDÁLIA KIDY WAVE LIGHT NUDE;27 
172;SANDÁLIA KIDY WAVE LIGHT;1721032;SANDÁLIA KIDY WAVE LIGHT PINK;81 
172;SANDÁLIA KIDY WAVE LIGHT;1721033;SANDÁLIA KIDY WAVE LIGHT AZUL BB;74 
172;SANDÁLIA KIDY WAVE LIGHT;1721033;SANDÁLIA KIDY WAVE LIGHT BRANCO/ROSA;141 
172;SANDÁLIA KIDY WAVE LIGHT;1721033;SANDÁLIA KIDY WAVE LIGHT NUDE;128 
172;SANDÁLIA KIDY WAVE LIGHT;1721033;SANDÁLIA KIDY WAVE LIGHT PINK;24 
172;SANDÁLIA KIDY WAVE LIGHT;1721034;SANDÁLIA KIDY WAVE LIGHT BRANCO;1.496 
172;SANDÁLIA KIDY WAVE LIGHT;1721034;SANDÁLIA KIDY WAVE LIGHT NUDE;4.585 
172;SANDÁLIA KIDY WAVE LIGHT;1721034;SANDÁLIA KIDY WAVE LIGHT PINK;402 
172;SANDÁLIA KIDY WAVE LIGHT;1721035;SANDÁLIA KIDY WAVE LIGHT NUDE;711 
172;SANDÁLIA KIDY WAVE LIGHT;1721035;SANDÁLIA KIDY WAVE LIGHT PINK;339 
172;SANDÁLIA KIDY WAVE LIGHT;1721035;SANDÁLIA KIDY WAVE LIGHT PRATA/COLORIDO;4.157 
172;SANDÁLIA KIDY WAVE LIGHT;1721035;SANDÁLIA KIDY WAVE LIGHT PRETO;204 
172;SANDÁLIA KIDY WAVE LIGHT;1721036;SANDÁLIA KIDY WAVE LIGHT LILAS;9 
172;SANDÁLIA KIDY WAVE LIGHT;1721036;SANDÁLIA KIDY WAVE LIGHT NUDE;51 
172;SANDÁLIA KIDY WAVE LIGHT;1721036;SANDÁLIA KIDY WAVE LIGHT PRATA;72 
172;SANDÁLIA KIDY WAVE LIGHT;1721037;SANDÁLIA KIDY WAVE LIGHT BRANCO;69 
172;SANDÁLIA KIDY WAVE LIGHT;1721037;SANDÁLIA KIDY WAVE LIGHT LILAS;51 
172;SANDÁLIA KIDY WAVE LIGHT;1721037;SANDÁLIA KIDY WAVE LIGHT NUDE;564 
172;SANDÁLIA KIDY WAVE LIGHT;1721037;SANDÁLIA KIDY WAVE LIGHT OURO;162 
172;SANDÁLIA KIDY WAVE LIGHT;1721037;SANDÁLIA KIDY WAVE LIGHT PINK;177 
172;SANDÁLIA KIDY WAVE LIGHT;1728034;SANDÁLIA KIDY WAVE LIGHT MARINHO;135 
172;SANDÁLIA KIDY WAVE LIGHT;1729034;SANDÁLIA KIDY WAVE LIGHT NUDE;135 
184;TÊNIS KIDY HYPE;1840005;TÊNIS KIDY HYPE NUDE;12 
184;TÊNIS KIDY HYPE;1840017;TÊNIS KIDY HYPE PISCINA/BRANCO/CORAL;132 
184;TÊNIS KIDY HYPE;1840019;TÊNIS KIDY HYPE PRETO;96 
184;TÊNIS KIDY HYPE;1840023;TÊNIS KIDY HYPE BRANCO;96 
184;TÊNIS KIDY HYPE;1840042;TÊNIS KIDY HYPE BRANCO;144 
184;TÊNIS KIDY HYPE;1840080;TÊNIS KIDY HYPE BRANCO;99 
184;TÊNIS KIDY HYPE;1840080;TÊNIS KIDY HYPE NUDE;87 
184;TÊNIS KIDY HYPE;1840080;TÊNIS KIDY HYPE PEROLA;51 
184;TÊNIS KIDY HYPE;1840080;TÊNIS KIDY HYPE PRETO;162 
184;TÊNIS KIDY HYPE;1840080;TÊNIS KIDY HYPE PRETO/PRETO;24 
184;TÊNIS KIDY HYPE;1840081;TENIS KIDY HYPE AZUL/AMARELO NEON;18 
184;TÊNIS KIDY HYPE;1840081;TÊNIS KIDY HYPE BRANCO;144 
184;TÊNIS KIDY HYPE;1840081;TÊNIS KIDY HYPE MARINHO;2.691 
184;TÊNIS KIDY HYPE;1840081;TÊNIS KIDY HYPE PRETO;1.557 
184;TÊNIS KIDY HYPE;1840082;TÊNIS KIDY HYPE MARINHO;56 
184;TÊNIS KIDY HYPE;1840082;TÊNIS KIDY HYPE PRETO;663 
184;TÊNIS KIDY HYPE;1840082;TÊNIS KIDY HYPE PRETO/AZUL;609 
184;TÊNIS KIDY HYPE;1840082;TÊNIS KIDY HYPE PRETO/VERDE;89 
184;TÊNIS KIDY HYPE;1840083;TENIS KIDY HYPE OURO;6 
184;TÊNIS KIDY HYPE;1840083;TENIS KIDY HYPE PINK;9 
184;TÊNIS KIDY HYPE;1840083;TÊNIS KIDY HYPE BRANCO;48 
184;TÊNIS KIDY HYPE;1840083;TÊNIS KIDY HYPE PEROLA;39 
184;TÊNIS KIDY HYPE;1840083;TÊNIS KIDY HYPE PRETO;114 
184;TÊNIS KIDY HYPE;1840084;TÊNIS KIDY HYPE BRANCO;12 
184;TÊNIS KIDY HYPE;1840084;TÊNIS KIDY HYPE OURO;15 
184;TÊNIS KIDY HYPE;1840084;TÊNIS KIDY HYPE PEROLA;24 
184;TÊNIS KIDY HYPE;1840084;TÊNIS KIDY HYPE PRETO;24 
184;TÊNIS KIDY HYPE;1840085;TÊNIS KIDY HYPE NUDE;39 
184;TÊNIS KIDY HYPE;1840085;TÊNIS KIDY HYPE PEROLA;72 
184;TÊNIS KIDY HYPE;1840085;TÊNIS KIDY HYPE PRETO;594 
184;TÊNIS KIDY HYPE;1840086;TÊNIS KIDY HYPE BRANCO;2.487 
184;TÊNIS KIDY HYPE;1840086;TÊNIS KIDY HYPE NUDE;234 
184;TÊNIS KIDY HYPE;1840086;TÊNIS KIDY HYPE OURO;502 
184;TÊNIS KIDY HYPE;1840086;TÊNIS KIDY HYPE PRATA;12 
184;TÊNIS KIDY HYPE;1840086;TÊNIS KIDY HYPE PRETO;1.482 
184;TÊNIS KIDY HYPE;1840087;TÊNIS KIDY HYPE BRANCO;840 
184;TÊNIS KIDY HYPE;1840087;TÊNIS KIDY HYPE BRANCO/PRATA;1.651 
184;TÊNIS KIDY HYPE;1840087;TÊNIS KIDY HYPE NUDE;33 
184;TÊNIS KIDY HYPE;1840087;TÊNIS KIDY HYPE PRETO;208 
184;TÊNIS KIDY HYPE;1840087;TÊNIS KIDY HYPE ROSA;21 
184;TÊNIS KIDY HYPE;1840088;TÊNIS KIDY HYPE NUDE;57 
184;TÊNIS KIDY HYPE;1840088;TÊNIS KIDY HYPE PRATA;162 
184;TÊNIS KIDY HYPE;1840088;TÊNIS KIDY HYPE PRETO;327 
184;TÊNIS KIDY HYPE;1840088;TÊNIS KIDY HYPE ROSA;18 
184;TÊNIS KIDY HYPE;1840089;TÊNIS KIDY HYPE NUDE;12 
184;TÊNIS KIDY HYPE;1840089;TÊNIS KIDY HYPE PRATA;6 
184;TÊNIS KIDY HYPE;1840089;TÊNIS KIDY HYPE PRETO;528 
184;TÊNIS KIDY HYPE;1840090;TÊNIS KIDY HYPE NUDE;18 
184;TÊNIS KIDY HYPE;1840090;TÊNIS KIDY HYPE PRATA;57 
184;TÊNIS KIDY HYPE;1840090;TÊNIS KIDY HYPE PRETO;393 
184;TÊNIS KIDY HYPE;1840090;TÊNIS KIDY HYPE ROSA;216 
184;TÊNIS KIDY HYPE;1840091;TÊNIS KIDY HYPE AZUL/PRATA;291 
184;TÊNIS KIDY HYPE;1840091;TÊNIS KIDY HYPE NUDE;18 
184;TÊNIS KIDY HYPE;1840091;TÊNIS KIDY HYPE PRETO;120 
184;TÊNIS KIDY HYPE;1840091;TÊNIS KIDY HYPE ROSA;9 
184;TÊNIS KIDY HYPE;1840093;TÊNIS KIDY HYPE BRANCO/AZUL;1.215 
184;TÊNIS KIDY HYPE;1840093;TÊNIS KIDY HYPE BRANCO/VERDE;42 
184;TÊNIS KIDY HYPE;1840093;TÊNIS KIDY HYPE MARINHO;4.109 
184;TÊNIS KIDY HYPE;1840093;TÊNIS KIDY HYPE MARINHO/BRANCO;282 
184;TÊNIS KIDY HYPE;1840093;TÊNIS KIDY HYPE PRETO/AZUL ROYAL;1.317 
184;TÊNIS KIDY HYPE;1840094;TÊNIS KIDY HYPE BRANCO/AZUL;261 
184;TÊNIS KIDY HYPE;1840094;TÊNIS KIDY HYPE MARINHO;285 
184;TÊNIS KIDY HYPE;1840094;TÊNIS KIDY HYPE PRETO;417 
184;TÊNIS KIDY HYPE;1840094;TÊNIS KIDY HYPE PRETO/CREPE;27 
184;TÊNIS KIDY HYPE;1840095;TÊNIS KIDY HYPE AZUL/AMARELO NEON;66 
184;TÊNIS KIDY HYPE;1840095;TÊNIS KIDY HYPE MARINHO;516 
184;TÊNIS KIDY HYPE;1840095;TÊNIS KIDY HYPE PRETO;42 
184;TÊNIS KIDY HYPE;1840096;TÊNIS KIDY HYPE BRANCO/AZUL;1.801 
184;TÊNIS KIDY HYPE;1840096;TÊNIS KIDY HYPE BRANCO/CINZA;21 
184;TÊNIS KIDY HYPE;1840096;TÊNIS KIDY HYPE BRANCO/MARINHO;48 
184;TÊNIS KIDY HYPE;1840096;TÊNIS KIDY HYPE MARINHO;42 
184;TÊNIS KIDY HYPE;1840096;TÊNIS KIDY HYPE MARINHO/BRANCO;2.104 
184;TÊNIS KIDY HYPE;1840096;TÊNIS KIDY HYPE PRETO/AZUL ROYAL;1.084 
184;TÊNIS KIDY HYPE;1840097;TÊNIS KIDY HYPE BRANCO;1.842 
184;TÊNIS KIDY HYPE;1840097;TÊNIS KIDY HYPE BRANCO/PRATA;168 
184;TÊNIS KIDY HYPE;1840097;TÊNIS KIDY HYPE MARINHO;36 
184;TÊNIS KIDY HYPE;1840097;TÊNIS KIDY HYPE NUDE;639 
184;TÊNIS KIDY HYPE;1840097;TÊNIS KIDY HYPE PRETO;981 
184;TÊNIS KIDY HYPE;1840098;TÊNIS KIDY HYPE BRANCO;822 
184;TÊNIS KIDY HYPE;1840098;TÊNIS KIDY HYPE BRANCO/NUDE/OURO;120 
184;TÊNIS KIDY HYPE;1840098;TÊNIS KIDY HYPE MARFIM;12 
184;TÊNIS KIDY HYPE;1840098;TÊNIS KIDY HYPE MARINHO;156 
184;TÊNIS KIDY HYPE;1840098;TÊNIS KIDY HYPE NUDE;180 
184;TÊNIS KIDY HYPE;1840098;TÊNIS KIDY HYPE PRETO;1.140 
184;TÊNIS KIDY HYPE;1840099;TENIS KIDY HYPE GRAFITE/LARANJA;84 
184;TÊNIS KIDY HYPE;1840099;TENIS KIDY HYPE MARINHO;354 
184;TÊNIS KIDY HYPE;1840099;TENIS KIDY HYPE PRETO;477 
184;TÊNIS KIDY HYPE;1840100;TENIS KIDY HYPE BRANCO/AZUL/PRETO;83 
184;TÊNIS KIDY HYPE;1840100;TENIS KIDY HYPE BRANCO/CINZA/MARINHO;12 
184;TÊNIS KIDY HYPE;1840100;TENIS KIDY HYPE BRANCO/PRETO/VERMELHO;12 
184;TÊNIS KIDY HYPE;1840100;TENIS KIDY HYPE MARINHO;96 
184;TÊNIS KIDY HYPE;1840100;TENIS KIDY HYPE PRETO;66 
184;TÊNIS KIDY HYPE;1840101;TENIS KIDY HYPE CINZA/BRANCO;18 
184;TÊNIS KIDY HYPE;1840101;TENIS KIDY HYPE MARINHO;18 
184;TÊNIS KIDY HYPE;1840101;TENIS KIDY HYPE MARINHO/GRAFITE;9 
184;TÊNIS KIDY HYPE;1840101;TENIS KIDY HYPE PRETO;87 
184;TÊNIS KIDY HYPE;1840101;TENIS KIDY HYPE PRETO/BRANCO;276 
184;TÊNIS KIDY HYPE;1840102;TENIS KIDY HYPE CAQUI/BRANCO;36 
184;TÊNIS KIDY HYPE;1840102;TENIS KIDY HYPE CINZA/BRANCO;12 
184;TÊNIS KIDY HYPE;1840102;TENIS KIDY HYPE MARINHO;48 
184;TÊNIS KIDY HYPE;1840102;TENIS KIDY HYPE MARINHO/BRANCO;12 
184;TÊNIS KIDY HYPE;1840102;TENIS KIDY HYPE PRETO;6 
184;TÊNIS KIDY HYPE;1840102;TENIS KIDY HYPE PRETO/BRANCO;84 
184;TÊNIS KIDY HYPE;1841081;TENIS KIDY HYPE PINK;12 
184;TÊNIS KIDY HYPE;1841081;TÊNIS KIDY HYPE BRANCO/PINK;1.467 
184;TÊNIS KIDY HYPE;1841081;TÊNIS KIDY HYPE NUDE;330 
184;TÊNIS KIDY HYPE;1841081;TÊNIS KIDY HYPE OURO;216 
184;TÊNIS KIDY HYPE;1841081;TÊNIS KIDY HYPE PRETO;1.895 
184;TÊNIS KIDY HYPE;1841082;TÊNIS KIDY HYPE MARINHO;33 
184;TÊNIS KIDY HYPE;1841082;TÊNIS KIDY HYPE NUDE;33 
184;TÊNIS KIDY HYPE;1841082;TÊNIS KIDY HYPE PRETO;1.145 
184;TÊNIS KIDY HYPE;1841083;TENIS KIDY HYPE OURO;9 
184;TÊNIS KIDY HYPE;1841083;TÊNIS KIDY HYPE BRANCO/ROSA;87 
184;TÊNIS KIDY HYPE;1841083;TÊNIS KIDY HYPE NUDE;1.607 
184;TÊNIS KIDY HYPE;1841083;TÊNIS KIDY HYPE PRETO;402 
184;TÊNIS KIDY HYPE;1841084;TENIS KIDY HYPE NUDE;60 
184;TÊNIS KIDY HYPE;1841084;TÊNIS KIDY HYPE BRANCO/ROSA;339 
184;TÊNIS KIDY HYPE;1841084;TÊNIS KIDY HYPE PRATA;639 
184;TÊNIS KIDY HYPE;1841084;TÊNIS KIDY HYPE PRETO;294 
184;TÊNIS KIDY HYPE;1841093;TÊNIS KIDY HYPE BRANCO/PRATA;483 
184;TÊNIS KIDY HYPE;1841093;TÊNIS KIDY HYPE BRANCO/ROSA;333 
184;TÊNIS KIDY HYPE;1841093;TÊNIS KIDY HYPE NUDE;735 
184;TÊNIS KIDY HYPE;1841093;TÊNIS KIDY HYPE OURO;1.485 
184;TÊNIS KIDY HYPE;1841093;TÊNIS KIDY HYPE PRETO;1.989 
184;TÊNIS KIDY HYPE;1841094;TÊNIS KIDY HYPE BRANCO/PINK;120 
184;TÊNIS KIDY HYPE;1841094;TÊNIS KIDY HYPE OURO;54 
184;TÊNIS KIDY HYPE;1841094;TÊNIS KIDY HYPE PRATA;510 
184;TÊNIS KIDY HYPE;1841094;TÊNIS KIDY HYPE PRETO;252 
184;TÊNIS KIDY HYPE;1841095;TÊNIS KIDY HYPE BRANCO/ROSA;126 
184;TÊNIS KIDY HYPE;1841095;TÊNIS KIDY HYPE NUDE;15 
184;TÊNIS KIDY HYPE;1841095;TÊNIS KIDY HYPE OURO;24 
184;TÊNIS KIDY HYPE;1841096;TÊNIS KIDY HYPE BRANCO;1.224 
184;TÊNIS KIDY HYPE;1841096;TÊNIS KIDY HYPE NUDE;1.950 
184;TÊNIS KIDY HYPE;1841096;TÊNIS KIDY HYPE OURO;393 
184;TÊNIS KIDY HYPE;1841096;TÊNIS KIDY HYPE PRETO;468 
184;TÊNIS KIDY HYPE;1841097;TÊNIS KIDY HYPE BRANCO;729 
184;TÊNIS KIDY HYPE;1841097;TÊNIS KIDY HYPE NUDE;558 
184;TÊNIS KIDY HYPE;1841097;TÊNIS KIDY HYPE PRETO;318 
184;TÊNIS KIDY HYPE;1841098;TÊNIS KIDY HYPE BRANCO/DOURADO;1.645 
184;TÊNIS KIDY HYPE;1841098;TÊNIS KIDY HYPE BRANCO/NUDE;135 
184;TÊNIS KIDY HYPE;1841098;TÊNIS KIDY HYPE NUDE;426 
184;TÊNIS KIDY HYPE;1841098;TÊNIS KIDY HYPE PRETO;69 
184;TÊNIS KIDY HYPE;1841099;TÊNIS KIDY HYPE BRANCO;30 
184;TÊNIS KIDY HYPE;1841099;TÊNIS KIDY HYPE NUDE;665 
184;TÊNIS KIDY HYPE;1841099;TÊNIS KIDY HYPE OURO;30 
184;TÊNIS KIDY HYPE;1841099;TÊNIS KIDY HYPE PRETO;633 
184;TÊNIS KIDY HYPE;1841099;TÊNIS KIDY HYPE ROSA COBRE;96 
184;TÊNIS KIDY HYPE;1841100;TÊNIS KIDY HYPE BRANCO/OURO;21 
184;TÊNIS KIDY HYPE;1841100;TÊNIS KIDY HYPE NUDE;72 
184;TÊNIS KIDY HYPE;1841100;TÊNIS KIDY HYPE PRETO;185 
184;TÊNIS KIDY HYPE;1841101;TÊNIS KIDY HYPE BRANCO/PRATA;72 
184;TÊNIS KIDY HYPE;1841101;TÊNIS KIDY HYPE MARFIM;72 
184;TÊNIS KIDY HYPE;1841101;TÊNIS KIDY HYPE NUDE;30 
184;TÊNIS KIDY HYPE;1841101;TÊNIS KIDY HYPE PRETO;12 
184;TÊNIS KIDY HYPE;1841102;TÊNIS KIDY HYPE BRANCO/PRATA;12 
184;TÊNIS KIDY HYPE;1841102;TÊNIS KIDY HYPE MARFIM;177 
184;TÊNIS KIDY HYPE;1841102;TÊNIS KIDY HYPE NUDE;54 
184;TÊNIS KIDY HYPE;1841102;TÊNIS KIDY HYPE PRETO;33 
184;TÊNIS KIDY HYPE;1841103;TÊNIS KIDY HYPE NUDE;36 
184;TÊNIS KIDY HYPE;1841103;TÊNIS KIDY HYPE PINK;12 
184;TÊNIS KIDY HYPE;1843002;TÊNIS KIDY HYPE BRANCO;522 
184;TÊNIS KIDY HYPE;1843002;TÊNIS KIDY HYPE PRETO;441 
184;TÊNIS KIDY HYPE;1843502;TÊNIS KIDY HYPE BRANCO;1.246 
184;TÊNIS KIDY HYPE;1843502;TÊNIS KIDY HYPE NUDE;378 
184;TÊNIS KIDY HYPE;1844000;TÊNIS KD.HYPE G.GALACTICO BRANCO/COLORIDO;1.467 
184;TÊNIS KIDY HYPE;1844001;TÊNIS KD.HYPE G.GALACTICO BRANCO/COLORIDO;5.230 
184;TÊNIS KIDY HYPE;1844001;TÊNIS KD.HYPE G.GALACTICO BRANCO/VERMELHO/AZUL;678 
184;TÊNIS KIDY HYPE;1844002;TÊNIS KD.HYPE G.GALACTICO BRANCO/COLORIDO;900 
184;TÊNIS KIDY HYPE;1844500;TÊNIS KD.HYPE G.GALACTICO BRANCO/COLORIDO;4.541 
184;TÊNIS KIDY HYPE;1848095;TÊNIS KIDY HYPE MARINHO;135 
184;TÊNIS KIDY HYPE;1849093;TÊNIS KIDY HYPE PRATA;135 
187;SANDÁLIA KIDY SOL;1870005;SANDÁLIA KIDY SOL PINK;12 
191;SANDALIA KIDY FLY;1910029;SANDÁLIA KIDY FLY MARINHO/LARANJA;216 
191;SANDALIA KIDY FLY;1910029;SANDÁLIA KIDY FLY PRETO/CINZA/VERMELHO;180 
191;SANDALIA KIDY FLY;1910042;SANDÁLIA KIDY FLY MARINHO/LARANJA NEON;12 
191;SANDALIA KIDY FLY;1910043;SANDÁLIA KIDY FLY MARINHO/AZUL;60 
191;SANDALIA KIDY FLY;1910043;SANDÁLIA KIDY FLY PRETO/AMARELO NEON;12 
191;SANDALIA KIDY FLY;1910044;SANDÁLIA KIDY FLY BRANCO/AZUL;12 
191;SANDALIA KIDY FLY;1910047;SANDÁLIA KIDY FLY BRANCO/AZUL ROYAL;12 
191;SANDALIA KIDY FLY;1910048;SANDÁLIA KIDY FLY MARINHO/AMARELO NEON;60 
191;SANDALIA KIDY FLY;1910048;SANDÁLIA KIDY FLY MARINHO/VERMELHO;300 
191;SANDALIA KIDY FLY;1910049;SANDÁLIA KIDY FLY PRETO/LARANJA NEW;84 
191;SANDALIA KIDY FLY;1910050;SANDÁLIA KIDY FLY MARINHO/AMARELO NEON;24 
191;SANDALIA KIDY FLY;1910051;SANDÁLIA KIDY FLY PRETO/VERMELHO;12 
191;SANDALIA KIDY FLY;1910055;SANDÁLIA KIDY FLY MARINHO/AMARELO NEON;120 
191;SANDALIA KIDY FLY;1910055;SANDÁLIA KIDY FLY PRETO/AZUL ROYAL/AMARELO NEON;12 
191;SANDALIA KIDY FLY;1910055;SANDÁLIA KIDY FLY PRETO/LARANJA NEON;48 
191;SANDALIA KIDY FLY;1910057;SANDÁLIA KIDY FLY MARINHO/AMARELO NEON;12 
191;SANDALIA KIDY FLY;1910058;SANDÁLIA KIDY FLY MARINHO/LARANJA;51 
191;SANDALIA KIDY FLY;1910058;SANDÁLIA KIDY FLY PRETO/AMARELO;36 
191;SANDALIA KIDY FLY;1910059;SANDÁLIA KIDY FLY AZUL ROYAL/LARANJA NEON;36 
191;SANDALIA KIDY FLY;1910059;SANDÁLIA KIDY FLY CINZA/MARINHO;204 
191;SANDALIA KIDY FLY;1910059;SANDÁLIA KIDY FLY MARINHO/AMARELO NEON;4.424 
191;SANDALIA KIDY FLY;1910059;SANDÁLIA KIDY FLY MARINHO/VERDE;2.280 
191;SANDALIA KIDY FLY;1910059;SANDÁLIA KIDY FLY PRETO/AZUL/AMARELO;251 
191;SANDALIA KIDY FLY;1910059;SANDÁLIA KIDY FLY PRETO/BRANCO;4.605 
191;SANDALIA KIDY FLY;1910059;SANDÁLIA KIDY FLY PRETO/LARANJA NEON;2.874 
191;SANDALIA KIDY FLY;1910060;SANDÁLIA KIDY FLY AZUL ROYAL/MARINHO/VERMELHO;144 
191;SANDALIA KIDY FLY;1910060;SANDÁLIA KIDY FLY GRAFITE/PRETO;171 
191;SANDALIA KIDY FLY;1910060;SANDÁLIA KIDY FLY MARINHO/VERDE;285 
191;SANDALIA KIDY FLY;1910060;SANDÁLIA KIDY FLY PRETO/VERDE NEON;117 
191;SANDALIA KIDY FLY;1910061;SANDÁLIA KIDY FLY GRAFITE/PRETO/VERDE;432 
191;SANDALIA KIDY FLY;1910061;SANDÁLIA KIDY FLY MARINHO/LARANJA NEON/AZUL;39 
191;SANDALIA KIDY FLY;1910061;SANDÁLIA KIDY FLY PRETO/MARINHO/AMARELO NEON;57 
191;SANDALIA KIDY FLY;1910061;SANDÁLIA KIDY FLY PRETO/VERMELHO;264 
191;SANDALIA KIDY FLY;1910064;SANDÁLIA KIDY FLY MARINHO/AMARELO NEON;1.005 
191;SANDALIA KIDY FLY;1910064;SANDÁLIA KIDY FLY MARINHO/LARANJA;563 
191;SANDALIA KIDY FLY;1910064;SANDÁLIA KIDY FLY PRETO/GELO/VERMELHO;374 
191;SANDALIA KIDY FLY;1910065;SANDÁLIA KIDY FLY MARINHO;951 
191;SANDALIA KIDY FLY;1910065;SANDÁLIA KIDY FLY MARINHO/LARANJA NEON;390 
191;SANDALIA KIDY FLY;1910065;SANDÁLIA KIDY FLY PRETO/AMARELO NEON;459 
191;SANDALIA KIDY FLY;1910065;SANDÁLIA KIDY FLY PRETO/GRAFITE/VERDE;825 
191;SANDALIA KIDY FLY;1910066;SANDÁLIA KIDY FLY MARINHO/VERMELHO;12 
191;SANDALIA KIDY FLY;1910067;SANDÁLIA KIDY FLY AZUL ROYAL/PRETO;12 
191;SANDALIA KIDY FLY;1910067;SANDÁLIA KIDY FLY GRAFITE/PRETO;45 
191;SANDALIA KIDY FLY;1910067;SANDÁLIA KIDY FLY MARINHO;231 
191;SANDALIA KIDY FLY;1910067;SANDÁLIA KIDY FLY PRETO;96 
191;SANDALIA KIDY FLY;1910067;SANDÁLIA KIDY FLY PRETO/BRANCO;195 
191;SANDALIA KIDY FLY;1910068;SANDÁLIA KIDY FLY GRAFITE/PRETO;87 
191;SANDALIA KIDY FLY;1910068;SANDÁLIA KIDY FLY MARINHO/GELO;108 
191;SANDALIA KIDY FLY;1910068;SANDÁLIA KIDY FLY PRETO;114 
191;SANDALIA KIDY FLY;1910068;SANDÁLIA KIDY FLY PRETO/CITRUS;330 
191;SANDALIA KIDY FLY;1910068;SANDÁLIA KIDY FLY TAUPE/BRANCO;30 
191;SANDALIA KIDY FLY;1910070;SANDÁLIA KIDY FLY GRAFITE/PRETO/LARANJA;126 
191;SANDALIA KIDY FLY;1910070;SANDÁLIA KIDY FLY MARINHO/AZUL PISCINA;237 
191;SANDALIA KIDY FLY;1910070;SANDÁLIA KIDY FLY MARINHO/VERMELHO;260 
191;SANDALIA KIDY FLY;1910070;SANDÁLIA KIDY FLY PRETO/BRANCO/VERDE;490 
191;SANDALIA KIDY FLY;1910071;SANDÁLIA KIDY FLY GRAFITE/AZUL ROYAL;462 
191;SANDALIA KIDY FLY;1910071;SANDÁLIA KIDY FLY MARINHO/LARANJA;1.562 
191;SANDALIA KIDY FLY;1910071;SANDÁLIA KIDY FLY PRETO/AZUL PISCINA;180 
191;SANDALIA KIDY FLY;1910071;SANDÁLIA KIDY FLY PRETO/BRANCO/VERDE;612 
191;SANDALIA KIDY FLY;1910073;SANDALIA KIDY FLY GRAFITE/PRETO;72 
191;SANDALIA KIDY FLY;1910073;SANDALIA KIDY FLY MARINHO/PRATA;21 
191;SANDALIA KIDY FLY;1910073;SANDALIA KIDY FLY PRETO/CARAMELO;132 
191;SANDALIA KIDY FLY;1910073;SANDALIA KIDY FLY PRETO/VERMELHO;117 
191;SANDALIA KIDY FLY;1910074;SANDALIA KIDY FLY GRAFITE/MARINHO;33 
191;SANDALIA KIDY FLY;1910074;SANDALIA KIDY FLY MARINHO/AMARELO NEON;333 
191;SANDALIA KIDY FLY;1910074;SANDALIA KIDY FLY MARINHO/VERMELHO/PRATA;42 
191;SANDALIA KIDY FLY;1910074;SANDALIA KIDY FLY PRETO/GELO;120 
191;SANDALIA KIDY FLY;1910075;SANDALIA KIDY FLY BRANCO/PRETO;6 
191;SANDALIA KIDY FLY;1910075;SANDALIA KIDY FLY MARINHO;75 
191;SANDALIA KIDY FLY;1910075;SANDALIA KIDY FLY PRETO;24 
191;SANDALIA KIDY FLY;1910075;SANDALIA KIDY FLY PRETO/NATURAL;78 
191;SANDALIA KIDY FLY;1910075;SANDALIA KIDY FLY PRETO/PRETO;54 
191;SANDALIA KIDY FLY;1910076;SANDALIA KIDY FLY MARINHO/VERMELHO;12 
191;SANDALIA KIDY FLY;1910076;SANDALIA KIDY FLY PRETO/LARANJA NEON;24 
191;SANDALIA KIDY FLY;1910076;SANDALIA KIDY FLY PRETO/VERMELHO;60 
191;SANDALIA KIDY FLY;1911008;SANDÁLIA KIDY FLY PINK;24 
191;SANDALIA KIDY FLY;1911034;SANDÁLIA KIDY FLY AMARELO;12 
191;SANDALIA KIDY FLY;1911034;SANDÁLIA KIDY FLY NUDE;72 
191;SANDALIA KIDY FLY;1911035;SANDÁLIA KIDY FLY BRANCO;36 
191;SANDALIA KIDY FLY;1911035;SANDÁLIA KIDY FLY NUDE;192 
191;SANDALIA KIDY FLY;1911035;SANDÁLIA KIDY FLY PINK;15 
191;SANDALIA KIDY FLY;1911036;SANDÁLIA KIDY FLY LAVANDA;12 
191;SANDALIA KIDY FLY;1911039;SANDÁLIA KIDY FLY PINK;12 
191;SANDALIA KIDY FLY;1911042;SANDÁLIA KIDY FLY NUDE;168 
191;SANDALIA KIDY FLY;1911043;SANDÁLIA KIDY FLY NUDE;252 
191;SANDALIA KIDY FLY;1911043;SANDÁLIA KIDY FLY OURO;12 
191;SANDALIA KIDY FLY;1911043;SANDÁLIA KIDY FLY ROSA/LILAS/PINK;132 
191;SANDALIA KIDY FLY;1911044;SANDÁLIA KIDY FLY NUDE;12 
191;SANDALIA KIDY FLY;1911045;SANDÁLIA KIDY FLY PENELOPE;12 
191;SANDALIA KIDY FLY;1911046;SANDÁLIA KIDY FLY NUDE;48 
191;SANDALIA KIDY FLY;1911046;SANDÁLIA KIDY FLY OURO;12 
191;SANDALIA KIDY FLY;1911050;SANDÁLIA KIDY FLY ANIS/ROSA;48 
191;SANDALIA KIDY FLY;1911050;SANDÁLIA KIDY FLY PINK/COLORIDO;72 
191;SANDALIA KIDY FLY;1911050;SANDÁLIA KIDY FLY PINK/ROSA;36 
191;SANDALIA KIDY FLY;1911051;SANDALIA KIDY FLY PRETO;9 
191;SANDALIA KIDY FLY;1911051;SANDÁLIA KIDY FLY AZUL BB;6 
191;SANDALIA KIDY FLY;1911051;SANDÁLIA KIDY FLY LILAS;486 
191;SANDALIA KIDY FLY;1911051;SANDÁLIA KIDY FLY MARFIM;55 
191;SANDALIA KIDY FLY;1911051;SANDÁLIA KIDY FLY NUDE;1.401 
191;SANDALIA KIDY FLY;1911051;SANDÁLIA KIDY FLY OURO;375 
191;SANDALIA KIDY FLY;1911051;SANDÁLIA KIDY FLY PINK;110 
191;SANDALIA KIDY FLY;1911051;SANDÁLIA KIDY FLY ROSA;12 
191;SANDALIA KIDY FLY;1911052;SANDÁLIA KIDY FLY BRANCO;48 
191;SANDALIA KIDY FLY;1911052;SANDÁLIA KIDY FLY PINK;36 
191;SANDALIA KIDY FLY;1911052;SANDÁLIA KIDY FLY PRETO;48 
191;SANDALIA KIDY FLY;1911053;SANDÁLIA KIDY FLY LIMA;8 
191;SANDALIA KIDY FLY;1911053;SANDÁLIA KIDY FLY OURO;595 
191;SANDALIA KIDY FLY;1911053;SANDÁLIA KIDY FLY PINK;30 
191;SANDALIA KIDY FLY;1911053;SANDÁLIA KIDY FLY PRATA;33 
191;SANDALIA KIDY FLY;1911053;SANDÁLIA KIDY FLY PRETO;129 
191;SANDALIA KIDY FLY;1911054;SANDÁLIA KIDY FLY BRANCO;81 
191;SANDALIA KIDY FLY;1911054;SANDÁLIA KIDY FLY LILAS;32 
191;SANDALIA KIDY FLY;1911054;SANDÁLIA KIDY FLY MARFIM;294 
191;SANDALIA KIDY FLY;1911054;SANDÁLIA KIDY FLY NUDE;359 
191;SANDALIA KIDY FLY;1911054;SANDÁLIA KIDY FLY OURO;90 
191;SANDALIA KIDY FLY;1911054;SANDÁLIA KIDY FLY PRATA;24 
191;SANDALIA KIDY FLY;1911055;SANDÁLIA KIDY FLY AZUL BB;81 
191;SANDALIA KIDY FLY;1911055;SANDÁLIA KIDY FLY MARFIM;1.932 
191;SANDALIA KIDY FLY;1911055;SANDÁLIA KIDY FLY NUDE;216 
191;SANDALIA KIDY FLY;1911055;SANDÁLIA KIDY FLY PINK;249 
191;SANDALIA KIDY FLY;1911055;SANDÁLIA KIDY FLY ROSA;33 
191;SANDALIA KIDY FLY;1911056;SANDÁLIA KIDY FLY BRANCO;81 
191;SANDALIA KIDY FLY;1911056;SANDÁLIA KIDY FLY MARFIM;811 
191;SANDALIA KIDY FLY;1911056;SANDÁLIA KIDY FLY NUDE;501 
191;SANDALIA KIDY FLY;1911056;SANDÁLIA KIDY FLY OURO;2.317 
191;SANDALIA KIDY FLY;1911056;SANDÁLIA KIDY FLY PRATA;213 
191;SANDALIA KIDY FLY;1911057;SANDÁLIA KIDY FLY MARFIM;1.383 
191;SANDALIA KIDY FLY;1911057;SANDÁLIA KIDY FLY OURO;489 
191;SANDALIA KIDY FLY;1911057;SANDÁLIA KIDY FLY PESSEGO;168 
191;SANDALIA KIDY FLY;1911057;SANDÁLIA KIDY FLY PRETO;198 
191;SANDALIA KIDY FLY;1911057;SANDÁLIA KIDY FLY ROSA;84 
191;SANDALIA KIDY FLY;1911057;SANDÁLIA KIDY FLY ROSA/NUDE;90 
191;SANDALIA KIDY FLY;1911058;SANDÁLIA KIDY FLY MARFIM;4.110 
191;SANDALIA KIDY FLY;1911058;SANDÁLIA KIDY FLY OURO;1.993 
191;SANDALIA KIDY FLY;1911058;SANDÁLIA KIDY FLY PESSEGO;6 
191;SANDALIA KIDY FLY;1911058;SANDÁLIA KIDY FLY PRETO;3.738 
191;SANDALIA KIDY FLY;1911058;SANDÁLIA KIDY FLY ROSA;4.095 
191;SANDALIA KIDY FLY;1911058;SANDÁLIA KIDY FLY ROSA/NUDE;772 
191;SANDALIA KIDY FLY;1911059;SANDÁLIA KIDY FLY LILAS;231 
191;SANDALIA KIDY FLY;1911059;SANDÁLIA KIDY FLY NUDE;1.014 
191;SANDALIA KIDY FLY;1911059;SANDÁLIA KIDY FLY OURO;324 
191;SANDALIA KIDY FLY;1911059;SANDÁLIA KIDY FLY PESSEGO;36 
191;SANDALIA KIDY FLY;1911059;SANDÁLIA KIDY FLY PRETO;1.137 
191;SANDALIA KIDY FLY;1911060;SANDÁLIA KIDY FLY AZUL BB;562 
191;SANDALIA KIDY FLY;1911060;SANDÁLIA KIDY FLY BRANCO;935 
191;SANDALIA KIDY FLY;1911060;SANDÁLIA KIDY FLY NUDE;5.505 
191;SANDALIA KIDY FLY;1911060;SANDÁLIA KIDY FLY NUDE/BLUSH;4.050 
191;SANDALIA KIDY FLY;1911060;SANDÁLIA KIDY FLY PINK;147 
191;SANDALIA KIDY FLY;1911060;SANDÁLIA KIDY FLY PRETO;3.330 
191;SANDALIA KIDY FLY;1911061;SANDÁLIA KIDY FLY BRANCO;87 
191;SANDALIA KIDY FLY;1911061;SANDÁLIA KIDY FLY MARFIM;756 
191;SANDALIA KIDY FLY;1911061;SANDÁLIA KIDY FLY PRETO;600 
191;SANDALIA KIDY FLY;1911062;SANDÁLIA KIDY FLY BRANCO;18 
191;SANDALIA KIDY FLY;1911062;SANDÁLIA KIDY FLY OURO;87 
191;SANDALIA KIDY FLY;1911062;SANDÁLIA KIDY FLY PRATA;6 
191;SANDALIA KIDY FLY;1911062;SANDÁLIA KIDY FLY PRETO;12 
191;SANDALIA KIDY FLY;1911062;SANDÁLIA KIDY FLY PRETO/PRETO;18 
191;SANDALIA KIDY FLY;1911063;SANDÁLIA KIDY FLY OURO;1.320 
191;SANDALIA KIDY FLY;1911063;SANDÁLIA KIDY FLY PRATA;198 
191;SANDALIA KIDY FLY;1911064;SANDÁLIA KIDY FLY AZALEIA/ROSA;75 
191;SANDALIA KIDY FLY;1911064;SANDÁLIA KIDY FLY BRANCO/NUDE;12 
191;SANDALIA KIDY FLY;1911064;SANDÁLIA KIDY FLY PRETO/GLOSS;39 
191;SANDALIA KIDY FLY;1911065;SANDÁLIA KIDY FLY AZUL/ROSA/PINK;120 
191;SANDALIA KIDY FLY;1911065;SANDÁLIA KIDY FLY MARINHO/GLOSS;54 
191;SANDALIA KIDY FLY;1911065;SANDÁLIA KIDY FLY PRETO/NUDE;9 
191;SANDALIA KIDY FLY;1911065;SANDÁLIA KIDY FLY ROSA/BRANCO;102 
191;SANDALIA KIDY FLY;1911070;SANDÁLIA KIDY FLY MARFIM;351 
191;SANDALIA KIDY FLY;1911070;SANDÁLIA KIDY FLY NUDE;752 
191;SANDALIA KIDY FLY;1911070;SANDÁLIA KIDY FLY OURO;408 
191;SANDALIA KIDY FLY;1911070;SANDÁLIA KIDY FLY PINK;105 
191;SANDALIA KIDY FLY;1911070;SANDÁLIA KIDY FLY PRETO;348 
191;SANDALIA KIDY FLY;1911071;SANDÁLIA KIDY FLY BRANCO;129 
191;SANDALIA KIDY FLY;1911071;SANDÁLIA KIDY FLY OURO;2.138 
191;SANDALIA KIDY FLY;1911071;SANDÁLIA KIDY FLY PRETO;198 
191;SANDALIA KIDY FLY;1911071;SANDÁLIA KIDY FLY ROSA;207 
191;SANDALIA KIDY FLY;1911072;SANDÁLIA KIDY FLY BRANCO;60 
191;SANDALIA KIDY FLY;1911072;SANDÁLIA KIDY FLY MARFIM;288 
191;SANDALIA KIDY FLY;1911072;SANDÁLIA KIDY FLY OURO;351 
191;SANDALIA KIDY FLY;1911072;SANDÁLIA KIDY FLY ROSA;63 
191;SANDALIA KIDY FLY;1911073;SANDÁLIA KIDY FLY AZUL BB;0 
191;SANDALIA KIDY FLY;1911073;SANDÁLIA KIDY FLY MARFIM;18 
191;SANDALIA KIDY FLY;1911073;SANDÁLIA KIDY FLY NUDE;102 
191;SANDALIA KIDY FLY;1911073;SANDÁLIA KIDY FLY OURO;15 
191;SANDALIA KIDY FLY;1911074;SANDÁLIA KIDY FLY BRANCO;24 
191;SANDALIA KIDY FLY;1911074;SANDÁLIA KIDY FLY MARFIM;555 
191;SANDALIA KIDY FLY;1911074;SANDÁLIA KIDY FLY NUDE;126 
191;SANDALIA KIDY FLY;1911074;SANDÁLIA KIDY FLY OURO;36 
191;SANDALIA KIDY FLY;1911074;SANDÁLIA KIDY FLY PRETO;36 
191;SANDALIA KIDY FLY;1911075;SANDÁLIA KIDY FLY BRANCO;18 
191;SANDALIA KIDY FLY;1911075;SANDÁLIA KIDY FLY MARFIM;78 
191;SANDALIA KIDY FLY;1911075;SANDÁLIA KIDY FLY NUDE;24 
191;SANDALIA KIDY FLY;1911075;SANDÁLIA KIDY FLY OURO;12 
191;SANDALIA KIDY FLY;1911075;SANDÁLIA KIDY FLY PRETO;66 
191;SANDALIA KIDY FLY;1911076;SANDÁLIA KIDY FLY BRANCO;12 
191;SANDALIA KIDY FLY;1911076;SANDÁLIA KIDY FLY MARFIM;84 
191;SANDALIA KIDY FLY;1911076;SANDÁLIA KIDY FLY NUDE;30 
191;SANDALIA KIDY FLY;1911076;SANDÁLIA KIDY FLY NUDE/BLUSH;30 
191;SANDALIA KIDY FLY;1911076;SANDÁLIA KIDY FLY OURO;24 
191;SANDALIA KIDY FLY;1911076;SANDÁLIA KIDY FLY PINK;12 
191;SANDALIA KIDY FLY;1913001;SANDÁLIA KIDY FLY S.S. NUDE;12 
191;SANDALIA KIDY FLY;1913500;SANDÁLIA KIDY FLY PRETO/VERDE;12 
191;SANDALIA KIDY FLY;1915000;SANDÁLIA KIDY FLY GG MARINHO/AMARELO NEON;114 
191;SANDALIA KIDY FLY;1915000;SANDÁLIA KIDY FLY GG MARINHO/PRATA;45 
191;SANDALIA KIDY FLY;1915000;SANDÁLIA KIDY FLY GG PRETO/PRATA;21 
191;SANDALIA KIDY FLY;1915000;SANDÁLIA KIDY FLY GG PRETO/VERMELHO;105 
191;SANDALIA KIDY FLY;1917000;SANDÁLIA KIDY FLY GG BRANCO/ROSA;72 
191;SANDALIA KIDY FLY;1917000;SANDÁLIA KIDY FLY GG LILAS/PINK;12 
191;SANDALIA KIDY FLY;1917000;SANDÁLIA KIDY FLY GG NUDE/ROSA;114 
192;SANDALIA KIDY FLY BABY;1920031;SANDALIA KIDY FLY BABY CINZA/GRAFITE/AMARELO NEON;12 
192;SANDALIA KIDY FLY BABY;1920032;SANDALIA KIDY FLY BABY MARINHO;12 
192;SANDALIA KIDY FLY BABY;1920033;SANDALIA KIDY FLY BABY PRETO/VERDE NEON;12 
192;SANDALIA KIDY FLY BABY;1920034;SANDALIA KIDY FLY BABY MARINHO/AZUL;192 
192;SANDALIA KIDY FLY BABY;1920034;SANDALIA KIDY FLY BABY PRETO/LARANJA;144 
192;SANDALIA KIDY FLY BABY;1920035;SANDALIA KIDY FLY BABY AZUL/MARINHO;192 
192;SANDALIA KIDY FLY BABY;1920036;SANDALIA KIDY FLY BABY PRETO/VERDE;0 
192;SANDALIA KIDY FLY BABY;1920037;SANDALIA KIDY FLY BABY AREIA/AZUL;12 
192;SANDALIA KIDY FLY BABY;1920037;SANDALIA KIDY FLY BABY PRETO/CASTANHO;6 
192;SANDALIA KIDY FLY BABY;1920038;SANDALIA KIDY FLY BABY AZUL ROYAL/AMARELO;180 
192;SANDALIA KIDY FLY BABY;1920038;SANDALIA KIDY FLY BABY PRETO/VERMELHO;132 
192;SANDALIA KIDY FLY BABY;1920043;SANDALIA KIDY FLY BABY MARINHO/AMARELO NEON;12 
192;SANDALIA KIDY FLY BABY;1920044;SANDALIA KIDY FLY BABY AZUL ROYAL/AMARELO NEON;12 
192;SANDALIA KIDY FLY BABY;1920046;SANDALIA KIDY FLY BABY AZUL/LARANJA;12 
192;SANDALIA KIDY FLY BABY;1920047;SANDALIA KIDY FLY BABY MARINHO/AMARELO NEON;108 
192;SANDALIA KIDY FLY BABY;1920047;SANDALIA KIDY FLY BABY PRETO/GELO/VERMELHO;24 
192;SANDALIA KIDY FLY BABY;1920048;SANDALIA KIDY FLY BABY PRETO/LARANJA/AZ.ROYAL;12 
192;SANDALIA KIDY FLY BABY;1920049;SANDALIA KIDY FLY BABY MARINHO/AZUL ROYAL;12 
192;SANDALIA KIDY FLY BABY;1920049;SANDALIA KIDY FLY BABY PRETO/GRAFITE/VERMELHO;24 
192;SANDALIA KIDY FLY BABY;1920050;SANDALIA KIDY FLY BABY MARINHO/LARANJA/AMARELO NEON;33 
192;SANDALIA KIDY FLY BABY;1920050;SANDALIA KIDY FLY BABY VERDE/PRETO/LARANJA;9 
192;SANDALIA KIDY FLY BABY;1920053;SANDALIA KIDY FLY BABY PRETO/LARANJA/AZ.ROYAL;30 
192;SANDALIA KIDY FLY BABY;1920054;SANDALIA KIDY FLY BABY PRETO/AMARELO;411 
192;SANDALIA KIDY FLY BABY;1920055;SANDALIA KIDY FLY BABY MARINHO/VERMELHO;1.989 
192;SANDALIA KIDY FLY BABY;1920058;SANDALIA KIDY FLY BABY AZUL ROYAL/AMARELO;18 
192;SANDALIA KIDY FLY BABY;1920058;SANDALIA KIDY FLY BABY MARINHO/AZUL ROYAL/AMARELO NEON;185 
192;SANDALIA KIDY FLY BABY;1920058;SANDALIA KIDY FLY BABY MARINHO/VERMELHO;42 
192;SANDALIA KIDY FLY BABY;1920058;SANDALIA KIDY FLY BABY PRETO/LARANJA NEON;24 
192;SANDALIA KIDY FLY BABY;1920059;SANDALIA KIDY FLY BABY MARINHO/AZUL ROYAL/LIMA;6 
192;SANDALIA KIDY FLY BABY;1920059;SANDALIA KIDY FLY BABY MARINHO/VERMELHO;90 
192;SANDALIA KIDY FLY BABY;1920059;SANDALIA KIDY FLY BABY PRETO/AZUL ROYAL/LARANJA;357 
192;SANDALIA KIDY FLY BABY;1920059;SANDALIA KIDY FLY BABY PRETO/VERMELHO;126 
192;SANDALIA KIDY FLY BABY;1920060;SANDALIA KIDY FLY BABY AZUL ROYAL/VERMELHO/BRANCO;780 
192;SANDALIA KIDY FLY BABY;1920060;SANDALIA KIDY FLY BABY CINZA/AMARELO NEON;984 
192;SANDALIA KIDY FLY BABY;1920060;SANDALIA KIDY FLY BABY GRAFITE/PRETO/LARANJA NEON;1.751 
192;SANDALIA KIDY FLY BABY;1920060;SANDALIA KIDY FLY BABY MARINHO/AZUL ROYAL;5.372 
192;SANDALIA KIDY FLY BABY;1920060;SANDALIA KIDY FLY BABY MARINHO/LARANJA NEON;1.023 
192;SANDALIA KIDY FLY BABY;1920060;SANDALIA KIDY FLY BABY MARINHO/VERDE;5.211 
192;SANDALIA KIDY FLY BABY;1920060;SANDALIA KIDY FLY BABY PRETO/AMARELO NEON;6.338 
192;SANDALIA KIDY FLY BABY;1920060;SANDALIA KIDY FLY BABY PRETO/AZUL ROYAL/AMARELO NEON;42 
192;SANDALIA KIDY FLY BABY;1920060;SANDALIA KIDY FLY BABY PRETO/LARANJA NEON;1.230 
192;SANDALIA KIDY FLY BABY;1920061;SANDALIA KIDY FLY BABY MARINHO/CINZA/VERDE;33 
192;SANDALIA KIDY FLY BABY;1920061;SANDALIA KIDY FLY BABY MARINHO/LARANJA NEON;30 
192;SANDALIA KIDY FLY BABY;1920061;SANDALIA KIDY FLY BABY PRETO/AMARELO NEON/AZUL ROYAL;192 
192;SANDALIA KIDY FLY BABY;1920061;SANDALIA KIDY FLY BABY PRETO/AMARELO/VERMELHO;57 
192;SANDALIA KIDY FLY BABY;1920061;SANDALIA KIDY FLY BABY PRETO/AZUL/AMARELO NEON;42 
192;SANDALIA KIDY FLY BABY;1920063;SANDALIA KIDY FLY BABY MARINHO/AMARELO NEON;453 
192;SANDALIA KIDY FLY BABY;1920063;SANDALIA KIDY FLY BABY PRETO/AMARELO NEON;242 
192;SANDALIA KIDY FLY BABY;1920063;SANDALIA KIDY FLY BABY PRETO/GRAFITE;252 
192;SANDALIA KIDY FLY BABY;1920063;SANDALIA KIDY FLY BABY PRETO/LARANJA/PRATA;1.458 
192;SANDALIA KIDY FLY BABY;1920064;SANDALIA KIDY FLY BABY MARINHO/LARANJA NEON;1.140 
192;SANDALIA KIDY FLY BABY;1920064;SANDALIA KIDY FLY BABY MARINHO/VERMELHO;3.321 
192;SANDALIA KIDY FLY BABY;1920064;SANDALIA KIDY FLY BABY PRETO;2.067 
192;SANDALIA KIDY FLY BABY;1920064;SANDALIA KIDY FLY BABY PRETO/VERDE;306 
192;SANDALIA KIDY FLY BABY;1920065;SANDALIA KIDY FLY BABY MARINHO/AZUL;6.477 
192;SANDALIA KIDY FLY BABY;1920065;SANDALIA KIDY FLY BABY PRETO/GELO/AMARELO;180 
192;SANDALIA KIDY FLY BABY;1920065;SANDALIA KIDY FLY BABY PRETO/VERMELHO;768 
192;SANDALIA KIDY FLY BABY;1920066;SANDALIA KIDY FLY BABY AZUL/MARINHO;12 
192;SANDALIA KIDY FLY BABY;1920067;SANDALIA KIDY FLY BABY MARINHO/VERMELHO;1.038 
192;SANDALIA KIDY FLY BABY;1920067;SANDALIA KIDY FLY BABY PRETO/VERMELHO;237 
192;SANDALIA KIDY FLY BABY;1920068;SANDALIA KIDY FLY BABY AZUL ROYAL/MARINHO/LARANJA;543 
192;SANDALIA KIDY FLY BABY;1920068;SANDALIA KIDY FLY BABY MARINHO/VERDE;4.155 
192;SANDALIA KIDY FLY BABY;1920068;SANDALIA KIDY FLY BABY PRETO/GELO/VERMELHO;1.209 
192;SANDALIA KIDY FLY BABY;1920068;SANDALIA KIDY FLY BABY PRETO/VERMELHO;3.282 
192;SANDALIA KIDY FLY BABY;1920070;SANDALIA KIDY FLY BABY MARINHO/AMARELO NEON;600 
192;SANDALIA KIDY FLY BABY;1920070;SANDALIA KIDY FLY BABY PRETO/LARANJA/PRATA;1.293 
192;SANDALIA KIDY FLY BABY;1920071;SANDALIA KIDY FLY BABY MARINHO/VERMELHO;252 
192;SANDALIA KIDY FLY BABY;1920072;SANDALIA KIDY FLY BABY AZUL/MARINHO;252 
192;SANDALIA KIDY FLY BABY;1920072;SANDALIA KIDY FLY BABY PRETO/LARANJA;600 
192;SANDALIA KIDY FLY BABY;1920073;SANDALIA KIDY FLY BABY AZUL ROYAL/MARINHO/LARANJA;255 
192;SANDALIA KIDY FLY BABY;1920073;SANDALIA KIDY FLY BABY MARINHO/VERDE;2.022 
192;SANDALIA KIDY FLY BABY;1920073;SANDALIA KIDY FLY BABY PRETO/GELO/VERMELHO;1.154 
192;SANDALIA KIDY FLY BABY;1920075;SANDALIA KIDY FLY BABY GRAFITE/PRETO/AMARELO NEON;54 
192;SANDALIA KIDY FLY BABY;1920075;SANDALIA KIDY FLY BABY MARINHO/LARANJA NEON;182 
192;SANDALIA KIDY FLY BABY;1920075;SANDALIA KIDY FLY BABY MARINHO/VERDE;426 
192;SANDALIA KIDY FLY BABY;1920075;SANDALIA KIDY FLY BABY PRETO/VERDE MILITAR;174 
192;SANDALIA KIDY FLY BABY;1920075;SANDALIA KIDY FLY BABY PRETO/VERMELHO;36 
192;SANDALIA KIDY FLY BABY;1920076;SANDALIA KIDY FLY BABY GRAFITE/PRETO/LARANJA NEON;39 
192;SANDALIA KIDY FLY BABY;1920076;SANDALIA KIDY FLY BABY MARINHO/AZUL ROYAL;87 
192;SANDALIA KIDY FLY BABY;1920076;SANDALIA KIDY FLY BABY MARINHO/VERMELHO;90 
192;SANDALIA KIDY FLY BABY;1920076;SANDALIA KIDY FLY BABY PRETO/PRATA;204 
192;SANDALIA KIDY FLY BABY;1920077;SANDALIA KIDY FLY BABY GRAFITE/AMARELO;132 
192;SANDALIA KIDY FLY BABY;1920077;SANDALIA KIDY FLY BABY MARINHO/LARANJA;177 
192;SANDALIA KIDY FLY BABY;1920077;SANDALIA KIDY FLY BABY MARROM/VERDE PANTONE;1.458 
192;SANDALIA KIDY FLY BABY;1920077;SANDALIA KIDY FLY BABY PRETO/LARANJA;381 
192;SANDALIA KIDY FLY BABY;1920078;SANDALIA KIDY FLY BABY MARINHO/LARANJA;48 
192;SANDALIA KIDY FLY BABY;1920078;SANDALIA KIDY FLY BABY PRETO/CASTANHO/LARANJA;60 
192;SANDALIA KIDY FLY BABY;1920078;SANDALIA KIDY FLY BABY PRETO/PRATA;24 
192;SANDALIA KIDY FLY BABY;1920078;SANDALIA KIDY FLY BABY PRETO/VERMELHO;159 
192;SANDALIA KIDY FLY BABY;1920079;SANDALIA KIDY FLY BABY GRAFITE/PRETO/LARANJA;108 
192;SANDALIA KIDY FLY BABY;1920079;SANDALIA KIDY FLY BABY MARINHO/GRAFITE;24 
192;SANDALIA KIDY FLY BABY;1920079;SANDALIA KIDY FLY BABY MARINHO/VERMELHO;36 
192;SANDALIA KIDY FLY BABY;1920079;SANDALIA KIDY FLY BABY PRETO/AMARELO;30 
192;SANDALIA KIDY FLY BABY;1920080;SANDALIA KIDY FLY BABY AZUL/PRETO;24 
192;SANDALIA KIDY FLY BABY;1920080;SANDALIA KIDY FLY BABY GRAFITE/MARINHO;75 
192;SANDALIA KIDY FLY BABY;1920080;SANDALIA KIDY FLY BABY MARINHO/VERMELHO;165 
192;SANDALIA KIDY FLY BABY;1920080;SANDALIA KIDY FLY BABY PRETO/AZUL/VERDE;39 
192;SANDALIA KIDY FLY BABY;1920080;SANDALIA KIDY FLY BABY PRETO/LARANJA;114 
192;SANDALIA KIDY FLY BABY;1920081;SANDALIA KIDY FLY BABY MARINHO/GRAFITE/AMARELO NEON;153 
192;SANDALIA KIDY FLY BABY;1920081;SANDALIA KIDY FLY BABY MARINHO/LARANJA;33 
192;SANDALIA KIDY FLY BABY;1920081;SANDALIA KIDY FLY BABY MARROM/CARAMELO;102 
192;SANDALIA KIDY FLY BABY;1920081;SANDALIA KIDY FLY BABY MARROM/MARINHO;138 
192;SANDALIA KIDY FLY BABY;1920081;SANDALIA KIDY FLY BABY PRETO/AMARELO NEON;30 
192;SANDALIA KIDY FLY BABY;1920081;SANDALIA KIDY FLY BABY PRETO/GRAFITE/VERMELHO;48 
192;SANDALIA KIDY FLY BABY;1920084;SANDALIA KIDY FLY BABY CARAMELO;48 
192;SANDALIA KIDY FLY BABY;1920084;SANDALIA KIDY FLY BABY MARINHO;39 
192;SANDALIA KIDY FLY BABY;1920084;SANDALIA KIDY FLY BABY PRETO;24 
192;SANDALIA KIDY FLY BABY;1921012;PAPETE KIDY FREE STYLE BABY PRETO;12 
192;SANDALIA KIDY FLY BABY;1921013;PAPETE KIDY FREE STYLE BABY GERBERA;12 
192;SANDALIA KIDY FLY BABY;1921027;PAPETE KIDY FREE STYLE BABY BRANCO;35 
192;SANDALIA KIDY FLY BABY;1921027;PAPETE KIDY FREE STYLE BABY NUDE;35 
192;SANDALIA KIDY FLY BABY;1921029;PAPETE KIDY FREE STYLE BABY OURO;60 
192;SANDALIA KIDY FLY BABY;1921030;PAPETE KIDY FREE STYLE BABY LAVANDA;12 
192;SANDALIA KIDY FLY BABY;1921031;PAPETE KIDY FREE STYLE BABY NUDE;12 
192;SANDALIA KIDY FLY BABY;1921034;PAPETE KIDY FREE STYLE BABY NUDE;264 
192;SANDALIA KIDY FLY BABY;1921036;PAPETE KIDY FREE STYLE BABY ROUGE;12 
192;SANDALIA KIDY FLY BABY;1921037;PAPETE KIDY FREE STYLE BABY AZUL/BRANCO/NUDE;6 
192;SANDALIA KIDY FLY BABY;1921037;PAPETE KIDY FREE STYLE BABY BRANCO/NUDE;18 
192;SANDALIA KIDY FLY BABY;1921037;PAPETE KIDY FREE STYLE BABY NUDE;24 
192;SANDALIA KIDY FLY BABY;1921038;PAPETE KIDY FREE STYLE BABY BRANCO;12 
192;SANDALIA KIDY FLY BABY;1921040;SAN.KIDY FLY BABY NUDE;84 
192;SANDALIA KIDY FLY BABY;1921040;SAN.KIDY FLY BABY OURO;6 
192;SANDALIA KIDY FLY BABY;1921041;SAN.KIDY FLY BABY AMARELO/COLORIDO;12 
192;SANDALIA KIDY FLY BABY;1921042;SAN.KIDY FLY BABY MARINE;12 
192;SANDALIA KIDY FLY BABY;1921042;SAN.KIDY FLY BABY PINK;12 
192;SANDALIA KIDY FLY BABY;1921044;SANDALIA KIDY FLY BABY ROSA/AZUL;9 
192;SANDALIA KIDY FLY BABY;1921045;SAN.KIDY FLY BABY BRANCO/COLORIDO;51 
192;SANDALIA KIDY FLY BABY;1921045;SAN.KIDY FLY BABY BRANCO/PINK;159 
192;SANDALIA KIDY FLY BABY;1921045;SAN.KIDY FLY BABY NUDE;0 
192;SANDALIA KIDY FLY BABY;1921045;SAN.KIDY FLY BABY ROSA;552 
192;SANDALIA KIDY FLY BABY;1921046;SAN.KIDY FLY BABY NUDE;9 
192;SANDALIA KIDY FLY BABY;1921046;SAN.KIDY FLY BABY PINK NEON;24 
192;SANDALIA KIDY FLY BABY;1921046;SAN.KIDY FLY BABY PRETO;0 
192;SANDALIA KIDY FLY BABY;1921049;SAN.KIDY FLY BABY BRANCO/LILAS;6 
192;SANDALIA KIDY FLY BABY;1921049;SAN.KIDY FLY BABY BRANCO/ROSA;1.560 
192;SANDALIA KIDY FLY BABY;1921049;SAN.KIDY FLY BABY MARINE;24 
192;SANDALIA KIDY FLY BABY;1921049;SAN.KIDY FLY BABY NUDE;383 
192;SANDALIA KIDY FLY BABY;1921049;SAN.KIDY FLY BABY PINK;81 
192;SANDALIA KIDY FLY BABY;1921050;SAN.KIDY FLY BABY MARFIM;370 
192;SANDALIA KIDY FLY BABY;1921050;SAN.KIDY FLY BABY NUDE;1.285 
192;SANDALIA KIDY FLY BABY;1921050;SAN.KIDY FLY BABY OURO;1.269 
192;SANDALIA KIDY FLY BABY;1921050;SAN.KIDY FLY BABY PINK;174 
192;SANDALIA KIDY FLY BABY;1921050;SAN.KIDY FLY BABY PRATA;360 
192;SANDALIA KIDY FLY BABY;1921051;SANDALIA KIDY FLY BABY LILAS;99 
192;SANDALIA KIDY FLY BABY;1921051;SANDALIA KIDY FLY BABY MARFIM;123 
192;SANDALIA KIDY FLY BABY;1921051;SANDALIA KIDY FLY BABY NUDE;151 
192;SANDALIA KIDY FLY BABY;1921051;SANDALIA KIDY FLY BABY OURO;51 
192;SANDALIA KIDY FLY BABY;1921051;SANDALIA KIDY FLY BABY PINK;88 
192;SANDALIA KIDY FLY BABY;1921051;SANDALIA KIDY FLY BABY PRETO;147 
192;SANDALIA KIDY FLY BABY;1921053;PAPETE KIDY FREE STYLE BABY AZUL BB;0 
192;SANDALIA KIDY FLY BABY;1921053;PAPETE KIDY FREE STYLE BABY BRANCO;99 
192;SANDALIA KIDY FLY BABY;1921053;PAPETE KIDY FREE STYLE BABY MARFIM;30 
192;SANDALIA KIDY FLY BABY;1921053;PAPETE KIDY FREE STYLE BABY NUDE;234 
192;SANDALIA KIDY FLY BABY;1921053;PAPETE KIDY FREE STYLE BABY OURO;102 
192;SANDALIA KIDY FLY BABY;1921053;PAPETE KIDY FREE STYLE BABY PRATA;269 
192;SANDALIA KIDY FLY BABY;1921055;SANDALIA KIDY FLY BABY BRANCO/VERMELHO;240 
192;SANDALIA KIDY FLY BABY;1921056;SANDALIA KIDY FLY BABY LILAS;228 
192;SANDALIA KIDY FLY BABY;1921057;SANDALIA KIDY FLY BABY PRATA/AZUL;522 
192;SANDALIA KIDY FLY BABY;1921058;SANDALIA KIDY FLY BABY BRANCO/ROSA;867 
192;SANDALIA KIDY FLY BABY;1921058;SANDALIA KIDY FLY BABY NUDE;1.480 
192;SANDALIA KIDY FLY BABY;1921058;SANDALIA KIDY FLY BABY OURO;5.289 
192;SANDALIA KIDY FLY BABY;1921058;SANDALIA KIDY FLY BABY PESSEGO;18 
192;SANDALIA KIDY FLY BABY;1921058;SANDALIA KIDY FLY BABY PRETO;75 
192;SANDALIA KIDY FLY BABY;1921059;SANDALIA KIDY FLY BABY LILAS;96 
192;SANDALIA KIDY FLY BABY;1921059;SANDALIA KIDY FLY BABY NUDE;5.369 
192;SANDALIA KIDY FLY BABY;1921059;SANDALIA KIDY FLY BABY NUDE/BLUSH;3.934 
192;SANDALIA KIDY FLY BABY;1921059;SANDALIA KIDY FLY BABY OURO;2.748 
192;SANDALIA KIDY FLY BABY;1921059;SANDALIA KIDY FLY BABY PESSEGO;390 
192;SANDALIA KIDY FLY BABY;1921059;SANDALIA KIDY FLY BABY PINK;422 
192;SANDALIA KIDY FLY BABY;1921059;SANDALIA KIDY FLY BABY PRETO;771 
192;SANDALIA KIDY FLY BABY;1921060;SANDALIA KIDY FLY BABY BRANCO;339 
192;SANDALIA KIDY FLY BABY;1921060;SANDALIA KIDY FLY BABY NUDE;375 
192;SANDALIA KIDY FLY BABY;1921060;SANDALIA KIDY FLY BABY PINK;536 
192;SANDALIA KIDY FLY BABY;1921061;SANDALIA KIDY FLY BABY OURO;4.232 
192;SANDALIA KIDY FLY BABY;1921061;SANDALIA KIDY FLY BABY PESSEGO;39 
192;SANDALIA KIDY FLY BABY;1921061;SANDALIA KIDY FLY BABY PINK;237 
192;SANDALIA KIDY FLY BABY;1921061;SANDALIA KIDY FLY BABY PRETO;399 
192;SANDALIA KIDY FLY BABY;1921061;SANDALIA KIDY FLY BABY ROSA;5.391 
192;SANDALIA KIDY FLY BABY;1921062;SAN.KIDY FLY BABY BRANCO;3.339 
192;SANDALIA KIDY FLY BABY;1921062;SAN.KIDY FLY BABY NUDE;10.227 
192;SANDALIA KIDY FLY BABY;1921062;SAN.KIDY FLY BABY OURO;606 
192;SANDALIA KIDY FLY BABY;1921063;SANDALIA KIDY FLY BABY BRANCO;126 
192;SANDALIA KIDY FLY BABY;1921063;SANDALIA KIDY FLY BABY MARINHO;264 
192;SANDALIA KIDY FLY BABY;1921063;SANDALIA KIDY FLY BABY NUDE;1.305 
192;SANDALIA KIDY FLY BABY;1921063;SANDALIA KIDY FLY BABY PRETO;399 
192;SANDALIA KIDY FLY BABY;1921064;SANDALIA KIDY FLY BABY BRANCO;912 
192;SANDALIA KIDY FLY BABY;1921064;SANDALIA KIDY FLY BABY LILAS;279 
192;SANDALIA KIDY FLY BABY;1921064;SANDALIA KIDY FLY BABY NUDE;840 
192;SANDALIA KIDY FLY BABY;1921064;SANDALIA KIDY FLY BABY PRETO;384 
192;SANDALIA KIDY FLY BABY;1921065;SANDALIA KIDY FLY BABY BRANCO;81 
192;SANDALIA KIDY FLY BABY;1921065;SANDALIA KIDY FLY BABY BRANCO/ROSA;72 
192;SANDALIA KIDY FLY BABY;1921065;SANDALIA KIDY FLY BABY OURO;483 
192;SANDALIA KIDY FLY BABY;1921065;SANDALIA KIDY FLY BABY PRETO;234 
192;SANDALIA KIDY FLY BABY;1921065;SANDALIA KIDY FLY BABY ROSA;24 
192;SANDALIA KIDY FLY BABY;1921067;SANDALIA KIDY FLY BABY OURO;540 
192;SANDALIA KIDY FLY BABY;1921069;SANDALIA KIDY FLY BABY BRANCO;111 
192;SANDALIA KIDY FLY BABY;1921069;SANDALIA KIDY FLY BABY MARFIM;1.101 
192;SANDALIA KIDY FLY BABY;1921069;SANDALIA KIDY FLY BABY OURO;366 
192;SANDALIA KIDY FLY BABY;1921069;SANDALIA KIDY FLY BABY PRETO;84 
192;SANDALIA KIDY FLY BABY;1921069;SANDALIA KIDY FLY BABY ROSA;1.713 
192;SANDALIA KIDY FLY BABY;1921070;SANDALIA KIDY FLY BABY BRANCO;168 
192;SANDALIA KIDY FLY BABY;1921070;SANDALIA KIDY FLY BABY MARFIM;1.319 
192;SANDALIA KIDY FLY BABY;1921070;SANDALIA KIDY FLY BABY NUDE;1.596 
192;SANDALIA KIDY FLY BABY;1921070;SANDALIA KIDY FLY BABY OURO;2.202 
192;SANDALIA KIDY FLY BABY;1921070;SANDALIA KIDY FLY BABY OURO/MARFIM;201 
192;SANDALIA KIDY FLY BABY;1921070;SANDALIA KIDY FLY BABY PRATA;30 
192;SANDALIA KIDY FLY BABY;1921070;SANDALIA KIDY FLY BABY PRETO;123 
192;SANDALIA KIDY FLY BABY;1921070;SANDALIA KIDY FLY BABY ROSA;24 
192;SANDALIA KIDY FLY BABY;1921073;SANDALIA KIDY FLY BABY BRANCO;1.803 
192;SANDALIA KIDY FLY BABY;1921073;SANDALIA KIDY FLY BABY MARINHO;714 
192;SANDALIA KIDY FLY BABY;1921073;SANDALIA KIDY FLY BABY NUDE;4.157 
192;SANDALIA KIDY FLY BABY;1921073;SANDALIA KIDY FLY BABY PRETO;729 
192;SANDALIA KIDY FLY BABY;1921074;SANDALIA KIDY FLY BABY BRANCO;18 
192;SANDALIA KIDY FLY BABY;1921074;SANDALIA KIDY FLY BABY LILAS;57 
192;SANDALIA KIDY FLY BABY;1921074;SANDALIA KIDY FLY BABY NUDE;111 
192;SANDALIA KIDY FLY BABY;1921074;SANDALIA KIDY FLY BABY PINK;18 
192;SANDALIA KIDY FLY BABY;1921076;SANDALIA KIDY FLY BABY BRANCO;9 
192;SANDALIA KIDY FLY BABY;1921076;SANDALIA KIDY FLY BABY LILAS;18 
192;SANDALIA KIDY FLY BABY;1921076;SANDALIA KIDY FLY BABY MARFIM;90 
192;SANDALIA KIDY FLY BABY;1921076;SANDALIA KIDY FLY BABY OURO;21 
192;SANDALIA KIDY FLY BABY;1921076;SANDALIA KIDY FLY BABY ROSA;231 
192;SANDALIA KIDY FLY BABY;1921077;SANDALIA KIDY FLY BABY BRANCO;33 
192;SANDALIA KIDY FLY BABY;1921077;SANDALIA KIDY FLY BABY LILAS;75 
192;SANDALIA KIDY FLY BABY;1921077;SANDALIA KIDY FLY BABY MARFIM;18 
192;SANDALIA KIDY FLY BABY;1921077;SANDALIA KIDY FLY BABY NUDE;102 
192;SANDALIA KIDY FLY BABY;1921077;SANDALIA KIDY FLY BABY OURO;60 
192;SANDALIA KIDY FLY BABY;1921078;SANDALIA KIDY FLY BABY BRANCO;12 
192;SANDALIA KIDY FLY BABY;1921078;SANDALIA KIDY FLY BABY MARFIM;468 
192;SANDALIA KIDY FLY BABY;1921078;SANDALIA KIDY FLY BABY NUDE;132 
192;SANDALIA KIDY FLY BABY;1921078;SANDALIA KIDY FLY BABY PRETO;30 
192;SANDALIA KIDY FLY BABY;1921079;SANDALIA KIDY FLY BABY BRANCO;960 
192;SANDALIA KIDY FLY BABY;1921079;SANDALIA KIDY FLY BABY LILAS;54 
192;SANDALIA KIDY FLY BABY;1921079;SANDALIA KIDY FLY BABY MARFIM;372 
192;SANDALIA KIDY FLY BABY;1921079;SANDALIA KIDY FLY BABY PRETO;36 
192;SANDALIA KIDY FLY BABY;1921079;SANDALIA KIDY FLY BABY ROSA;672 
192;SANDALIA KIDY FLY BABY;1921080;SANDALIA KIDY FLY BABY LILAS;63 
192;SANDALIA KIDY FLY BABY;1921080;SANDALIA KIDY FLY BABY MARFIM;207 
192;SANDALIA KIDY FLY BABY;1921080;SANDALIA KIDY FLY BABY NUDE;144 
192;SANDALIA KIDY FLY BABY;1921080;SANDALIA KIDY FLY BABY OURO;48 
192;SANDALIA KIDY FLY BABY;1923000;PAPETE KIDY FREE STYLE BABY OURO S.S.;87 
195;BABUCHE AQUARELA BABY MENINA;1950014;BABUCHE AQUARELA BABY MENINA PRETO/VERDE;12 
195;BABUCHE AQUARELA BABY MENINA;1950028;BABUCHE AQUARELA BABY MENINA PRETO;12 
195;BABUCHE AQUARELA BABY MENINA;1950029;BABUCHE AQUARELA BABY MENINA PRETO;12 
195;BABUCHE AQUARELA BABY MENINA;1950032;BABUCHE AQUARELA BB MNA ROSA/PINK (C/ 4 PASTILHAS REPELENTES);12 
196;BABUCHE AQUARELA BABY MENINO;1960039;BABUCHE AQUARELA BB MENINO AZ.STONE/AZ.ROYAL;36 
196;BABUCHE AQUARELA BABY MENINO;1960051;BABUCHE AQUARELA BB MENINO PRETO;12 
197;BABUCHE AQUARELA KIDS MENINA;1970013;BABUCHE AQUARELA KIDS MENINA PRETO/PINK;12 
198;BABUCHE AQUARELA KIDS MENIN0;1980014;BABUCHE AQUARELA KIDS MENINO PRETO/VERDE;36 
312;BOTA KIDY FOLK;3120007;BOTA KIDY FOLK PRETO;12 
312;BOTA KIDY FOLK;3120008;BOTA KIDY FOLK BEGE;18 
312;BOTA KIDY FOLK;3120008;BOTA KIDY FOLK CAMEL;93 
312;BOTA KIDY FOLK;3120008;BOTA KIDY FOLK CARAMELO;1.461 
312;BOTA KIDY FOLK;3120008;BOTA KIDY FOLK PRETO;111 
312;BOTA KIDY FOLK;3120010;BOTA KIDY FOLK BEGE;1.379 
312;BOTA KIDY FOLK;3120010;BOTA KIDY FOLK CARAMELO;614 
312;BOTA KIDY FOLK;3120010;BOTA KIDY FOLK PRETO;285 
312;BOTA KIDY FOLK;3120011;BOTA KIDY FOLK CANELA;75 
312;BOTA KIDY FOLK;3120011;BOTA KIDY FOLK MARROM;15 
312;BOTA KIDY FOLK;3120011;BOTA KIDY FOLK PRETO;57 
312;BOTA KIDY FOLK;3120013;BOTA KIDY FOLK BEGE;411 
312;BOTA KIDY FOLK;3120013;BOTA KIDY FOLK CANELA;525 
312;BOTA KIDY FOLK;3120013;BOTA KIDY FOLK PRATA;443 
312;BOTA KIDY FOLK;3120013;BOTA KIDY FOLK PRETO;4.641 
312;BOTA KIDY FOLK;3120014;BOTA KIDY FOLK CAMEL;192 
312;BOTA KIDY FOLK;3120014;BOTA KIDY FOLK CARAMELO;45 
312;BOTA KIDY FOLK;3120014;BOTA KIDY FOLK PRETO;90 
313;TÊNIS KIDY HAPPY;3130002;TÊNIS KIDY HAPPY BRANCO;12 
313;TÊNIS KIDY HAPPY;3130002;TÊNIS KIDY HAPPY NUDE;228 
313;TÊNIS KIDY HAPPY;3130003;TÊNIS KIDY HAPPY ROUGE;12 
313;TÊNIS KIDY HAPPY;3130004;TÊNIS KIDY HAPPY JEANS;12 
313;TÊNIS KIDY HAPPY;3130005;TÊNIS KIDY HAPPY MARFIM;12 
313;TÊNIS KIDY HAPPY;3130006;TÊNIS KIDY HAPPY JEANS;12 
313;TÊNIS KIDY HAPPY;3130007;TÊNIS KIDY HAPPY NUDE;12 
313;TÊNIS KIDY HAPPY;3130008;TÊNIS KIDY HAPPY BRANCO/COLORIDO;12 
313;TÊNIS KIDY HAPPY;3130008;TÊNIS KIDY HAPPY PRETO;12 
313;TÊNIS KIDY HAPPY;3130010;TÊNIS KIDY HAPPY BRANCO/ROSA;12 
313;TÊNIS KIDY HAPPY;3130011;TÊNIS KIDY HAPPY PRATA;12 
313;TÊNIS KIDY HAPPY;3130011;TÊNIS KIDY HAPPY ROSA;12 
313;TÊNIS KIDY HAPPY;3130012;TÊNIS KIDY HAPPY PRETO;12 
313;TÊNIS KIDY HAPPY;3130013;TÊNIS KIDY HAPPY PRETO;12 
313;TÊNIS KIDY HAPPY;3130016;TÊNIS KIDY HAPPY BRANCO;12 
313;TÊNIS KIDY HAPPY;3130017;TÊNIS KIDY HAPPY PINK NEON;42 
313;TÊNIS KIDY HAPPY;3130020;TÊNIS KIDY HAPPY LILAS/PINK;5.290 
313;TÊNIS KIDY HAPPY;3130020;TÊNIS KIDY HAPPY MARFIM;828 
313;TÊNIS KIDY HAPPY;3130020;TÊNIS KIDY HAPPY NUDE;432 
313;TÊNIS KIDY HAPPY;3130020;TÊNIS KIDY HAPPY PINK/BRANCO;81 
313;TÊNIS KIDY HAPPY;3130020;TÊNIS KIDY HAPPY PRETO;408 
313;TÊNIS KIDY HAPPY;3130020;TÊNIS KIDY HAPPY ROSA/BRANCO;702 
313;TÊNIS KIDY HAPPY;3130021;TENIS KIDY HAPPY ROSA;12 
313;TÊNIS KIDY HAPPY;3130021;TÊNIS KIDY HAPPY BRANCO;204 
313;TÊNIS KIDY HAPPY;3130021;TÊNIS KIDY HAPPY OURO;840 
313;TÊNIS KIDY HAPPY;3130021;TÊNIS KIDY HAPPY PRATA;126 
313;TÊNIS KIDY HAPPY;3130021;TÊNIS KIDY HAPPY PRETO;212 
313;TÊNIS KIDY HAPPY;3130022;TÊNIS KIDY HAPPY BRANCO;84 
313;TÊNIS KIDY HAPPY;3130022;TÊNIS KIDY HAPPY NUDE;542 
313;TÊNIS KIDY HAPPY;3130022;TÊNIS KIDY HAPPY OURO;69 
313;TÊNIS KIDY HAPPY;3130022;TÊNIS KIDY HAPPY PRATA;222 
313;TÊNIS KIDY HAPPY;3130022;TÊNIS KIDY HAPPY PRETO;72 
313;TÊNIS KIDY HAPPY;3130025;TÊNIS KIDY HAPPY ANIS;270 
313;TÊNIS KIDY HAPPY;3130025;TÊNIS KIDY HAPPY BRANCO;2.976 
313;TÊNIS KIDY HAPPY;3130025;TÊNIS KIDY HAPPY NUDE;3.276 
313;TÊNIS KIDY HAPPY;3130025;TÊNIS KIDY HAPPY OURO;1.910 
313;TÊNIS KIDY HAPPY;3130025;TÊNIS KIDY HAPPY PRATA;116 
313;TÊNIS KIDY HAPPY;3130026;TÊNIS KIDY HAPPY BRANCO/ROSA;69 
313;TÊNIS KIDY HAPPY;3130026;TÊNIS KIDY HAPPY MARFIM;1.698 
313;TÊNIS KIDY HAPPY;3130026;TÊNIS KIDY HAPPY NUDE;255 
313;TÊNIS KIDY HAPPY;3130026;TÊNIS KIDY HAPPY OURO;42 
313;TÊNIS KIDY HAPPY;3130026;TÊNIS KIDY HAPPY PRETO;159 
313;TÊNIS KIDY HAPPY;3130027;TÊNIS KIDY HAPPY JEANS;204 
313;TÊNIS KIDY HAPPY;3130027;TÊNIS KIDY HAPPY NUDE;78 
313;TÊNIS KIDY HAPPY;3130027;TÊNIS KIDY HAPPY PRETO;624 
313;TÊNIS KIDY HAPPY;3130027;TÊNIS KIDY HAPPY ROSA;339 
313;TÊNIS KIDY HAPPY;3130028;TÊNIS KIDY HAPPY BRANCO;2.421 
313;TÊNIS KIDY HAPPY;3130028;TÊNIS KIDY HAPPY NUDE;900 
313;TÊNIS KIDY HAPPY;3130028;TÊNIS KIDY HAPPY OURO;405 
313;TÊNIS KIDY HAPPY;3130028;TÊNIS KIDY HAPPY PRETO;165 
313;TÊNIS KIDY HAPPY;3130029;TÊNIS KIDY HAPPY BRANCO/PRATA;378 
313;TÊNIS KIDY HAPPY;3130029;TÊNIS KIDY HAPPY MARFIM/OURO;201 
313;TÊNIS KIDY HAPPY;3130029;TÊNIS KIDY HAPPY NUDE/PRATA;125 
313;TÊNIS KIDY HAPPY;3130029;TÊNIS KIDY HAPPY ROSA/PRATA;69 
313;TÊNIS KIDY HAPPY;3130030;TÊNIS KIDY HAPPY BRANCO/PRATA;402 
313;TÊNIS KIDY HAPPY;3130030;TÊNIS KIDY HAPPY MARFIM/OURO;789 
313;TÊNIS KIDY HAPPY;3130030;TÊNIS KIDY HAPPY NUDE;2.641 
313;TÊNIS KIDY HAPPY;3130030;TÊNIS KIDY HAPPY OURO;1.944 
313;TÊNIS KIDY HAPPY;3130030;TÊNIS KIDY HAPPY PRATA;221 
313;TÊNIS KIDY HAPPY;3130031;TÊNIS KIDY HAPPY BRANCO;54 
313;TÊNIS KIDY HAPPY;3130031;TÊNIS KIDY HAPPY MARFIM;51 
313;TÊNIS KIDY HAPPY;3130031;TÊNIS KIDY HAPPY NUDE;629 
313;TÊNIS KIDY HAPPY;3130032;TÊNIS KIDY HAPPY BEGE/OURO;528 
313;TÊNIS KIDY HAPPY;3130032;TÊNIS KIDY HAPPY BRANCO;1.128 
313;TÊNIS KIDY HAPPY;3130032;TÊNIS KIDY HAPPY LILAS/BRANCO;1.521 
313;TÊNIS KIDY HAPPY;3130032;TÊNIS KIDY HAPPY NUDE;804 
313;TÊNIS KIDY HAPPY;3130032;TÊNIS KIDY HAPPY PRETO/BRANCO;27 
313;TÊNIS KIDY HAPPY;3130032;TÊNIS KIDY HAPPY ROSA;102 
313;TÊNIS KIDY HAPPY;3130033;TÊNIS KIDY HAPPY BRANCO/ROSA;6 
313;TÊNIS KIDY HAPPY;3130033;TÊNIS KIDY HAPPY LILAS;30 
313;TÊNIS KIDY HAPPY;3130033;TÊNIS KIDY HAPPY NUDE;21 
313;TÊNIS KIDY HAPPY;3130033;TÊNIS KIDY HAPPY PESSEGO;6 
313;TÊNIS KIDY HAPPY;3130033;TÊNIS KIDY HAPPY ROSA;318 
313;TÊNIS KIDY HAPPY;3130034;TÊNIS KIDY HAPPY BEGE/OURO;111 
313;TÊNIS KIDY HAPPY;3130034;TÊNIS KIDY HAPPY BRANCO;228 
313;TÊNIS KIDY HAPPY;3130034;TÊNIS KIDY HAPPY NUDE;66 
313;TÊNIS KIDY HAPPY;3130035;TÊNIS KIDY HAPPY BEGE/OURO;897 
313;TÊNIS KIDY HAPPY;3130035;TÊNIS KIDY HAPPY BRANCO/COLORIDO;8.110 
313;TÊNIS KIDY HAPPY;3130035;TÊNIS KIDY HAPPY NUDE;1.914 
313;TÊNIS KIDY HAPPY;3130036;TÊNIS KIDY HAPPY BRANCO/NUDE;900 
313;TÊNIS KIDY HAPPY;3130036;TÊNIS KIDY HAPPY NUDE;246 
313;TÊNIS KIDY HAPPY;3130036;TÊNIS KIDY HAPPY OURO;1.496 
313;TÊNIS KIDY HAPPY;3130037;TÊNIS KIDY HAPPY JEANS/PRATA;27 
313;TÊNIS KIDY HAPPY;3130037;TÊNIS KIDY HAPPY NUDE;3.192 
313;TÊNIS KIDY HAPPY;3130037;TÊNIS KIDY HAPPY OURO;231 
313;TÊNIS KIDY HAPPY;3130037;TÊNIS KIDY HAPPY PRETO;630 
313;TÊNIS KIDY HAPPY;3130038;TÊNIS KIDY HAPPY BRANCO/OURO;336 
313;TÊNIS KIDY HAPPY;3130038;TÊNIS KIDY HAPPY BRANCO/PRATA;36 
313;TÊNIS KIDY HAPPY;3130038;TÊNIS KIDY HAPPY MARFIM/DOURADO;198 
313;TÊNIS KIDY HAPPY;3130038;TÊNIS KIDY HAPPY NUDE;129 
313;TÊNIS KIDY HAPPY;3130038;TÊNIS KIDY HAPPY PRETO/PINK;231 
313;TÊNIS KIDY HAPPY;3130040;TÊNIS KIDY HAPPY BRANCO/PINK;72 
313;TÊNIS KIDY HAPPY;3130040;TÊNIS KIDY HAPPY MARFIM/OURO;276 
313;TÊNIS KIDY HAPPY;3130040;TÊNIS KIDY HAPPY NUDE;237 
313;TÊNIS KIDY HAPPY;3130040;TÊNIS KIDY HAPPY PRETO/PINK;1.671 
313;TÊNIS KIDY HAPPY;3130041;TÊNIS KIDY HAPPY BRANCO/PRATA;348 
313;TÊNIS KIDY HAPPY;3130041;TÊNIS KIDY HAPPY MARFIM/OURO;1.375 
313;TÊNIS KIDY HAPPY;3130041;TÊNIS KIDY HAPPY NUDE;3.166 
313;TÊNIS KIDY HAPPY;3130041;TÊNIS KIDY HAPPY OURO;510 
313;TÊNIS KIDY HAPPY;3130041;TÊNIS KIDY HAPPY PRATA;123 
313;TÊNIS KIDY HAPPY;3130042;TÊNIS KIDY HAPPY BRANCO/OURO;1.426 
313;TÊNIS KIDY HAPPY;3130042;TÊNIS KIDY HAPPY NUDE;1.041 
313;TÊNIS KIDY HAPPY;3130042;TÊNIS KIDY HAPPY PRETO/PINK;1.171 
313;TÊNIS KIDY HAPPY;3130043;TÊNIS KIDY HAPPY PRETO/ONÇA;338 
313;TÊNIS KIDY HAPPY;3130044;TÊNIS KIDY HAPPY JEANS/NUDE;120 
313;TÊNIS KIDY HAPPY;3130044;TÊNIS KIDY HAPPY PRATA/AZUL JEANS;392 
313;TÊNIS KIDY HAPPY;3130045;TÊNIS KIDY HAPPY ANIS/NUDE;69 
313;TÊNIS KIDY HAPPY;3130045;TÊNIS KIDY HAPPY BRANCO/NUDE;501 
313;TÊNIS KIDY HAPPY;3130045;TÊNIS KIDY HAPPY LILAS/NUDE;45 
313;TÊNIS KIDY HAPPY;3130045;TÊNIS KIDY HAPPY NUDE/GLITER;1.917 
313;TÊNIS KIDY HAPPY;3130046;TÊNIS KIDY HAPPY BRANCO/NUDE;36 
313;TÊNIS KIDY HAPPY;3130046;TÊNIS KIDY HAPPY MARFIM;201 
313;TÊNIS KIDY HAPPY;3130046;TÊNIS KIDY HAPPY ROSA;63 
313;TÊNIS KIDY HAPPY;3130047;TÊNIS KIDY HAPPY ANIS;12 
313;TÊNIS KIDY HAPPY;3130047;TÊNIS KIDY HAPPY BRANCO;36 
313;TÊNIS KIDY HAPPY;3130047;TÊNIS KIDY HAPPY MARFIM;48 
313;TÊNIS KIDY HAPPY;3130047;TÊNIS KIDY HAPPY NUDE;99 
313;TÊNIS KIDY HAPPY;3130048;TÊNIS KIDY HAPPY BRANCO/PRATA;531 
313;TÊNIS KIDY HAPPY;3130048;TÊNIS KIDY HAPPY MARFIM/OURO;132 
313;TÊNIS KIDY HAPPY;3130048;TÊNIS KIDY HAPPY ROSA;36 
313;TÊNIS KIDY HAPPY;3130049;TÊNIS KIDY HAPPY BRANCO/COLORIDO;12 
313;TÊNIS KIDY HAPPY;3130049;TÊNIS KIDY HAPPY BRANCO/NUDE;93 
313;TÊNIS KIDY HAPPY;3130049;TÊNIS KIDY HAPPY MARFIM/OURO;18 
313;TÊNIS KIDY HAPPY;3130049;TÊNIS KIDY HAPPY NUDE;12 
313;TÊNIS KIDY HAPPY;3131007;TÊNIS KIDY HAPPY BRANCO/COLORIDO;2.343 
313;TÊNIS KIDY HAPPY;3131007;TÊNIS KIDY HAPPY CAFE/LARANJA;345 
313;TÊNIS KIDY HAPPY;3131007;TÊNIS KIDY HAPPY GRAFITE/AZUL ROYAL;30 
313;TÊNIS KIDY HAPPY;3131007;TÊNIS KIDY HAPPY GRAFITE/CINZA/LARANJA;2.414 
313;TÊNIS KIDY HAPPY;3131007;TÊNIS KIDY HAPPY MARINHO/BRANCO;807 
313;TÊNIS KIDY HAPPY;3131010;TÊNIS KIDY HAPPY JEANS;12 
313;TÊNIS KIDY HAPPY;3131011;TÊNIS KIDY HAPPY BRANCO/CINZA/MARINHO;12 
313;TÊNIS KIDY HAPPY;3131011;TÊNIS KIDY HAPPY CINZA/BRANCO/ROYAL;6 
313;TÊNIS KIDY HAPPY;3131011;TÊNIS KIDY HAPPY MARINHO;156 
313;TÊNIS KIDY HAPPY;3131021;TÊNIS KIDY HAPPY CINZA/AZUL ROYAL/LARANJA;54 
313;TÊNIS KIDY HAPPY;3131021;TÊNIS KIDY HAPPY MARINHO/GELO/LARANJA;987 
313;TÊNIS KIDY HAPPY;3131021;TÊNIS KIDY HAPPY MARINHO/GELO/VERMELHO;48 
313;TÊNIS KIDY HAPPY;3131021;TÊNIS KIDY HAPPY MARROM/LARANJA;294 
313;TÊNIS KIDY HAPPY;3131021;TÊNIS KIDY HAPPY PRETO;165 
313;TÊNIS KIDY HAPPY;3131023;TENIS KIDY HAPPY PRETO;141 
313;TÊNIS KIDY HAPPY;3131023;TÊNIS KIDY HAPPY BRANCO;579 
313;TÊNIS KIDY HAPPY;3131023;TÊNIS KIDY HAPPY CAFE;240 
313;TÊNIS KIDY HAPPY;3131023;TÊNIS KIDY HAPPY CINZA/VERDE/PRETO;164 
313;TÊNIS KIDY HAPPY;3131023;TÊNIS KIDY HAPPY MARINHO;582 
313;TÊNIS KIDY HAPPY;3131023;TÊNIS KIDY HAPPY MARINHO/AZUL BB/VERMELHO;258 
313;TÊNIS KIDY HAPPY;3131024;TÊNIS KIDY HAPPY BRANCO/CINZA;150 
313;TÊNIS KIDY HAPPY;3131024;TÊNIS KIDY HAPPY BRANCO/CREPE;21 
313;TÊNIS KIDY HAPPY;3131024;TÊNIS KIDY HAPPY CARAMELO;914 
313;TÊNIS KIDY HAPPY;3131024;TÊNIS KIDY HAPPY MNO BRANCO;719 
313;TÊNIS KIDY HAPPY;3131024;TÊNIS KIDY HAPPY MNO BRANCO/PRETO/VERMELHO;1.785 
313;TÊNIS KIDY HAPPY;3131024;TÊNIS KIDY HAPPY MNO GRAFITE/VERDE/CINZA;1.958 
313;TÊNIS KIDY HAPPY;3131024;TÊNIS KIDY HAPPY MNO MARINHO;828 
313;TÊNIS KIDY HAPPY;3131024;TÊNIS KIDY HAPPY MNO MARINHO/BRANCO;776 
313;TÊNIS KIDY HAPPY;3131024;TÊNIS KIDY HAPPY MNO MARROM/CASTANHO;660 
313;TÊNIS KIDY HAPPY;3131024;TÊNIS KIDY HAPPY MNO PRETO;492 
313;TÊNIS KIDY HAPPY;3131024;TÊNIS KIDY HAPPY PRETO/BRANCO;735 
313;TÊNIS KIDY HAPPY;3131024;TÊNIS KIDY HAPPY PRETO/GRAFITE/VERDE;30 
313;TÊNIS KIDY HAPPY;3131025;TÊNIS KIDY HAPPY MARINHO/VERMELHO;210 
313;TÊNIS KIDY HAPPY;3131025;TÊNIS KIDY HAPPY PRETO/VERMELHO;129 
313;TÊNIS KIDY HAPPY;3131026;TÊNIS KIDY HAPPY MARINHO/LARANJA;561 
313;TÊNIS KIDY HAPPY;3131026;TÊNIS KIDY HAPPY MARROM/VERDE PANTONE;54 
313;TÊNIS KIDY HAPPY;3131026;TÊNIS KIDY HAPPY PRETO/VERDE;201 
313;TÊNIS KIDY HAPPY;3131027;TÊNIS KIDY HAPPY BRANCO/TAUPE;1.371 
313;TÊNIS KIDY HAPPY;3131027;TÊNIS KIDY HAPPY MARINHO;1.632 
313;TÊNIS KIDY HAPPY;3131027;TÊNIS KIDY HAPPY MARINHO/CINZA;324 
313;TÊNIS KIDY HAPPY;3131027;TÊNIS KIDY HAPPY PRETO/BRANCO;600 
313;TÊNIS KIDY HAPPY;3131027;TÊNIS KIDY HAPPY PRETO/GRAFITE;132 
313;TÊNIS KIDY HAPPY;3131028;TÊNIS KIDY HAPPY BRANCO/VERDE;746 
313;TÊNIS KIDY HAPPY;3131028;TÊNIS KIDY HAPPY MARINHO;979 
313;TÊNIS KIDY HAPPY;3131028;TÊNIS KIDY HAPPY NATURAL;443 
313;TÊNIS KIDY HAPPY;3131028;TÊNIS KIDY HAPPY PRETO/CREPE;324 
313;TÊNIS KIDY HAPPY;3131029;TÊNIS KIDY HAPPY BRANCO/AZUL ROYAL;102 
313;TÊNIS KIDY HAPPY;3131029;TÊNIS KIDY HAPPY CINZA/MARINHO;4.601 
313;TÊNIS KIDY HAPPY;3131029;TÊNIS KIDY HAPPY MARINHO/CARAMELO;165 
313;TÊNIS KIDY HAPPY;3131029;TÊNIS KIDY HAPPY PRETO;1.053 
313;TÊNIS KIDY HAPPY;3131030;TÊNIS KIDY HAPPY AZUL/VERDE;96 
313;TÊNIS KIDY HAPPY;3131030;TÊNIS KIDY HAPPY CINZA/GRAFITE;9 
313;TÊNIS KIDY HAPPY;3131030;TÊNIS KIDY HAPPY MARINHO;102 
313;TÊNIS KIDY HAPPY;3131030;TÊNIS KIDY HAPPY PRETO;120 
313;TÊNIS KIDY HAPPY;3131031;TÊNIS KIDY HAPPY BRANCO/AZUL ROYAL;63 
313;TÊNIS KIDY HAPPY;3131031;TÊNIS KIDY HAPPY MARINHO;177 
313;TÊNIS KIDY HAPPY;3131031;TÊNIS KIDY HAPPY NATURAL;24 
313;TÊNIS KIDY HAPPY;3131031;TÊNIS KIDY HAPPY PRETO;261 
313;TÊNIS KIDY HAPPY;3131032;TÊNIS KIDY HAPPY BRANCO/AZUL ROYAL;834 
313;TÊNIS KIDY HAPPY;3131032;TÊNIS KIDY HAPPY MARINHO;1.692 
313;TÊNIS KIDY HAPPY;3131032;TÊNIS KIDY HAPPY PRETO;1.203 
313;TÊNIS KIDY HAPPY;3131033;TÊNIS KIDY HAPPY AZUL/MARINHO/BRANCO;24 
313;TÊNIS KIDY HAPPY;3131033;TÊNIS KIDY HAPPY BRANCO/CINZA/MARINHO;24 
313;TÊNIS KIDY HAPPY;3131033;TÊNIS KIDY HAPPY BRANCO/MARINHO/VERMELHO;18 
313;TÊNIS KIDY HAPPY;3131033;TÊNIS KIDY HAPPY BRANCO/ROYAL;605 
313;TÊNIS KIDY HAPPY;3131033;TÊNIS KIDY HAPPY MARINHO;2.265 
313;TÊNIS KIDY HAPPY;3131033;TÊNIS KIDY HAPPY MARINHO/BRANCO;30 
313;TÊNIS KIDY HAPPY;3131033;TÊNIS KIDY HAPPY MARROM/PRETO/BEGE;33 
313;TÊNIS KIDY HAPPY;3131033;TÊNIS KIDY HAPPY PRETO/BRANCO;6.976 
313;TÊNIS KIDY HAPPY;3131033;TÊNIS KIDY HAPPY PRETO/TAUPE;87 
313;TÊNIS KIDY HAPPY;3131034;TÊNIS KIDY HAPPY BRANCO/MARINHO/VERDE;723 
313;TÊNIS KIDY HAPPY;3131034;TÊNIS KIDY HAPPY GRAFITE/CINZA/AZUL ROYAL;228 
313;TÊNIS KIDY HAPPY;3131034;TÊNIS KIDY HAPPY MARINHO;402 
313;TÊNIS KIDY HAPPY;3131034;TÊNIS KIDY HAPPY PRETO;294 
313;TÊNIS KIDY HAPPY;3131034;TÊNIS KIDY HAPPY VERDE MILITAR/BEGE;897 
313;TÊNIS KIDY HAPPY;3131035;TÊNIS KIDY HAPPY AZUL ROYAL;6 
313;TÊNIS KIDY HAPPY;3131035;TÊNIS KIDY HAPPY BRANCO/MARINHO/VERDE;129 
313;TÊNIS KIDY HAPPY;3131035;TÊNIS KIDY HAPPY MARINHO;2.421 
313;TÊNIS KIDY HAPPY;3131035;TÊNIS KIDY HAPPY NATURAL;174 
313;TÊNIS KIDY HAPPY;3131035;TÊNIS KIDY HAPPY PRETO;2.265 
313;TÊNIS KIDY HAPPY;3131036;TÊNIS KIDY HAPPY AZUL ROYAL/BRANCO;6 
313;TÊNIS KIDY HAPPY;3131036;TÊNIS KIDY HAPPY BRANCO/MARINHO;218 
313;TÊNIS KIDY HAPPY;3131036;TÊNIS KIDY HAPPY MARINHO;342 
313;TÊNIS KIDY HAPPY;3131036;TÊNIS KIDY HAPPY NATURAL/VERDE MILITAR;1.020 
313;TÊNIS KIDY HAPPY;3131036;TÊNIS KIDY HAPPY PRETO/GRAFITE;2.602 
313;TÊNIS KIDY HAPPY;3131037;TÊNIS KIDY HAPPY CINZA/MARINHO/VERMELHO;1.191 
313;TÊNIS KIDY HAPPY;3131037;TÊNIS KIDY HAPPY GRAFITE/PRETO/CAMEL;39 
313;TÊNIS KIDY HAPPY;3131037;TÊNIS KIDY HAPPY MARINHO/CARAMELO;513 
313;TÊNIS KIDY HAPPY;3131037;TÊNIS KIDY HAPPY PRETO/BRANCO/VERMELHO;449 
313;TÊNIS KIDY HAPPY;3131038;TÊNIS KIDY HAPPY CANELA;599 
313;TÊNIS KIDY HAPPY;3131038;TÊNIS KIDY HAPPY CARAMELO;832 
313;TÊNIS KIDY HAPPY;3131038;TÊNIS KIDY HAPPY MARINHO/GRAFITE;18 
313;TÊNIS KIDY HAPPY;3131038;TÊNIS KIDY HAPPY NATURAL/VERDE MILITAR;1.446 
313;TÊNIS KIDY HAPPY;3131038;TÊNIS KIDY HAPPY PRETO/CARAMELO;408 
313;TÊNIS KIDY HAPPY;3131039;TÊNIS KIDY HAPPY CANELA;126 
313;TÊNIS KIDY HAPPY;3131039;TÊNIS KIDY HAPPY CARAMELO;4.058 
313;TÊNIS KIDY HAPPY;3131039;TÊNIS KIDY HAPPY MARINHO/CINZA;150 
313;TÊNIS KIDY HAPPY;3131039;TÊNIS KIDY HAPPY NATURAL/CARAMELO;2.329 
313;TÊNIS KIDY HAPPY;3131039;TÊNIS KIDY HAPPY PRETO/CARAMELO;273 
313;TÊNIS KIDY HAPPY;3131040;TÊNIS KIDY HAPPY BEGE/PRETO;2.248 
313;TÊNIS KIDY HAPPY;3131040;TÊNIS KIDY HAPPY CINZA/AZUL ROYAL;83 
313;TÊNIS KIDY HAPPY;3131040;TÊNIS KIDY HAPPY MARINHO/BRANCO;473 
313;TÊNIS KIDY HAPPY;3131040;TÊNIS KIDY HAPPY PRETO/CARAMELO;645 
313;TÊNIS KIDY HAPPY;3131041;TÊNIS KIDY HAPPY GRAFITE/MARINHO;1.945 
313;TÊNIS KIDY HAPPY;3131041;TÊNIS KIDY HAPPY MARINHO;642 
313;TÊNIS KIDY HAPPY;3131041;TÊNIS KIDY HAPPY PRETO;828 
313;TÊNIS KIDY HAPPY;3131042;TÊNIS KIDY HAPPY CANELA;39 
313;TÊNIS KIDY HAPPY;3131042;TÊNIS KIDY HAPPY CARAMELO;915 
313;TÊNIS KIDY HAPPY;3131042;TÊNIS KIDY HAPPY MARINHO;33 
313;TÊNIS KIDY HAPPY;3131042;TÊNIS KIDY HAPPY NATURAL;219 
313;TÊNIS KIDY HAPPY;3131042;TÊNIS KIDY HAPPY PRETO;45 
313;TÊNIS KIDY HAPPY;3131043;TÊNIS KIDY HAPPY BRANCO/CINZA/MARINHO;69 
313;TÊNIS KIDY HAPPY;3131043;TÊNIS KIDY HAPPY MARINHO/AZUL ROYAL;12 
313;TÊNIS KIDY HAPPY;3131043;TÊNIS KIDY HAPPY PRETO/BRANCO;45 
313;TÊNIS KIDY HAPPY;3131043;TÊNIS KIDY HAPPY TAUPE/CARAMELO;306 
313;TÊNIS KIDY HAPPY;3131044;TÊNIS KIDY HAPPY MARINHO/BRANCO;12 
313;TÊNIS KIDY HAPPY;3131044;TÊNIS KIDY HAPPY NATURAL/MARINHO;84 
313;TÊNIS KIDY HAPPY;3131044;TÊNIS KIDY HAPPY PRETO/BRANCO;36 
313;TÊNIS KIDY HAPPY;3131044;TÊNIS KIDY HAPPY TAUPE/CARAMELO;6 
313;TÊNIS KIDY HAPPY;3131045;TÊNIS KIDY HAPPY BRANCO/CINZA/MARINHO;24 
313;TÊNIS KIDY HAPPY;3131045;TÊNIS KIDY HAPPY MARINHO/AZUL ROYAL;321 
313;TÊNIS KIDY HAPPY;3131045;TÊNIS KIDY HAPPY PRETO/BRANCO;264 
313;TÊNIS KIDY HAPPY;3131045;TÊNIS KIDY HAPPY TAUPE/MARINHO;447 
313;TÊNIS KIDY HAPPY;3137009;TÊNIS KIDY HAPPY PRETO/BRANCO/VERMELHO;36 
314;SANDÁLIA KIDY GLAM;3140001;SANDALIA KIDY GLAM PRATA;36 
314;SANDÁLIA KIDY GLAM;3140002;SANDALIA KIDY GLAM BRANCO/JEANS;84 
314;SANDÁLIA KIDY GLAM;3140003;SANDALIA KIDY GLAM BRANCO/PRETO/OURO;12 
314;SANDÁLIA KIDY GLAM;3140003;SANDALIA KIDY GLAM PÉROLA;84 
315;SAPATILHA COLEGIAL;3150001;SAPATILHA COLEGIAL PRETA;15 
319;TÊNIS K360 RODINHA;3190001;TÊNIS RODINHA PRETO/LARANJA NEON;120 
319;TÊNIS K360 RODINHA;3190001;TÊNIS RODINHA PRETO/VERMELHO;96 
319;TÊNIS K360 RODINHA;3190005;TÊNIS RODINHA AZUL/AMARELO NEON;12 
319;TÊNIS K360 RODINHA;3190005;TÊNIS RODINHA MARINHO/LARANJA NEON;120 
319;TÊNIS K360 RODINHA;3190006;TÊNIS RODINHA PRETO/LARANJA NEON;12 
319;TÊNIS K360 RODINHA;3190006;TÊNIS RODINHA PRETO/PRETO;12 
319;TÊNIS K360 RODINHA;3190007;TÊNIS RODINHA BRANCO/CINZA;66 
319;TÊNIS K360 RODINHA;3190007;TÊNIS RODINHA MARINHO;90 
319;TÊNIS K360 RODINHA;3190007;TÊNIS RODINHA PRETO/BRANCO;230 
319;TÊNIS K360 RODINHA;3190007;TÊNIS RODINHA PRETO/CREPE;98 
319;TÊNIS K360 RODINHA;3190008;TÊNIS RODINHA BRANCO/CINZA;264 
319;TÊNIS K360 RODINHA;3190008;TÊNIS RODINHA MARINHO;324 
319;TÊNIS K360 RODINHA;3190008;TÊNIS RODINHA PRETO;425 
319;TÊNIS K360 RODINHA;3190008;TÊNIS RODINHA PRETO/BRANCO;932 
319;TÊNIS K360 RODINHA;3191001;TÊNIS RODINHA PRETO/PINK;42 
319;TÊNIS K360 RODINHA;3191005;TÊNIS RODINHA AMARELO NEON/PINK;180 
319;TÊNIS K360 RODINHA;3191005;TÊNIS RODINHA MARINHO/PINK;24 
319;TÊNIS K360 RODINHA;3191005;TÊNIS RODINHA ROSA;9 
319;TÊNIS K360 RODINHA;3191006;TÊNIS RODINHA PRETO/PINK;11 
319;TÊNIS K360 RODINHA;3191007;TÊNIS RODINHA BRANCO/NUDE;126 
319;TÊNIS K360 RODINHA;3191007;TÊNIS RODINHA BRANCO/ROSA CHICLETE;186 
319;TÊNIS K360 RODINHA;3191007;TÊNIS RODINHA MARINHO/PINK;38 
319;TÊNIS K360 RODINHA;3191007;TÊNIS RODINHA PRETO/PINK;114 
319;TÊNIS K360 RODINHA;3191008;TÊNIS RODINHA BRANCO/NUDE;921 
319;TÊNIS K360 RODINHA;3191008;TÊNIS RODINHA BRANCO/ROSA CHICLETE;351 
319;TÊNIS K360 RODINHA;3191008;TÊNIS RODINHA MARINHO/PINK;45 
319;TÊNIS K360 RODINHA;3191008;TÊNIS RODINHA PRETO/PINK;782 
327;TÊNIS K-360 SUPER LEVE;3270001;TENIS K-360 SUPER LEVE AZUL ROYAL/VERMELHO;87 
327;TÊNIS K-360 SUPER LEVE;3270001;TENIS K-360 SUPER LEVE GRAFITE/PRETO/VERDE;204 
327;TÊNIS K-360 SUPER LEVE;3270001;TENIS K-360 SUPER LEVE PRETO/AMARELO NEW;4.920 
327;TÊNIS K-360 SUPER LEVE;3270001;TENIS K-360 SUPER LEVE PRETO/MARINHO/AMARELO NEON;779 
327;TÊNIS K-360 SUPER LEVE;3270002;TENIS K-360 SUPER LEVE AZUL ROYAL/AMARELO NEON;24 
327;TÊNIS K-360 SUPER LEVE;3270002;TENIS K-360 SUPER LEVE GRAFITE/LARANJA;162 
327;TÊNIS K-360 SUPER LEVE;3270002;TENIS K-360 SUPER LEVE MARINHO/AZUL/VERMELHO;354 
327;TÊNIS K-360 SUPER LEVE;3270002;TENIS K-360 SUPER LEVE PRETO/VERMELHO;156 
327;TÊNIS K-360 SUPER LEVE;3270003;TENIS K-360 SUPER LEVE AZUL ROYAL/PRETO;102 
327;TÊNIS K-360 SUPER LEVE;3270003;TENIS K-360 SUPER LEVE MARINHO/AZUL ROYAL;687 
327;TÊNIS K-360 SUPER LEVE;3270003;TENIS K-360 SUPER LEVE MARINHO/LARANJA NEON;1.790 
327;TÊNIS K-360 SUPER LEVE;3270003;TENIS K-360 SUPER LEVE PRETO/AMARELO NEON;483 
327;TÊNIS K-360 SUPER LEVE;3270003;TENIS K-360 SUPER LEVE PRETO/GRAFITE/AMARELO NEON;12 
327;TÊNIS K-360 SUPER LEVE;3270003;TENIS K-360 SUPER LEVE PRETO/LARANJA NEON;746 
327;TÊNIS K-360 SUPER LEVE;3270004;TENIS K-360 SUPER LEVE MARINHO/AMARELO NEON;75 
327;TÊNIS K-360 SUPER LEVE;3270004;TENIS K-360 SUPER LEVE MARINHO/AZUL ROYAL;285 
327;TÊNIS K-360 SUPER LEVE;3270004;TENIS K-360 SUPER LEVE MARINHO/AZUL/VERMELHO;21 
327;TÊNIS K-360 SUPER LEVE;3270004;TENIS K-360 SUPER LEVE PRETO/AMARELO NEW;165 
327;TÊNIS K-360 SUPER LEVE;3270004;TENIS K-360 SUPER LEVE PRETO/GRAFITE;975 
327;TÊNIS K-360 SUPER LEVE;3270004;TENIS K-360 SUPER LEVE PRETO/GRAFITE/LARANJA NEON;198 
327;TÊNIS K-360 SUPER LEVE;3270006;TENIS K-360 SUPER LEVE AZUL/LARANJA;252 
327;TÊNIS K-360 SUPER LEVE;3270006;TENIS K-360 SUPER LEVE MARINHO/LARANJA NEON;726 
327;TÊNIS K-360 SUPER LEVE;3270006;TENIS K-360 SUPER LEVE PRETO/AMARELO NEON;606 
327;TÊNIS K-360 SUPER LEVE;3270006;TENIS K-360 SUPER LEVE PRETO/VERMELHO;465 
327;TÊNIS K-360 SUPER LEVE;3270007;TENIS K-360 SUPER LEVE GRAFITE/PRETO/AMARELO NEON;342 
327;TÊNIS K-360 SUPER LEVE;3270007;TENIS K-360 SUPER LEVE MARINHO/VERMELHO;2.151 
327;TÊNIS K-360 SUPER LEVE;3270007;TENIS K-360 SUPER LEVE PRETO/AZUL/AMARELO NEON;162 
327;TÊNIS K-360 SUPER LEVE;3270007;TENIS K-360 SUPER LEVE PRETO/LARANJA NEON;882 
327;TÊNIS K-360 SUPER LEVE;3270008;TENIS K-360 SUPER LEVE AZUL ROYAL/PRETO;36 
327;TÊNIS K-360 SUPER LEVE;3270008;TENIS K-360 SUPER LEVE MARINHO/VERMELHO;471 
327;TÊNIS K-360 SUPER LEVE;3270008;TENIS K-360 SUPER LEVE PRETO;411 
327;TÊNIS K-360 SUPER LEVE;3270008;TENIS K-360 SUPER LEVE PRETO/GRAFITE/AMARELO NEON;4.098 
327;TÊNIS K-360 SUPER LEVE;3270010;TENIS K-360 SUPER LEVE AZUL ROYAL/VERMELHO;60 
327;TÊNIS K-360 SUPER LEVE;3270010;TENIS K-360 SUPER LEVE MARINHO/VERDE;1.974 
327;TÊNIS K-360 SUPER LEVE;3270010;TENIS K-360 SUPER LEVE PRETO/AMARELO NEW;2.532 
327;TÊNIS K-360 SUPER LEVE;3270010;TENIS K-360 SUPER LEVE PRETO/LARANJA NEON;414 
327;TÊNIS K-360 SUPER LEVE;3270014;TENIS K-360 SUPER LEVE AZUL/MARINHO;282 
327;TÊNIS K-360 SUPER LEVE;3270014;TENIS K-360 SUPER LEVE BRANCO/VERMELHO/PRETO;24 
327;TÊNIS K-360 SUPER LEVE;3270014;TENIS K-360 SUPER LEVE GRAFITE/VERMELHO;714 
327;TÊNIS K-360 SUPER LEVE;3270014;TENIS K-360 SUPER LEVE MARINHO;1.819 
327;TÊNIS K-360 SUPER LEVE;3270014;TENIS K-360 SUPER LEVE MARINHO/PRATA;261 
327;TÊNIS K-360 SUPER LEVE;3270014;TENIS K-360 SUPER LEVE PRETO;5.085 
327;TÊNIS K-360 SUPER LEVE;3270014;TENIS K-360 SUPER LEVE PRETO/DOURADO;117 
327;TÊNIS K-360 SUPER LEVE;3270014;TENIS K-360 SUPER LEVE PRETO/VERMELHO;2.154 
327;TÊNIS K-360 SUPER LEVE;3270019;TENIS K-360 SUPER LEVE AMARELO NEON/PRETO;27 
327;TÊNIS K-360 SUPER LEVE;3270019;TENIS K-360 SUPER LEVE CINZA/PRETO/PRATA;165 
327;TÊNIS K-360 SUPER LEVE;3270019;TENIS K-360 SUPER LEVE CORAL/PRETO;18 
327;TÊNIS K-360 SUPER LEVE;3270019;TENIS K-360 SUPER LEVE GRAFITE/LARANJA NEON;121 
327;TÊNIS K-360 SUPER LEVE;3270019;TENIS K-360 SUPER LEVE MARINHO/AZUL ROYAL;2.883 
327;TÊNIS K-360 SUPER LEVE;3270019;TENIS K-360 SUPER LEVE PRETO/DOURADO;213 
327;TÊNIS K-360 SUPER LEVE;3270019;TENIS K-360 SUPER LEVE PRETO/VERMELHO;1.008 
327;TÊNIS K-360 SUPER LEVE;3270020;TENIS K-360 SUPER LEVE CINZA/PRETO;78 
327;TÊNIS K-360 SUPER LEVE;3270020;TENIS K-360 SUPER LEVE GRAFITE/PRETO/LARANJA NEON;51 
327;TÊNIS K-360 SUPER LEVE;3270020;TENIS K-360 SUPER LEVE MARINHO/AMARELO NEON;183 
327;TÊNIS K-360 SUPER LEVE;3270020;TENIS K-360 SUPER LEVE MARINHO/GRAFITE/AMARELO;18 
327;TÊNIS K-360 SUPER LEVE;3270020;TENIS K-360 SUPER LEVE PRETO/DOURADO;1.225 
327;TÊNIS K-360 SUPER LEVE;3270020;TENIS K-360 SUPER LEVE PRETO/VERMELHO;1.038 
327;TÊNIS K-360 SUPER LEVE;3270021;TENIS K-360 SUPER LEVE GRAFITE/PRETO/VERMELHO;12 
327;TÊNIS K-360 SUPER LEVE;3270021;TENIS K-360 SUPER LEVE MARINHO/GRAFITE;42 
327;TÊNIS K-360 SUPER LEVE;3270021;TENIS K-360 SUPER LEVE MARINHO/VERMELHO;6 
327;TÊNIS K-360 SUPER LEVE;3270021;TENIS K-360 SUPER LEVE PRETO/AZUL/AMARELO NEON;0 
327;TÊNIS K-360 SUPER LEVE;3270021;TENIS K-360 SUPER LEVE PRETO/GRAFITE/AMARELO NEON;93 
327;TÊNIS K-360 SUPER LEVE;3270021;TENIS K-360 SUPER LEVE PRETO/LARANJA;30 
327;TÊNIS K-360 SUPER LEVE;3270022;TENIS K-360 SUPER LEVE AZUL/VERMELHO;18 
327;TÊNIS K-360 SUPER LEVE;3270022;TENIS K-360 SUPER LEVE GRAFITE/PRETO;0 
327;TÊNIS K-360 SUPER LEVE;3270022;TENIS K-360 SUPER LEVE MARINHO/GRAFITE;72 
327;TÊNIS K-360 SUPER LEVE;3270022;TENIS K-360 SUPER LEVE MARINHO/OURO;66 
327;TÊNIS K-360 SUPER LEVE;3270022;TENIS K-360 SUPER LEVE PRETO/BRONZE;69 
327;TÊNIS K-360 SUPER LEVE;3270022;TENIS K-360 SUPER LEVE PRETO/GRAFITE/VERMELHO;84 
327;TÊNIS K-360 SUPER LEVE;3270023;TENIS K-360 SUPER LEVE CINZA/MARINHO;42 
327;TÊNIS K-360 SUPER LEVE;3270023;TENIS K-360 SUPER LEVE GRAFITE/PRETO/LARANJA NEON;87 
327;TÊNIS K-360 SUPER LEVE;3270023;TENIS K-360 SUPER LEVE MARINHO/DOURADO;288 
327;TÊNIS K-360 SUPER LEVE;3270023;TENIS K-360 SUPER LEVE PRETO/BRONZE;165 
327;TÊNIS K-360 SUPER LEVE;3270023;TENIS K-360 SUPER LEVE PRETO/PRATA;246 
327;TÊNIS K-360 SUPER LEVE;3271001;TENIS K-360 SUPER LEVE AZUL NIKE/PINK NEON;1.448 
327;TÊNIS K-360 SUPER LEVE;3271001;TENIS K-360 SUPER LEVE AZUL/ROSA CHICLETE;6 
327;TÊNIS K-360 SUPER LEVE;3271001;TENIS K-360 SUPER LEVE PINK/VERDE ACQUA;186 
327;TÊNIS K-360 SUPER LEVE;3271001;TENIS K-360 SUPER LEVE PRETO/PINK/AMARELO;1.773 
327;TÊNIS K-360 SUPER LEVE;3271002;TENIS K-360 UP SUPER LEVE AZALEIA/JEANS;180 
327;TÊNIS K-360 SUPER LEVE;3271002;TENIS K-360 UP SUPER LEVE AZUL/PINK;39 
327;TÊNIS K-360 SUPER LEVE;3271002;TENIS K-360 UP SUPER LEVE LILAS/UVA;6 
327;TÊNIS K-360 SUPER LEVE;3271002;TENIS K-360 UP SUPER LEVE PRETO/PINK;138 
327;TÊNIS K-360 SUPER LEVE;3271003;TENIS K-360 SUPER LEVE AZALEIA;213 
327;TÊNIS K-360 SUPER LEVE;3271003;TENIS K-360 SUPER LEVE AZUL BEBE/ROSA;12 
327;TÊNIS K-360 SUPER LEVE;3271003;TENIS K-360 SUPER LEVE MARINHO/ACQUA/PINK;1.479 
327;TÊNIS K-360 SUPER LEVE;3271003;TENIS K-360 SUPER LEVE PRETO/ACQUA/PINK;348 
327;TÊNIS K-360 SUPER LEVE;3271003;TENIS K-360 SUPER LEVE PRETO/PINK;335 
327;TÊNIS K-360 SUPER LEVE;3271004;TENIS K-360 SUPER LEVE LILAS/CINZA;105 
327;TÊNIS K-360 SUPER LEVE;3271004;TENIS K-360 SUPER LEVE MARINHO/VIOLETA;450 
327;TÊNIS K-360 SUPER LEVE;3271004;TENIS K-360 SUPER LEVE PINK/LARANJA;177 
327;TÊNIS K-360 SUPER LEVE;3271004;TENIS K-360 SUPER LEVE PRETO/ACQUA/PINK;264 
327;TÊNIS K-360 SUPER LEVE;3271006;TENIS K-360 SUPER LEVE AZUL/PINK;740 
327;TÊNIS K-360 SUPER LEVE;3271006;TENIS K-360 SUPER LEVE MARINHO/ROSA/VERDE ACQUA;427 
327;TÊNIS K-360 SUPER LEVE;3271006;TENIS K-360 SUPER LEVE PRETO/PINK NEON;231 
327;TÊNIS K-360 SUPER LEVE;3271006;TENIS K-360 SUPER LEVE PRETO/PÊSSEGO;174 
327;TÊNIS K-360 SUPER LEVE;3271007;TENIS K-360 SUPER LEVE AZUL/ROSA/BRANCO;108 
327;TÊNIS K-360 SUPER LEVE;3271007;TENIS K-360 SUPER LEVE MARINHO/PÊSSEGO;288 
327;TÊNIS K-360 SUPER LEVE;3271007;TENIS K-360 SUPER LEVE PRETO/ACQUA/PINK;622 
327;TÊNIS K-360 SUPER LEVE;3271007;TENIS K-360 SUPER LEVE PRETO/LILÁS;12 
327;TÊNIS K-360 SUPER LEVE;3271008;TENIS K-360 SUPER LEVE GRAFITE/PRETO/PINK;201 
327;TÊNIS K-360 SUPER LEVE;3271008;TENIS K-360 SUPER LEVE MARINHO/ACQUA/PINK;394 
327;TÊNIS K-360 SUPER LEVE;3271008;TENIS K-360 SUPER LEVE PRETO/ROSÊ;596 
327;TÊNIS K-360 SUPER LEVE;3271008;TENIS K-360 SUPER LEVE ROSA/VERDE ACQUA;692 
327;TÊNIS K-360 SUPER LEVE;3271010;TENIS K-360 SUPER LEVE AZUL NIKE/PINK NEON;102 
327;TÊNIS K-360 SUPER LEVE;3271010;TENIS K-360 SUPER LEVE MARINHO/PINK NEON;420 
327;TÊNIS K-360 SUPER LEVE;3271010;TENIS K-360 SUPER LEVE PRETO/PINK/AMARELO;954 
327;TÊNIS K-360 SUPER LEVE;3271010;TENIS K-360 SUPER LEVE PRETO/ROSE;1.239 
327;TÊNIS K-360 SUPER LEVE;3271014;TENIS K-360 SUPER LEVE CINZA/AZUL/VERDE;351 
327;TÊNIS K-360 SUPER LEVE;3271014;TENIS K-360 SUPER LEVE GRAFITE/ROSA;2.771 
327;TÊNIS K-360 SUPER LEVE;3271014;TENIS K-360 SUPER LEVE MARFIM/DOURADO;618 
327;TÊNIS K-360 SUPER LEVE;3271014;TENIS K-360 SUPER LEVE MARINHO/PINK;2.646 
327;TÊNIS K-360 SUPER LEVE;3271014;TENIS K-360 SUPER LEVE PRETO/VERDE AGUA;852 
327;TÊNIS K-360 SUPER LEVE;3271019;TENIS K-360 SUPER LEVE GRAFITE/ROSA;1.476 
327;TÊNIS K-360 SUPER LEVE;3271019;TENIS K-360 SUPER LEVE MARFIM/DOURADO;189 
327;TÊNIS K-360 SUPER LEVE;3271019;TENIS K-360 SUPER LEVE MARINHO/PINK/ACQUA;45 
327;TÊNIS K-360 SUPER LEVE;3271019;TENIS K-360 SUPER LEVE NUDE/BRONZE;927 
327;TÊNIS K-360 SUPER LEVE;3271019;TENIS K-360 SUPER LEVE PRETO/ROSA CHICLETE;1.490 
327;TÊNIS K-360 SUPER LEVE;3271019;TENIS K-360 SUPER LEVE PRETO/VERDE AGUA;255 
327;TÊNIS K-360 SUPER LEVE;3271020;TENIS K-360 SUPER LEVE GRAFITE/PRETO/PINK;156 
327;TÊNIS K-360 SUPER LEVE;3271020;TENIS K-360 SUPER LEVE MARINHO/LILAS;923 
327;TÊNIS K-360 SUPER LEVE;3271020;TENIS K-360 SUPER LEVE NUDE/BRONZE;21 
327;TÊNIS K-360 SUPER LEVE;3271020;TENIS K-360 SUPER LEVE PRETO/ROSA CHICLETE;183 
327;TÊNIS K-360 SUPER LEVE;3271021;TENIS K-360 SUPER LEVE AZALEIA/ROSA;6 
327;TÊNIS K-360 SUPER LEVE;3271021;TENIS K-360 SUPER LEVE MARINHO/AZUL JEANS;78 
327;TÊNIS K-360 SUPER LEVE;3271021;TENIS K-360 SUPER LEVE PRETO/LILAS;12 
327;TÊNIS K-360 SUPER LEVE;3271021;TENIS K-360 SUPER LEVE PRETO/ROSA;54 
327;TÊNIS K-360 SUPER LEVE;3271022;TENIS K-360 SUPER LEVE GRAFITE/PINK/PRETO;84 
327;TÊNIS K-360 SUPER LEVE;3271022;TENIS K-360 SUPER LEVE MARINHO/MAGENTA;6 
327;TÊNIS K-360 SUPER LEVE;3271022;TENIS K-360 SUPER LEVE PRETO/ROSA;63 
327;TÊNIS K-360 SUPER LEVE;3271022;TENIS K-360 SUPER LEVE PRETO/ROSA CHICLETE;33 
327;TÊNIS K-360 SUPER LEVE;3271023;TENIS K-360 SUPER LEVE GRAFITE/ROSA;57 
327;TÊNIS K-360 SUPER LEVE;3271023;TENIS K-360 SUPER LEVE MARFIM/BRONZE;303 
327;TÊNIS K-360 SUPER LEVE;3271023;TENIS K-360 SUPER LEVE MARINHO/PINK/ACQUA;60 
327;TÊNIS K-360 SUPER LEVE;3271023;TENIS K-360 SUPER LEVE PRETO/ROSA;267 
328;BOTA KIDY LIZ;3280001;BOTA KIDY LIZ AVELA;1.230 
328;BOTA KIDY LIZ;3280001;BOTA KIDY LIZ CAMEL;141 
328;BOTA KIDY LIZ;3280001;BOTA KIDY LIZ NUDE;327 
328;BOTA KIDY LIZ;3280001;BOTA KIDY LIZ PRETO;1.737 
328;BOTA KIDY LIZ;3280002;BOTA KIDY LIZ AVELA;117 
328;BOTA KIDY LIZ;3280002;BOTA KIDY LIZ CAMEL;606 
328;BOTA KIDY LIZ;3280002;BOTA KIDY LIZ PRETO;501 
328;BOTA KIDY LIZ;3280003;BOTA KIDY LIZ AVELA;0 
328;BOTA KIDY LIZ;3280003;BOTA KIDY LIZ MARFIM;9 
328;BOTA KIDY LIZ;3280003;BOTA KIDY LIZ PRETO;1.527 
328;BOTA KIDY LIZ;3280004;BOTA KIDY LIZ AVELA;63 
328;BOTA KIDY LIZ;3280004;BOTA KIDY LIZ CAMEL;729 
328;BOTA KIDY LIZ;3280004;BOTA KIDY LIZ PRETO;351 
328;BOTA KIDY LIZ;3280005;BOTA KIDY LIZ AVELA;288 
328;BOTA KIDY LIZ;3280005;BOTA KIDY LIZ CAMEL;249 
328;BOTA KIDY LIZ;3280005;BOTA KIDY LIZ PRETO;312 
328;BOTA KIDY LIZ;3280006;BOTA KIDY LIZ AVELA;57 
328;BOTA KIDY LIZ;3280006;BOTA KIDY LIZ CAMEL;219 
328;BOTA KIDY LIZ;3280006;BOTA KIDY LIZ MARFIM;138 
328;BOTA KIDY LIZ;3280006;BOTA KIDY LIZ PRETO;2.031 
328;BOTA KIDY LIZ;3280008;BOTA KIDY LIZ CAMEL;75 
328;BOTA KIDY LIZ;3280008;BOTA KIDY LIZ PRETO;177 
329;TENIS KIDY ASTRAL;3290001;TÊNIS KIDY ASTRAL NUDE;23 
329;TENIS KIDY ASTRAL;3290001;TÊNIS KIDY ASTRAL PRATA;45 
329;TENIS KIDY ASTRAL;3290001;TÊNIS KIDY ASTRAL PRETO;216 
329;TENIS KIDY ASTRAL;3290001;TÊNIS KIDY ASTRAL ROSA;174 
329;TENIS KIDY ASTRAL;3290002;TÊNIS KIDY ASTRAL NUDE;63 
329;TENIS KIDY ASTRAL;3290002;TÊNIS KIDY ASTRAL PRATA;420 
329;TENIS KIDY ASTRAL;3290002;TÊNIS KIDY ASTRAL PRETO;687 
329;TENIS KIDY ASTRAL;3290002;TÊNIS KIDY ASTRAL ROSA;198 
329;TENIS KIDY ASTRAL;3290003;TENIS KIDY ASTRAL PRATA;0 
329;TENIS KIDY ASTRAL;3290003;TÊNIS KIDY ASTRAL NUDE;60 
329;TENIS KIDY ASTRAL;3290003;TÊNIS KIDY ASTRAL OURO;18 
329;TENIS KIDY ASTRAL;3290003;TÊNIS KIDY ASTRAL PRETO;1.287 
329;TENIS KIDY ASTRAL;3290004;TENIS KIDY ASTRAL BEGE/OURO;81 
329;TENIS KIDY ASTRAL;3290004;TENIS KIDY ASTRAL BRANCO/LILAS;2.791 
329;TENIS KIDY ASTRAL;3290004;TENIS KIDY ASTRAL NUDE;48 
329;TENIS KIDY ASTRAL;3290004;TENIS KIDY ASTRAL NUDE/PRATA;84 
329;TENIS KIDY ASTRAL;3290004;TENIS KIDY ASTRAL PRETO/BRANCO;138 
329;TENIS KIDY ASTRAL;3290004;TÊNIS KIDY ASTRAL OURO/MARFIM;966 
329;TENIS KIDY ASTRAL;3290004;TÊNIS KIDY ASTRAL PRATA/PINK;7.102 
329;TENIS KIDY ASTRAL;3290004;TÊNIS KIDY ASTRAL PRETO/BRANCO/PINK;357 
329;TENIS KIDY ASTRAL;3290004;TÊNIS KIDY ASTRAL PRETO/ROSA;2.690 
329;TENIS KIDY ASTRAL;3290005;TÊNIS KIDY ASTRAL BRANCO;256 
329;TENIS KIDY ASTRAL;3290005;TÊNIS KIDY ASTRAL NUDE;1.449 
329;TENIS KIDY ASTRAL;3290005;TÊNIS KIDY ASTRAL PRATA;12 
329;TENIS KIDY ASTRAL;3290005;TÊNIS KIDY ASTRAL PRETO;852 
329;TENIS KIDY ASTRAL;3290006;TÊNIS KIDY ASTRAL BRANCO/PRATA;162 
329;TENIS KIDY ASTRAL;3290006;TÊNIS KIDY ASTRAL NUDE;636 
329;TENIS KIDY ASTRAL;3290006;TÊNIS KIDY ASTRAL OURO;1.662 
329;TENIS KIDY ASTRAL;3290006;TÊNIS KIDY ASTRAL PRATA;309 
329;TENIS KIDY ASTRAL;3290007;TÊNIS KIDY ASTRAL BRANCO;1.728 
329;TENIS KIDY ASTRAL;3290007;TÊNIS KIDY ASTRAL NUDE;720 
329;TENIS KIDY ASTRAL;3290007;TÊNIS KIDY ASTRAL OURO;591 
329;TENIS KIDY ASTRAL;3290007;TÊNIS KIDY ASTRAL PRATA;162 
329;TENIS KIDY ASTRAL;3290008;TÊNIS KIDY ASTRAL JEANS/BRANCO;645 
329;TENIS KIDY ASTRAL;3290008;TÊNIS KIDY ASTRAL NUDE;105 
329;TENIS KIDY ASTRAL;3290008;TÊNIS KIDY ASTRAL OURO;9 
329;TENIS KIDY ASTRAL;3290009;TÊNIS KIDY ASTRAL BRANCO/VERMELHO;153 
329;TENIS KIDY ASTRAL;3290010;TÊNIS KIDY ASTRAL LILAS;477 
329;TENIS KIDY ASTRAL;3290011;TÊNIS KIDY ASTRAL PRATA/AZUL;894 
329;TENIS KIDY ASTRAL;3290016;TÊNIS KIDY ASTRAL BRANCO/LILAS;123 
329;TENIS KIDY ASTRAL;3290016;TÊNIS KIDY ASTRAL BRANCO/PRATA;161 
329;TENIS KIDY ASTRAL;3290016;TÊNIS KIDY ASTRAL MARFIM/OURO;2.034 
329;TENIS KIDY ASTRAL;3290016;TÊNIS KIDY ASTRAL NUDE;503 
329;TENIS KIDY ASTRAL;3290016;TÊNIS KIDY ASTRAL PRETO/PINK;78 
329;TENIS KIDY ASTRAL;3290017;TÊNIS KIDY ASTRAL MARFIM;265 
329;TENIS KIDY ASTRAL;3290017;TÊNIS KIDY ASTRAL NUDE;1.122 
329;TENIS KIDY ASTRAL;3290017;TÊNIS KIDY ASTRAL NUDE/CREPE;12 
329;TENIS KIDY ASTRAL;3290017;TÊNIS KIDY ASTRAL PRATA;132 
329;TENIS KIDY ASTRAL;3290017;TÊNIS KIDY ASTRAL PRETO/PINK;1.194 
329;TENIS KIDY ASTRAL;3290017;TÊNIS KIDY ASTRAL ROSA;141 
329;TENIS KIDY ASTRAL;3290019;TÊNIS KIDY ASTRAL BRANCO;120 
329;TENIS KIDY ASTRAL;3290019;TÊNIS KIDY ASTRAL BRANCO/LILÁS;102 
329;TENIS KIDY ASTRAL;3290019;TÊNIS KIDY ASTRAL BRANCO/ROSA;240 
329;TENIS KIDY ASTRAL;3290019;TÊNIS KIDY ASTRAL NUDE;543 
329;TENIS KIDY ASTRAL;3290019;TÊNIS KIDY ASTRAL NUDE/CREPE;6 
329;TENIS KIDY ASTRAL;3290020;TÊNIS KIDY ASTRAL BRANCO;48 
329;TENIS KIDY ASTRAL;3290020;TÊNIS KIDY ASTRAL NUDE;515 
329;TENIS KIDY ASTRAL;3290020;TÊNIS KIDY ASTRAL PRETO;2.097 
329;TENIS KIDY ASTRAL;3290024;TÊNIS KIDY ASTRAL BEGE/OURO;483 
329;TENIS KIDY ASTRAL;3290024;TÊNIS KIDY ASTRAL BRANCO;357 
329;TENIS KIDY ASTRAL;3290024;TÊNIS KIDY ASTRAL NUDE;24 
329;TENIS KIDY ASTRAL;3290024;TÊNIS KIDY ASTRAL PRETO/ROSA;30 
329;TENIS KIDY ASTRAL;3290025;TÊNIS KIDY ASTRAL BEGE/OURO;546 
329;TENIS KIDY ASTRAL;3290025;TÊNIS KIDY ASTRAL NUDE;18 
329;TENIS KIDY ASTRAL;3290025;TÊNIS KIDY ASTRAL PRETO/BRANCO;12 
329;TENIS KIDY ASTRAL;3290025;TÊNIS KIDY ASTRAL PRETO/ROSA;144 
329;TENIS KIDY ASTRAL;3290027;TÊNIS KIDY ASTRAL JEANS/BRANCO;54 
329;TENIS KIDY ASTRAL;3290027;TÊNIS KIDY ASTRAL NUDE;1.471 
329;TENIS KIDY ASTRAL;3290027;TÊNIS KIDY ASTRAL OURO;138 
329;TENIS KIDY ASTRAL;3290029;TÊNIS KIDY ASTRAL JEANS/PRATA;30 
329;TENIS KIDY ASTRAL;3290029;TÊNIS KIDY ASTRAL NUDE;432 
329;TENIS KIDY ASTRAL;3290029;TÊNIS KIDY ASTRAL OURO/MARFIM;2.497 
329;TENIS KIDY ASTRAL;3290029;TÊNIS KIDY ASTRAL PRETO/PINK;1.063 
329;TENIS KIDY ASTRAL;3290030;TÊNIS KIDY ASTRAL NUDE;390 
329;TENIS KIDY ASTRAL;3290030;TÊNIS KIDY ASTRAL PINK;45 
329;TENIS KIDY ASTRAL;3290030;TÊNIS KIDY ASTRAL ROSA;1.122 
329;TENIS KIDY ASTRAL;3290031;TÊNIS KIDY ASTRAL PRETO/ONÇA;63 
329;TENIS KIDY ASTRAL;3290032;TÊNIS KIDY ASTRAL AZUL JEANS/BRANCO;45 
329;TENIS KIDY ASTRAL;3290032;TÊNIS KIDY ASTRAL JEANS/NUDE;105 
329;TENIS KIDY ASTRAL;3290032;TÊNIS KIDY ASTRAL JEANS/PRETO;51 
329;TENIS KIDY ASTRAL;3290032;TÊNIS KIDY ASTRAL PRATA/AZUL JEANS;123 
329;TENIS KIDY ASTRAL;3290033;TÊNIS KIDY ASTRAL BRANCO/OURO;162 
329;TENIS KIDY ASTRAL;3290033;TÊNIS KIDY ASTRAL MARFIM/OURO;9 
329;TENIS KIDY ASTRAL;3290033;TÊNIS KIDY ASTRAL NUDE;72 
329;TENIS KIDY ASTRAL;3290033;TÊNIS KIDY ASTRAL PRETO;24 
329;TENIS KIDY ASTRAL;3290034;TÊNIS KIDY ASTRAL NUDE;60 
329;TENIS KIDY ASTRAL;3290034;TÊNIS KIDY ASTRAL OURO;57 
329;TENIS KIDY ASTRAL;3290034;TÊNIS KIDY ASTRAL PRATA;108 
329;TENIS KIDY ASTRAL;3290034;TÊNIS KIDY ASTRAL PRETO;30 
329;TENIS KIDY ASTRAL;3291004;TÊNIS KIDY ASTRAL BRANCO/MARINHO;706 
329;TENIS KIDY ASTRAL;3291004;TÊNIS KIDY ASTRAL BRANCO/PRETO/LARANJA;4.827 
329;TENIS KIDY ASTRAL;3291004;TÊNIS KIDY ASTRAL MARINHO/CARAMELO;540 
329;TENIS KIDY ASTRAL;3291004;TÊNIS KIDY ASTRAL NATURAL/BRANCO/VERDE;998 
329;TENIS KIDY ASTRAL;3291004;TÊNIS KIDY ASTRAL PRETO/VERMELHO;771 
329;TENIS KIDY ASTRAL;3291005;TÊNIS KIDY ASTRAL BRANCO/CINZA/AZUL CLARO;117 
329;TENIS KIDY ASTRAL;3291005;TÊNIS KIDY ASTRAL MARINHO/VERMELHO;93 
329;TENIS KIDY ASTRAL;3291005;TÊNIS KIDY ASTRAL NATURAL/BRANCO/VERDE;815 
329;TENIS KIDY ASTRAL;3291005;TÊNIS KIDY ASTRAL PRETO;318 
329;TENIS KIDY ASTRAL;3291006;TÊNIS KIDY ASTRAL BRANCO/CINZA/AZUL CLARO;5.292 
329;TENIS KIDY ASTRAL;3291006;TÊNIS KIDY ASTRAL MARINHO;441 
329;TENIS KIDY ASTRAL;3291006;TÊNIS KIDY ASTRAL NATURAL/BRANCO/VERDE;234 
329;TENIS KIDY ASTRAL;3291006;TÊNIS KIDY ASTRAL PRETO;1.352 
329;TENIS KIDY ASTRAL;3291007;TÊNIS KIDY ASTRAL CINZA/AZUL ROYAL;72 
329;TENIS KIDY ASTRAL;3291007;TÊNIS KIDY ASTRAL MARINHO/BRANCO;756 
329;TENIS KIDY ASTRAL;3291007;TÊNIS KIDY ASTRAL NATURAL/VERDE;282 
329;TENIS KIDY ASTRAL;3291007;TÊNIS KIDY ASTRAL PRETO/CINZA/LARANJA;780 
329;TENIS KIDY ASTRAL;3291007;TÊNIS KIDY ASTRAL PRETO/VERMELHO;1.229 
329;TENIS KIDY ASTRAL;3291008;TÊNIS KIDY ASTRAL BRANCO/CINZA/OCEANO;156 
329;TENIS KIDY ASTRAL;3291008;TÊNIS KIDY ASTRAL MARINHO/BRANCO;1.563 
329;TENIS KIDY ASTRAL;3291008;TÊNIS KIDY ASTRAL NATURAL/BRANCO/VERDE;141 
329;TENIS KIDY ASTRAL;3291008;TÊNIS KIDY ASTRAL PRETO/CREPE;600 
329;TENIS KIDY ASTRAL;3291008;TÊNIS KIDY ASTRAL PRETO/GRAFITE/LARANJA;771 
329;TENIS KIDY ASTRAL;3291010;TENIS KIDY ASTRAL BRANCO/CINZA/AZUL CLARO;72 
329;TENIS KIDY ASTRAL;3291010;TENIS KIDY ASTRAL MARINHO/VERMELHO;84 
329;TENIS KIDY ASTRAL;3291010;TENIS KIDY ASTRAL NATURAL/BRANCO/VERDE;48 
329;TENIS KIDY ASTRAL;3291010;TENIS KIDY ASTRAL PRETO;138 
329;TENIS KIDY ASTRAL;3291014;TENIS KIDY ASTRAL BRANCO/CINZA/BORDÔ;426 
329;TENIS KIDY ASTRAL;3291014;TENIS KIDY ASTRAL MARINHO/BRANCO;974 
329;TENIS KIDY ASTRAL;3291014;TENIS KIDY ASTRAL NATURAL/MARINHO;1.040 
329;TENIS KIDY ASTRAL;3291014;TENIS KIDY ASTRAL PRETO/CARAMELO;330 
329;TENIS KIDY ASTRAL;3291015;TENIS KIDY ASTRAL CINZA/MARINHO;149 
329;TENIS KIDY ASTRAL;3291015;TENIS KIDY ASTRAL MARINHO/AZUL ROYAL;39 
329;TENIS KIDY ASTRAL;3291015;TENIS KIDY ASTRAL PRETO/MARROM;486 
329;TENIS KIDY ASTRAL;3291015;TENIS KIDY ASTRAL PRETO/NATURAL/VERDE;812 
329;TENIS KIDY ASTRAL;3291016;TENIS KIDY ASTRAL BRANCO/MARINHO/VERDE;2.918 
329;TENIS KIDY ASTRAL;3291016;TENIS KIDY ASTRAL GELO/AZUL ROYAL/MARINHO;189 
329;TENIS KIDY ASTRAL;3291016;TENIS KIDY ASTRAL MARINHO;501 
329;TENIS KIDY ASTRAL;3291016;TENIS KIDY ASTRAL PRETO;912 
329;TENIS KIDY ASTRAL;3291018;TENIS KIDY ASTRAL AZUL ROYAL/MARINHO;21 
329;TENIS KIDY ASTRAL;3291018;TENIS KIDY ASTRAL GRAFITE;1.705 
329;TENIS KIDY ASTRAL;3291018;TENIS KIDY ASTRAL PRETO;384 
329;TENIS KIDY ASTRAL;3291018;TENIS KIDY ASTRAL VERDE MILITAR;39 
329;TENIS KIDY ASTRAL;3291019;TENIS KIDY ASTRAL BEGE/PRETO;508 
329;TENIS KIDY ASTRAL;3291019;TENIS KIDY ASTRAL BRANCO/PRETO;1.239 
329;TENIS KIDY ASTRAL;3291019;TENIS KIDY ASTRAL MARINHO/GELO;54 
329;TENIS KIDY ASTRAL;3291019;TENIS KIDY ASTRAL PRETO/CARAMELO;96 
329;TENIS KIDY ASTRAL;3291020;TENIS KIDY ASTRAL BEGE/MARINHO;57 
329;TENIS KIDY ASTRAL;3291020;TENIS KIDY ASTRAL BRANCO/PRETO/VERDE;57 
329;TENIS KIDY ASTRAL;3291020;TENIS KIDY ASTRAL MARINHO;51 
329;TENIS KIDY ASTRAL;3291021;TENIS KIDY ASTRAL BEGE/MARINHO;330 
329;TENIS KIDY ASTRAL;3291021;TENIS KIDY ASTRAL MARINHO;105 
329;TENIS KIDY ASTRAL;3291021;TENIS KIDY ASTRAL PRETO/BRANCO;27 
329;TENIS KIDY ASTRAL;3291021;TENIS KIDY ASTRAL PRETO/TAUPE;9 
329;TENIS KIDY ASTRAL;3294003;TÊNIS KIDY ASTRAL BRANCO/COLORIDO;624 
329;TENIS KIDY ASTRAL;3294003;TÊNIS KIDY ASTRAL PRETO/VERMELHO;30 
329;TENIS KIDY ASTRAL;3294503;TÊNIS KIDY ASTRAL BRANCO/AZUL BEBE;36 
329;TENIS KIDY ASTRAL;3294503;TÊNIS KIDY ASTRAL BRANCO/LILÁS;24 
337;TENIS KIDY LEBLON;3370001;TÊNIS KIDY LEBLON BRANCO;1.025 
337;TENIS KIDY LEBLON;3370001;TÊNIS KIDY LEBLON PRETO;913 
337;TENIS KIDY LEBLON;3370002;TÊNIS KIDY LEBLON MARINHO;516 
337;TENIS KIDY LEBLON;3370002;TÊNIS KIDY LEBLON PRETO;455 
337;TENIS KIDY LEBLON;3370003;TÊNIS KIDY LEBLON MARINHO;387 
337;TENIS KIDY LEBLON;3370003;TÊNIS KIDY LEBLON PRETO;621 
337;TENIS KIDY LEBLON;3370004;TÊNIS KIDY LEBLON BRANCO;540 
337;TENIS KIDY LEBLON;3370004;TÊNIS KIDY LEBLON PRETO;1.733 
337;TENIS KIDY LEBLON;3370004;TÊNIS KIDY LEBLON PRETO/PINK;1.116 
337;TENIS KIDY LEBLON;3370005;TÊNIS KIDY LEBLON BRANCO;11 
337;TENIS KIDY LEBLON;3370005;TÊNIS KIDY LEBLON MARINHO;334 
337;TENIS KIDY LEBLON;3370005;TÊNIS KIDY LEBLON PRETO;801 
337;TENIS KIDY LEBLON;3370006;TÊNIS KIDY LEBLON MARINHO;468 
337;TENIS KIDY LEBLON;3370006;TÊNIS KIDY LEBLON PRETO;399 
337;TENIS KIDY LEBLON;3370007;TÊNIS KIDY LEBLON PRETO;1.606 
337;TENIS KIDY LEBLON;3371001;TÊNIS KIDY LEBLON PRETO/PINK;1.593 
337;TENIS KIDY LEBLON;3371002;TÊNIS KIDY LEBLON NUDE;60 
337;TENIS KIDY LEBLON;3371003;TÊNIS KIDY LEBLON BRANCO;96 
337;TENIS KIDY LEBLON;3371003;TÊNIS KIDY LEBLON PRETO/PINK;240 
337;TENIS KIDY LEBLON;3371005;TÊNIS KIDY LEBLON NUDE;462 
337;TENIS KIDY LEBLON;3371006;TÊNIS KIDY LEBLON PRETO/PINK;579 
340;GALOCHA SPLASH BABY MENINA;3400004;GALOCHA SPLASH BABY MENINA ANIS/ROSA;12 
341;GALOCHA SPLASH BABY MENINO;3410002;GALOCHA SPLASH BABY MENINO AZUL ROYAL/VERMELHO;12 
342;GALOCHA SPLASH KIDS MENINA;3420002;GALOCHA SPLASH KIDS MENINA TRANSPARENTE/PINK;24 
342;GALOCHA SPLASH KIDS MENINA;3423000;GALOCHA SPLASH KIDS MNA S.S. GLITER COLORIDO;12 
343;GALOCHA SPLASH KIDS MENINO;3430011;GALOCHA SPLASH KIDS MENINO TRANSPARENTE/AZUL ROYAL;12 
343;GALOCHA SPLASH KIDS MENINO;3430032;GALOCHA SPLASH KIDS MENINO MARINHO;12 
348;SANDÁLIA ARCO IRIS BABY;3480016;SANDÁLIA ARCO ÍRIS BABY MAGENTA;11 
349;SANDÁLIA ARCO IRIS KIDS;3490020;SANDÁLIA ARCO ÍRIS KIDS PINK NEON;24 
349;SANDÁLIA ARCO IRIS KIDS;3490025;SANDÁLIA ARCO ÍRIS KIDS ROSA/GLITER;24 
349;SANDÁLIA ARCO IRIS KIDS;3490025;SANDÁLIA ARCO ÍRIS KIDS TRANSPARENTE/GLITER;12 
349;SANDÁLIA ARCO IRIS KIDS;3490045;SANDÁLIA ARCO ÍRIS KIDS ROSA;24 
352;SLIDE BABY MENINA;3520014;SLIDE BABY MENINA NUDE;12 
353;SLIDE BABY MENINO;3530016;SLIDE BABY MENINO MARINHO;12 
353;SLIDE BABY MENINO;3530017;SLIDE BABY MENINO MARINHO;12 
353;SLIDE BABY MENINO;3530020;SLIDE BABY MENINO VERDE PISCINA;3.368 
355;PAPETE SUMMER BABY;3550018;PAPETE SUMMER BABY MENINA ROSA;12 
355;PAPETE SUMMER BABY;3550020;PAPETE SUMMER BABY MENINA ROSA;36 
356;PAPETE SUMMER BABY MENINO;3560015;PAPETE SUMMER BABY MENINO MARINHO;24 
356;PAPETE SUMMER BABY MENINO;3560017;PAPETE SUMMER BABY MENINO AZUL ROYAL;24 
356;PAPETE SUMMER BABY MENINO;3560018;PAPETE SUMMER BABY MENINO MARINHO;12 
356;PAPETE SUMMER BABY MENINO;3560040;PAPETE SUMMER BABY MENINO AZUL ROYAL;24 
356;PAPETE SUMMER BABY MENINO;3560040;PAPETE SUMMER BABY MENINO PRETO;36 
363;BOTA KIDY STYLE;3630001;BOTA KIDY STYLE MARFIM;12 
363;BOTA KIDY STYLE;3630002;BOTA KIDY STYLE AVELÃ;9 
363;BOTA KIDY STYLE;3630004;BOTA FANFIK STYLE PRETO;36 
363;BOTA KIDY STYLE;3630005;BOTA FANFIK STYLE CAFE;9 
363;BOTA KIDY STYLE;3630006;BOTA FANFIK STYLE AVELA;108 
363;BOTA KIDY STYLE;3630007;BOTA FANFIK STYLE BRANCO;9 
363;BOTA KIDY STYLE;3630007;BOTA FANFIK STYLE PRETO;21 
363;BOTA KIDY STYLE;3630008;BOTA KIDY STYLE CAMEL;21 
363;BOTA KIDY STYLE;3630009;BOTA FANFIK STYLE AVELÃ;9 
363;BOTA KIDY STYLE;3630011;BOTA KIDY STYLE PRATA;9 
363;BOTA KIDY STYLE;3630011;BOTA KIDY STYLE PRETO;120 
363;BOTA KIDY STYLE;3630013;BOTA KIDY STYLE AVELA;99 
363;BOTA KIDY STYLE;3630013;BOTA KIDY STYLE CAMEL;60 
363;BOTA KIDY STYLE;3630013;BOTA KIDY STYLE MARFIM;168 
363;BOTA KIDY STYLE;3630013;BOTA KIDY STYLE PRETO;1.887 
363;BOTA KIDY STYLE;3630014;BOTA KIDY STYLE PRETO;9.768 
363;BOTA KIDY STYLE;3630015;BOTA KIDY STYLE AVELA;99 
363;BOTA KIDY STYLE;3630015;BOTA KIDY STYLE CAMEL;279 
363;BOTA KIDY STYLE;3630015;BOTA KIDY STYLE MARFIM;21 
363;BOTA KIDY STYLE;3630015;BOTA KIDY STYLE PRETO;243 
363;BOTA KIDY STYLE;3630016;BOTA KIDY STYLE AVELA;9 
363;BOTA KIDY STYLE;3630016;BOTA KIDY STYLE CAMEL;9 
363;BOTA KIDY STYLE;3630016;BOTA KIDY STYLE MARFIM;303 
363;BOTA KIDY STYLE;3630016;BOTA KIDY STYLE PRETO;114 
363;BOTA KIDY STYLE;3630017;BOTA KIDY STYLE AVELA;177 
363;BOTA KIDY STYLE;3630017;BOTA KIDY STYLE CAMEL;39 
363;BOTA KIDY STYLE;3630017;BOTA KIDY STYLE MARFIM;771 
363;BOTA KIDY STYLE;3630017;BOTA KIDY STYLE PRETO;1.233 
363;BOTA KIDY STYLE;3630018;BOTA KIDY STYLE CAFE;90 
363;BOTA KIDY STYLE;3630018;BOTA KIDY STYLE NUDE;30 
363;BOTA KIDY STYLE;3630018;BOTA KIDY STYLE PRETO;4.004 
363;BOTA KIDY STYLE;3630020;BOTA KIDY STYLE AVELA;2.390 
363;BOTA KIDY STYLE;3630020;BOTA KIDY STYLE CAMEL;210 
363;BOTA KIDY STYLE;3630020;BOTA KIDY STYLE NUDE;246 
363;BOTA KIDY STYLE;3630020;BOTA KIDY STYLE PRETO;3.662 
363;BOTA KIDY STYLE;3630021;BOTA KIDY STYLE AVELA;360 
363;BOTA KIDY STYLE;3630021;BOTA KIDY STYLE CAMEL;193 
363;BOTA KIDY STYLE;3630021;BOTA KIDY STYLE MARFIM;123 
363;BOTA KIDY STYLE;3630021;BOTA KIDY STYLE PRATA;72 
363;BOTA KIDY STYLE;3630021;BOTA KIDY STYLE PRETO;1.251 
363;BOTA KIDY STYLE;3630022;BOTA KIDY STYLE AVELA;30 
363;BOTA KIDY STYLE;3630022;BOTA KIDY STYLE CAMEL;24 
363;BOTA KIDY STYLE;3630022;BOTA KIDY STYLE MARFIM;57 
363;BOTA KIDY STYLE;3630022;BOTA KIDY STYLE PRATA;6 
363;BOTA KIDY STYLE;3630022;BOTA KIDY STYLE PRETO;297 
363;BOTA KIDY STYLE;3630023;BOTA KIDY STYLE PRATA;475 
363;BOTA KIDY STYLE;3630024;BOTA KIDY STYLE AVELA;96 
363;BOTA KIDY STYLE;3630024;BOTA KIDY STYLE MARFIM;372 
363;BOTA KIDY STYLE;3630024;BOTA KIDY STYLE NUDE;72 
363;BOTA KIDY STYLE;3630025;BOTA KIDY STYLE AVELA;18 
363;BOTA KIDY STYLE;3630025;BOTA KIDY STYLE CAMEL;108 
363;BOTA KIDY STYLE;3630025;BOTA KIDY STYLE PRETO;912 
363;BOTA KIDY STYLE;3630026;BOTA KIDY STYLE CAMEL;252 
363;BOTA KIDY STYLE;3630026;BOTA KIDY STYLE PRETO;148 
363;BOTA KIDY STYLE;3630027;BOTA KIDY STYLE MARFIM;675 
363;BOTA KIDY STYLE;3630027;BOTA KIDY STYLE PRETO;3.966 
363;BOTA KIDY STYLE;3630030;BOTA KIDY STYLE CARAMELO;27 
363;BOTA KIDY STYLE;3630030;BOTA KIDY STYLE MARROM;744 
363;BOTA KIDY STYLE;3630030;BOTA KIDY STYLE PRETO;267 
363;BOTA KIDY STYLE;3630031;BOTA KIDY STYLE CANELA;345 
363;BOTA KIDY STYLE;3630031;BOTA KIDY STYLE MARROM;18 
363;BOTA KIDY STYLE;3630031;BOTA KIDY STYLE PRETO;132 
363;BOTA KIDY STYLE;3630032;BOTA KIDY STYLE MARFIM;543 
363;BOTA KIDY STYLE;3630032;BOTA KIDY STYLE PRETO;3.917 
363;BOTA KIDY STYLE;3630033;BOTA KIDY STYLE AVELA;2.031 
363;BOTA KIDY STYLE;3630033;BOTA KIDY STYLE CAMEL;286 
363;BOTA KIDY STYLE;3630033;BOTA KIDY STYLE MARFIM;1.929 
363;BOTA KIDY STYLE;3630033;BOTA KIDY STYLE PRETO;3.998 
363;BOTA KIDY STYLE;3630034;BOTA KIDY STYLE MARROM;57 
363;BOTA KIDY STYLE;3630034;BOTA KIDY STYLE PRETO;1.526 
363;BOTA KIDY STYLE;3630035;BOTA KIDY STYLE AVELA;30 
363;BOTA KIDY STYLE;3630035;BOTA KIDY STYLE CAMEL;129 
363;BOTA KIDY STYLE;3630035;BOTA KIDY STYLE MARFIM;108 
363;BOTA KIDY STYLE;3630035;BOTA KIDY STYLE PRETO;198 
363;BOTA KIDY STYLE;3630036;BOTA KIDY STYLE PRETO;387 
363;BOTA KIDY STYLE;3630037;BOTA KIDY STYLE MARROM;275 
363;BOTA KIDY STYLE;3630037;BOTA KIDY STYLE PRETO;522 
363;BOTA KIDY STYLE;3630038;BOTA KIDY STYLE AVELA;42 
363;BOTA KIDY STYLE;3630038;BOTA KIDY STYLE CAMEL;21 
363;BOTA KIDY STYLE;3630038;BOTA KIDY STYLE MARFIM;45 
363;BOTA KIDY STYLE;3630038;BOTA KIDY STYLE PRETO;153 
363;BOTA KIDY STYLE;3630039;BOTA KIDY STYLE CAMEL;63 
363;BOTA KIDY STYLE;3630039;BOTA KIDY STYLE CARAMELO;24 
363;BOTA KIDY STYLE;3630039;BOTA KIDY STYLE PRETO;129 
364;JOGGING KIDS JUMP MINECRAFT;3640001;TÊNIS JOGGING KIDS JUMP MINECRAFT VERDE/PRETO;60 
364;JOGGING KIDS JUMP MINECRAFT;3640002;TÊNIS JOGGING KIDS JUMP MINECRAFT PRETO/VERDE;12 
369;SANDÁLIA KIDY GLOSS;3690003;SANDÁLIA KIDY GLOSS VERDE/GLITER;12 
369;SANDÁLIA KIDY GLOSS;3690008;SANDÁLIA KIDY GLOSS PINK NEON;12 
369;SANDÁLIA KIDY GLOSS;3693000;SANDÁLIA KIDY GLOSS AMARELO/GLITER;63 
369;SANDÁLIA KIDY GLOSS;3693000;SANDÁLIA KIDY GLOSS FUME/GLITER;799 
369;SANDÁLIA KIDY GLOSS;3693000;SANDÁLIA KIDY GLOSS LILAS/GLITER;3.675 
369;SANDÁLIA KIDY GLOSS;3693000;SANDÁLIA KIDY GLOSS OURO/GLITER;2.724 
369;SANDÁLIA KIDY GLOSS;3693000;SANDÁLIA KIDY GLOSS OURO/PESSEGO;15.761 
369;SANDÁLIA KIDY GLOSS;3693000;SANDÁLIA KIDY GLOSS PINK/GLITER;25.149 
369;SANDÁLIA KIDY GLOSS;3693000;SANDÁLIA KIDY GLOSS PRETO/GLITER;7.711 
369;SANDÁLIA KIDY GLOSS;3693000;SANDÁLIA KIDY GLOSS ROXO/GLITER;269 
369;SANDÁLIA KIDY GLOSS;3693000;SANDÁLIA KIDY GLOSS VERDE/GLITER;1.699 
369;SANDÁLIA KIDY GLOSS;3693001;SANDÁLIA KIDY GLOSS LILÁS;285 
369;SANDÁLIA KIDY GLOSS;3693001;SANDÁLIA KIDY GLOSS MARINE;54 
369;SANDÁLIA KIDY GLOSS;3693001;SANDÁLIA KIDY GLOSS PINK;684 
369;SANDÁLIA KIDY GLOSS;3693001;SANDÁLIA KIDY GLOSS PRETO;123 
369;SANDÁLIA KIDY GLOSS;3693001;SANDÁLIA KIDY GLOSS ROSA;782 
370;TÊNIS ENERGY TEEN MINE CRAFT;3700004;TÊNIS ENERGY TEEN MINECRAFT MARINHO/VERDE;24 
370;TÊNIS ENERGY TEEN MINE CRAFT;3700006;TÊNIS ENERGY TEEN MINECRAFT PRETO/COLORIDO;12 
373;TÊNIS NEW YORK TEEN MINE CRAFT;3730001;TÊNIS NEW YORK TEEN MINECRAFT PRETO/GRAFITE/AZ PISCINA;12 
373;TÊNIS NEW YORK TEEN MINE CRAFT;3730002;TÊNIS NEW YORK TEEN MINECRAFT ORQUÍDEA/UVA;71 
373;TÊNIS NEW YORK TEEN MINE CRAFT;3730003;TÊNIS NEW YORK TEEN MINECRAFT CINZA/MARINHO/COLORIDO;12 
373;TÊNIS NEW YORK TEEN MINE CRAFT;3730004;TÊNIS NEW YORK TEEN MINECRAFT PRETO/BRANCO/AZUL;12 
373;TÊNIS NEW YORK TEEN MINE CRAFT;3730005;TÊNIS NEW YORK TEEN MINECRAFT PRETO/VERDE/CHUMBO;12 
373;TÊNIS NEW YORK TEEN MINE CRAFT;3731004;TÊNIS NEW YORK TEEN MINECRAFT LILÁS/AZUL;12 
391;SANDÁLIA KIDY TOYS BABY;3910001;SANDÁLIA KIDY TOYS BABY AZUL ROYAL/AMARELO NEON;1.524 
391;SANDÁLIA KIDY TOYS BABY;3910015;SANDÁLIA KIDY TOYS BABY PRETO/LARANJA NEON;84 
391;SANDÁLIA KIDY TOYS BABY;3910017;SANDÁLIA KIDY TOYS BABY MARINHO/LARANJA NEON;4.494 
391;SANDÁLIA KIDY TOYS BABY;3910017;SANDÁLIA KIDY TOYS BABY PRETO/AMARELO;9.309 
391;SANDÁLIA KIDY TOYS BABY;3910017;SANDÁLIA KIDY TOYS BABY PRETO/GELO/VERMELHO;1.878 
391;SANDÁLIA KIDY TOYS BABY;3910019;SANDALIA KIDY TOYS BABY CINZA/AZUL;6 
391;SANDÁLIA KIDY TOYS BABY;3910019;SANDALIA KIDY TOYS BABY GRAFITE/PRETO/AMARELO NEON;285 
391;SANDÁLIA KIDY TOYS BABY;3910019;SANDALIA KIDY TOYS BABY MARINHO/VERMELHO;129 
391;SANDÁLIA KIDY TOYS BABY;3910019;SANDALIA KIDY TOYS BABY PRETO/AMARELO;468 
391;SANDÁLIA KIDY TOYS BABY;3910020;SANDÁLIA KIDY TOYS BABY AZUL/PRETO/LARANJA;498 
391;SANDÁLIA KIDY TOYS BABY;3910020;SANDÁLIA KIDY TOYS BABY GRAFITE/PRETO/AZUL ROYAL;468 
391;SANDÁLIA KIDY TOYS BABY;3910020;SANDÁLIA KIDY TOYS BABY MARINHO/AZUL ROYAL;588 
391;SANDÁLIA KIDY TOYS BABY;3910020;SANDÁLIA KIDY TOYS BABY PRETO/LARANJA;543 
391;SANDÁLIA KIDY TOYS BABY;3911001;SANDÁLIA KIDY TOYS BABY NUDE;1.140 
391;SANDÁLIA KIDY TOYS BABY;3911002;SANDÁLIA KIDY TOYS BABY NUDE;48 
391;SANDÁLIA KIDY TOYS BABY;3911015;SANDÁLIA KIDY TOYS BABY PINK/ROSA CHICLETE;36 
391;SANDÁLIA KIDY TOYS BABY;3911015;SANDÁLIA KIDY TOYS BABY PRETO/PINK NEON;12 
391;SANDÁLIA KIDY TOYS BABY;3911015;SANDÁLIA KIDY TOYS BABY ROSA/NUDE;12 
391;SANDÁLIA KIDY TOYS BABY;3911016;SANDÁLIA KIDY TOYS BABY NUDE/PINK;12 
391;SANDÁLIA KIDY TOYS BABY;3911017;SANDÁLIA KIDY TOYS BABY LILAS;162 
391;SANDÁLIA KIDY TOYS BABY;3911017;SANDÁLIA KIDY TOYS BABY NUDE;4.119 
391;SANDÁLIA KIDY TOYS BABY;3911017;SANDÁLIA KIDY TOYS BABY OURO;840 
391;SANDÁLIA KIDY TOYS BABY;3911018;SANDÁLIA KIDY TOYS BABY BRANCO;441 
391;SANDÁLIA KIDY TOYS BABY;3911018;SANDÁLIA KIDY TOYS BABY MARFIM;81 
391;SANDÁLIA KIDY TOYS BABY;3911018;SANDÁLIA KIDY TOYS BABY OURO;198 
391;SANDÁLIA KIDY TOYS BABY;3911018;SANDÁLIA KIDY TOYS BABY ROSA;219 
391;SANDÁLIA KIDY TOYS BABY;3911019;SANDÁLIA KIDY TOYS BABY NUDE;66 
391;SANDÁLIA KIDY TOYS BABY;3911019;SANDÁLIA KIDY TOYS BABY OURO;153 
391;SANDÁLIA KIDY TOYS BABY;3911019;SANDÁLIA KIDY TOYS BABY PRATA/COLORIDO;228 
391;SANDÁLIA KIDY TOYS BABY;3911019;SANDÁLIA KIDY TOYS BABY PRETO;24 
391;SANDÁLIA KIDY TOYS BABY;3911019;SANDÁLIA KIDY TOYS BABY ROSA;1.755 
392;SANDÁLIA KIDY TOYS;3920001;SANDÁLIA KIDY TOYS CINZA/MARINHO/VERMELHO;12 
392;SANDÁLIA KIDY TOYS;3920002;SANDÁLIA KIDY TOYS CINZA/MARINHO/VERMELHO;48 
392;SANDÁLIA KIDY TOYS;3920002;SANDÁLIA KIDY TOYS MARINHO/AZUL;24 
392;SANDÁLIA KIDY TOYS;3920002;SANDÁLIA KIDY TOYS PRETO/LARANJA;996 
392;SANDÁLIA KIDY TOYS;3920007;SANDÁLIA KIDY TOYS GRAFITE/PRETO;273 
392;SANDÁLIA KIDY TOYS;3920007;SANDÁLIA KIDY TOYS MARINHO/LARANJA;624 
392;SANDÁLIA KIDY TOYS;3920007;SANDÁLIA KIDY TOYS PRETO/LARANJA/PRATA;1.575 
392;SANDÁLIA KIDY TOYS;3920007;SANDÁLIA KIDY TOYS PRETO/VERMELHO;582 
392;SANDÁLIA KIDY TOYS;3920011;SANDÁLIA KIDY TOYS PRETO/GRAFITE/AMARELO;12 
392;SANDÁLIA KIDY TOYS;3920015;SANDÁLIA KIDY TOYS MARINHO/LARANJA NEON;0 
392;SANDÁLIA KIDY TOYS;3920015;SANDÁLIA KIDY TOYS PRETO/AMARELO;0 
392;SANDÁLIA KIDY TOYS;3920016;SANDÁLIA KIDY TOYS MARINHO/VERMELHO;12 
392;SANDÁLIA KIDY TOYS;3920017;SANDÁLIA KIDY TOYS AZUL ROYAL/GELO/VERMELHO;39 
392;SANDÁLIA KIDY TOYS;3920017;SANDÁLIA KIDY TOYS MARINHO/AMARELO NEON;4.968 
392;SANDÁLIA KIDY TOYS;3920017;SANDÁLIA KIDY TOYS PRETO/GELO/AMARELO;5.718 
392;SANDÁLIA KIDY TOYS;3920017;SANDÁLIA KIDY TOYS PRETO/LARANJA NEON;1.623 
392;SANDÁLIA KIDY TOYS;3920019;SANDÁLIA KIDY TOYS GRAFITE/LARANJA;345 
392;SANDÁLIA KIDY TOYS;3920019;SANDÁLIA KIDY TOYS MARINHO/VERDE;690 
392;SANDÁLIA KIDY TOYS;3920019;SANDÁLIA KIDY TOYS PRETO/AZUL ROYAL/AMARELO NEON;312 
392;SANDÁLIA KIDY TOYS;3920020;SANDÁLIA KIDY TOYS GRAFITE/LARANJA;114 
392;SANDÁLIA KIDY TOYS;3920020;SANDÁLIA KIDY TOYS MARINHO/VERDE;1.365 
392;SANDÁLIA KIDY TOYS;3920020;SANDÁLIA KIDY TOYS PRETO/AZUL ROYAL/AMARELO NEON;72 
392;SANDÁLIA KIDY TOYS;3920021;SANDALIA KIDY TOYS CINZA/MARINHO;66 
392;SANDÁLIA KIDY TOYS;3920021;SANDALIA KIDY TOYS GRAFITE/VERDE NEON;36 
392;SANDÁLIA KIDY TOYS;3920021;SANDALIA KIDY TOYS MARINHO/VERDE NEON;198 
392;SANDÁLIA KIDY TOYS;3920021;SANDALIA KIDY TOYS PRETO/LARANJA;747 
392;SANDÁLIA KIDY TOYS;3921001;SANDÁLIA KIDY TOYS INFANTIL BRANCO/ROSA;1.020 
392;SANDÁLIA KIDY TOYS;3921011;SANDÁLIA KIDY TOYS INFANTIL LAVANDA;12 
392;SANDÁLIA KIDY TOYS;3921015;SANDÁLIA KIDY TOYS PRETO/PINK;15 
392;SANDÁLIA KIDY TOYS;3921017;SANDÁLIA KIDY TOYS NUDE;2.646 
392;SANDÁLIA KIDY TOYS;3921017;SANDÁLIA KIDY TOYS PRATA;3.621 
392;SANDÁLIA KIDY TOYS;3921019;SANDÁLIA KIDY TOYS AZUL BB;153 
392;SANDÁLIA KIDY TOYS;3921019;SANDÁLIA KIDY TOYS BRANCO;333 
392;SANDÁLIA KIDY TOYS;3921019;SANDÁLIA KIDY TOYS LILAS;60 
392;SANDÁLIA KIDY TOYS;3921019;SANDÁLIA KIDY TOYS NUDE;1.326 
392;SANDÁLIA KIDY TOYS;3921020;SANDÁLIA KIDY TOYS BRANCO;93 
392;SANDÁLIA KIDY TOYS;3921020;SANDÁLIA KIDY TOYS LILAS;60 
392;SANDÁLIA KIDY TOYS;3921020;SANDÁLIA KIDY TOYS MARFIM;165 
392;SANDÁLIA KIDY TOYS;3921020;SANDÁLIA KIDY TOYS ROSA/BRANCO;492 
392;SANDÁLIA KIDY TOYS;3922017;SANDÁLIA KIDY TOYS AZUL ROYAL/GELO/VERMELHO;24 
392;SANDÁLIA KIDY TOYS;3922017;SANDÁLIA KIDY TOYS GRAFITE/PRETO/VERDE;216 
392;SANDÁLIA KIDY TOYS;3922017;SANDÁLIA KIDY TOYS MARINHO/AMARELO NEON;807 
392;SANDÁLIA KIDY TOYS;3922017;SANDÁLIA KIDY TOYS PRETO/GELO/AMARELO;2.061 
392;SANDÁLIA KIDY TOYS;3922017;SANDÁLIA KIDY TOYS PRETO/LARANJA NEON;723 
420;SANDÁLIA KIDY ISIS;4200020;SANDALIA KIDY ISIS MARFIM;30 
420;SANDÁLIA KIDY ISIS;4200021;SANDALIA KIDY ISIS MARINE;12 
420;SANDÁLIA KIDY ISIS;4200023;SANDALIA KIDY ISIS OURO;12 
420;SANDÁLIA KIDY ISIS;4200024;SANDALIA KIDY ISIS NUDE;18 
420;SANDÁLIA KIDY ISIS;4200027;SANDALIA KIDY ISIS BRANCO;12 
420;SANDÁLIA KIDY ISIS;4200027;SANDALIA KIDY ISIS NUDE;12 
420;SANDÁLIA KIDY ISIS;4200028;SANDALIA KIDY ISIS OURO;36 
420;SANDÁLIA KIDY ISIS;4200028;SANDALIA KIDY ISIS PRATA;12 
420;SANDÁLIA KIDY ISIS;4200028;SANDALIA KIDY ISIS PRETO;69 
420;SANDÁLIA KIDY ISIS;4200029;SANDALIA KIDY ISIS LARANJA;0 
420;SANDÁLIA KIDY ISIS;4200029;SANDALIA KIDY ISIS MARFIM;116 
420;SANDÁLIA KIDY ISIS;4200029;SANDALIA KIDY ISIS OURO;54 
420;SANDÁLIA KIDY ISIS;4200029;SANDALIA KIDY ISIS PRETO;108 
420;SANDÁLIA KIDY ISIS;4200030;SANDALIA KIDY ISIS AZUL;54 
420;SANDÁLIA KIDY ISIS;4200030;SANDALIA KIDY ISIS BRANCO;168 
420;SANDÁLIA KIDY ISIS;4200030;SANDALIA KIDY ISIS MARFIM;632 
420;SANDÁLIA KIDY ISIS;4200030;SANDALIA KIDY ISIS NUDE;1.075 
420;SANDÁLIA KIDY ISIS;4200031;SANDALIA KIDY ISIS BRANCO;56 
420;SANDÁLIA KIDY ISIS;4200031;SANDALIA KIDY ISIS MARFIM;185 
420;SANDÁLIA KIDY ISIS;4200031;SANDALIA KIDY ISIS OURO;208 
420;SANDÁLIA KIDY ISIS;4200033;SANDALIA KIDY ISIS BRANCO;18 
420;SANDÁLIA KIDY ISIS;4200033;SANDALIA KIDY ISIS MARFIM;390 
420;SANDÁLIA KIDY ISIS;4200033;SANDALIA KIDY ISIS NUDE;156 
420;SANDÁLIA KIDY ISIS;4200033;SANDALIA KIDY ISIS OURO;994 
420;SANDÁLIA KIDY ISIS;4200033;SANDALIA KIDY ISIS PRATA;18 
420;SANDÁLIA KIDY ISIS;4200033;SANDALIA KIDY ISIS PRETO;218 
420;SANDÁLIA KIDY ISIS;4200034;SANDALIA KIDY ISIS BRANCO;6 
420;SANDÁLIA KIDY ISIS;4200034;SANDALIA KIDY ISIS MARFIM;321 
420;SANDÁLIA KIDY ISIS;4200034;SANDALIA KIDY ISIS NUDE;101 
420;SANDÁLIA KIDY ISIS;4200034;SANDALIA KIDY ISIS OURO;96 
420;SANDÁLIA KIDY ISIS;4200034;SANDALIA KIDY ISIS PRATA;261 
420;SANDÁLIA KIDY ISIS;4200035;SANDALIA KIDY ISIS BRANCO;417 
420;SANDÁLIA KIDY ISIS;4200035;SANDALIA KIDY ISIS NUDE;483 
420;SANDÁLIA KIDY ISIS;4200035;SANDALIA KIDY ISIS OURO;1.112 
420;SANDÁLIA KIDY ISIS;4200035;SANDALIA KIDY ISIS PRATA;555 
420;SANDÁLIA KIDY ISIS;4200035;SANDALIA KIDY ISIS PRETO;201 
420;SANDÁLIA KIDY ISIS;4200036;SANDALIA KIDY ISIS NUDE;51 
420;SANDÁLIA KIDY ISIS;4200036;SANDALIA KIDY ISIS OURO;378 
420;SANDÁLIA KIDY ISIS;4200036;SANDALIA KIDY ISIS PESSEGO;6 
420;SANDÁLIA KIDY ISIS;4200036;SANDALIA KIDY ISIS PRATA;126 
420;SANDÁLIA KIDY ISIS;4200036;SANDALIA KIDY ISIS PRETO;822 
420;SANDÁLIA KIDY ISIS;4200037;SANDALIA KIDY ISIS BRANCO;156 
420;SANDÁLIA KIDY ISIS;4200037;SANDALIA KIDY ISIS LILÁS;69 
420;SANDÁLIA KIDY ISIS;4200037;SANDALIA KIDY ISIS NUDE;501 
420;SANDÁLIA KIDY ISIS;4200037;SANDALIA KIDY ISIS PRETO;285 
420;SANDÁLIA KIDY ISIS;4200038;SANDALIA KIDY ISIS AZUL BEBE;18 
420;SANDÁLIA KIDY ISIS;4200038;SANDALIA KIDY ISIS BRANCO;4.221 
420;SANDÁLIA KIDY ISIS;4200038;SANDALIA KIDY ISIS NUDE;3.977 
420;SANDÁLIA KIDY ISIS;4200038;SANDALIA KIDY ISIS PINK;51 
420;SANDÁLIA KIDY ISIS;4200038;SANDALIA KIDY ISIS PRETO;3.216 
420;SANDÁLIA KIDY ISIS;4200039;SANDALIA KIDY ISIS BRANCO;264 
420;SANDÁLIA KIDY ISIS;4200039;SANDALIA KIDY ISIS NUDE;300 
420;SANDÁLIA KIDY ISIS;4200039;SANDALIA KIDY ISIS OURO;528 
420;SANDÁLIA KIDY ISIS;4200039;SANDALIA KIDY ISIS PESSEGO;33 
420;SANDÁLIA KIDY ISIS;4200039;SANDALIA KIDY ISIS PRETO;69 
420;SANDÁLIA KIDY ISIS;4200040;SANDALIA KIDY ISIS BRANCO;272 
420;SANDÁLIA KIDY ISIS;4200040;SANDALIA KIDY ISIS NUDE;303 
420;SANDÁLIA KIDY ISIS;4200040;SANDALIA KIDY ISIS OURO;2.011 
420;SANDÁLIA KIDY ISIS;4200040;SANDALIA KIDY ISIS PRATA;258 
420;SANDÁLIA KIDY ISIS;4200040;SANDALIA KIDY ISIS PRETO;384 
420;SANDÁLIA KIDY ISIS;4200041;SANDALIA KIDY ISIS BRANCO;36 
420;SANDÁLIA KIDY ISIS;4200041;SANDALIA KIDY ISIS NUDE;90 
420;SANDÁLIA KIDY ISIS;4200041;SANDALIA KIDY ISIS OURO;228 
420;SANDÁLIA KIDY ISIS;4200041;SANDALIA KIDY ISIS PESSEGO;21 
420;SANDÁLIA KIDY ISIS;4200041;SANDALIA KIDY ISIS PRETO;213 
420;SANDÁLIA KIDY ISIS;4200045;SANDALIA KIDY ISIS BRANCO;171 
420;SANDÁLIA KIDY ISIS;4200045;SANDALIA KIDY ISIS MARFIM;255 
420;SANDÁLIA KIDY ISIS;4200045;SANDALIA KIDY ISIS NUDE;72 
420;SANDÁLIA KIDY ISIS;4200045;SANDALIA KIDY ISIS OURO;534 
420;SANDÁLIA KIDY ISIS;4200045;SANDALIA KIDY ISIS PRETO;72 
420;SANDÁLIA KIDY ISIS;4200046;SANDALIA KIDY ISIS BRANCO;396 
420;SANDÁLIA KIDY ISIS;4200046;SANDALIA KIDY ISIS OURO;2.993 
420;SANDÁLIA KIDY ISIS;4200046;SANDALIA KIDY ISIS PRETO;573 
420;SANDÁLIA KIDY ISIS;4200047;SANDALIA KIDY ISIS MARFIM;81 
420;SANDÁLIA KIDY ISIS;4200047;SANDALIA KIDY ISIS NUDE;93 
420;SANDÁLIA KIDY ISIS;4200047;SANDALIA KIDY ISIS OURO;27 
420;SANDÁLIA KIDY ISIS;4200047;SANDALIA KIDY ISIS PRETO;66 
420;SANDÁLIA KIDY ISIS;4200048;SANDALIA KIDY ISIS BRANCO;45 
420;SANDÁLIA KIDY ISIS;4200048;SANDALIA KIDY ISIS BRONZE;384 
420;SANDÁLIA KIDY ISIS;4200048;SANDALIA KIDY ISIS MARFIM;362 
420;SANDÁLIA KIDY ISIS;4200048;SANDALIA KIDY ISIS OURO;88 
420;SANDÁLIA KIDY ISIS;4200048;SANDALIA KIDY ISIS PRETO;180 
420;SANDÁLIA KIDY ISIS;4200049;SANDALIA KIDY ISIS BRANCO;12 
420;SANDÁLIA KIDY ISIS;4200049;SANDALIA KIDY ISIS MARFIM;360 
420;SANDÁLIA KIDY ISIS;4200049;SANDALIA KIDY ISIS NUDE;72 
420;SANDÁLIA KIDY ISIS;4200049;SANDALIA KIDY ISIS PRETO;189 
420;SANDÁLIA KIDY ISIS;4200050;SANDALIA KIDY ISIS BRANCO;168 
420;SANDÁLIA KIDY ISIS;4200050;SANDALIA KIDY ISIS OURO;1.242 
420;SANDÁLIA KIDY ISIS;4200050;SANDALIA KIDY ISIS PRETO;120 
420;SANDÁLIA KIDY ISIS;4200052;SANDALIA KIDY ISIS BRANCO;18 
420;SANDÁLIA KIDY ISIS;4200052;SANDALIA KIDY ISIS MARFIM NEW;87 
420;SANDÁLIA KIDY ISIS;4200052;SANDALIA KIDY ISIS NUDE;168 
420;SANDÁLIA KIDY ISIS;4200052;SANDALIA KIDY ISIS OURO;45 
420;SANDÁLIA KIDY ISIS;4200052;SANDALIA KIDY ISIS PRETO;117 
420;SANDÁLIA KIDY ISIS;4200053;SANDALIA KIDY ISIS BRANCO;12 
420;SANDÁLIA KIDY ISIS;4200053;SANDALIA KIDY ISIS MARFIM;168 
420;SANDÁLIA KIDY ISIS;4200053;SANDALIA KIDY ISIS OURO;30 
420;SANDÁLIA KIDY ISIS;4200053;SANDALIA KIDY ISIS PRETO;51 
420;SANDÁLIA KIDY ISIS;4200054;SANDALIA KIDY ISIS BRANCO;120 
420;SANDÁLIA KIDY ISIS;4200054;SANDALIA KIDY ISIS MARFIM;264 
420;SANDÁLIA KIDY ISIS;4200054;SANDALIA KIDY ISIS NUDE;36 
420;SANDÁLIA KIDY ISIS;4200054;SANDALIA KIDY ISIS OURO;150 
420;SANDÁLIA KIDY ISIS;4200054;SANDALIA KIDY ISIS PRATA;12 
420;SANDÁLIA KIDY ISIS;4200054;SANDALIA KIDY ISIS PRETO;132 
422;TÊNIS KIDY TOYS PRIMEIROS PASSOS;4220002;TÊNIS KIDY TOYS PRIMEIROS PASSOS CASTANHO/LARANJA;12 
425;SANDALIA FANFIK;4250001;SANDÁLIA FANFIK BRANCO;59 
425;SANDALIA FANFIK;4250001;SANDÁLIA FANFIK OURO;96 
425;SANDALIA FANFIK;4250001;SANDÁLIA FANFIK PRETO;204 
425;SANDALIA FANFIK;4250002;SANDÁLIA FANFIK BRANCO;24 
425;SANDALIA FANFIK;4250002;SANDÁLIA FANFIK PINK;60 
425;SANDALIA FANFIK;4250002;SANDÁLIA FANFIK PRETO;36 
428;TENIS K360 JOGGER;4280010;TENIS K360 JOGGER BRANCO/BEGE/MARINHO;228 
428;TENIS K360 JOGGER;4280010;TENIS K360 JOGGER CINZA/MARINHO;72 
428;TENIS K360 JOGGER;4280010;TENIS K360 JOGGER NATURAL/MARROM;711 
428;TENIS K360 JOGGER;4280010;TENIS K360 JOGGER PRETO;216 
428;TENIS K360 JOGGER;4280010;TENIS K360 JOGGER VERDE/PRETO;12 
428;TENIS K360 JOGGER;4280011;TENIS K360 JOGGER BRANCO/MARINHO/VERDE;60 
428;TENIS K360 JOGGER;4280011;TENIS K360 JOGGER MARINHO/CARAMELO;948 
428;TENIS K360 JOGGER;4280011;TENIS K360 JOGGER NATURAL/MARINHO;480 
428;TENIS K360 JOGGER;4280011;TENIS K360 JOGGER PRETO/BRANCO;81 
428;TENIS K360 JOGGER;4280011;TENIS K360 JOGGER PRETO/CARAMELO;99 
428;TENIS K360 JOGGER;4281010;TENIS K360 JOGGER BRANCO;33 
428;TENIS K360 JOGGER;4281010;TENIS K360 JOGGER MARFIM;714 
428;TENIS K360 JOGGER;4281010;TENIS K360 JOGGER OURO;60 
428;TENIS K360 JOGGER;4281010;TENIS K360 JOGGER PRETO;87 
428;TENIS K360 JOGGER;4281011;TENIS K360 JOGGER ANIS/AMARELO/NUDE;9 
428;TENIS K360 JOGGER;4281011;TENIS K360 JOGGER BEGE/ONÇA;15 
428;TENIS K360 JOGGER;4281011;TENIS K360 JOGGER BRANCO/PRATA;60 
428;TENIS K360 JOGGER;4281011;TENIS K360 JOGGER BRANCO/ROSA;288 
428;TENIS K360 JOGGER;4281011;TENIS K360 JOGGER MARFIM/MULTICOLORIDO;27 
428;TENIS K360 JOGGER;4281011;TENIS K360 JOGGER MARFIM/OURO;300 
428;TENIS K360 JOGGER;4281011;TENIS K360 JOGGER PRETO;240 
434;BOTA FANFIK TRENDY;4340001;BOTA  TRENDY CAMEL;12 
434;BOTA FANFIK TRENDY;4340002;BOTA TRENDY AVELÃ;12 
434;BOTA FANFIK TRENDY;4340005;BOTA TRENDY PRETO;12 
434;BOTA FANFIK TRENDY;4340006;BOTA TRENDY AVELÃ;12 
434;BOTA FANFIK TRENDY;4340007;BOTA TRENDY PRATA;12 
436;TÊNIS KIDY JUMP RESPITEC;4360005;TÊNIS KIDY JUMP RESPITEC PRETO/VERMELHO;12 
436;TÊNIS KIDY JUMP RESPITEC;4361001;TÊNIS KIDY JUMP RESPITEC PRETO/GLOSS;12 
436;TÊNIS KIDY JUMP RESPITEC;4361003;TÊNIS KIDY JUMP RESPITEC AZUL BB/PINK;72 
437;PAPETE KIDY FASHION;4370005;PAPETE KIDY FASHION NUDE;126 
437;PAPETE KIDY FASHION;4370005;PAPETE KIDY FASHION OURO;408 
437;PAPETE KIDY FASHION;4370005;PAPETE KIDY FASHION PESSEGO;6 
437;PAPETE KIDY FASHION;4370005;PAPETE KIDY FASHION PINK;456 
437;PAPETE KIDY FASHION;4370005;PAPETE KIDY FASHION PRETO;438 
437;PAPETE KIDY FASHION;4370006;PAPETE KIDY FASHION MARFIM;108 
437;PAPETE KIDY FASHION;4370006;PAPETE KIDY FASHION NUDE;75 
437;PAPETE KIDY FASHION;4370006;PAPETE KIDY FASHION PESSEGO;102 
437;PAPETE KIDY FASHION;4370006;PAPETE KIDY FASHION PRETO;210 
437;PAPETE KIDY FASHION;4370007;PAPETE KIDY FASHION NUDE;114 
437;PAPETE KIDY FASHION;4370007;PAPETE KIDY FASHION OURO;1.323 
437;PAPETE KIDY FASHION;4370007;PAPETE KIDY FASHION PRETO;117 
437;PAPETE KIDY FASHION;4370007;PAPETE KIDY FASHION ROSA;15 
437;PAPETE KIDY FASHION;4370008;PAPETE KIDY FASHION NUDE;405 
437;PAPETE KIDY FASHION;4370008;PAPETE KIDY FASHION OURO;129 
437;PAPETE KIDY FASHION;4370008;PAPETE KIDY FASHION PINK;6 
437;PAPETE KIDY FASHION;4370008;PAPETE KIDY FASHION PRETO;93 
437;PAPETE KIDY FASHION;4370009;PAPETE KIDY FASHION NUDE;123 
437;PAPETE KIDY FASHION;4370009;PAPETE KIDY FASHION OURO;384 
437;PAPETE KIDY FASHION;4370009;PAPETE KIDY FASHION PINK;51 
437;PAPETE KIDY FASHION;4370009;PAPETE KIDY FASHION PRETO;1.524 
437;PAPETE KIDY FASHION;4370010;PAPETE KIDY FASHION NUDE;477 
437;PAPETE KIDY FASHION;4370010;PAPETE KIDY FASHION OURO;294 
437;PAPETE KIDY FASHION;4370010;PAPETE KIDY FASHION PRETO;30 
437;PAPETE KIDY FASHION;4370011;PAPETE KIDY FASHION NUDE;153 
437;PAPETE KIDY FASHION;4370011;PAPETE KIDY FASHION OURO;2.214 
437;PAPETE KIDY FASHION;4370011;PAPETE KIDY FASHION PESSEGO;15 
437;PAPETE KIDY FASHION;4370011;PAPETE KIDY FASHION PRETO;183 
437;PAPETE KIDY FASHION;4370012;PAPETE KIDY FASHION BRANCO;228 
437;PAPETE KIDY FASHION;4370012;PAPETE KIDY FASHION NUDE;261 
437;PAPETE KIDY FASHION;4370012;PAPETE KIDY FASHION ROSA;69 
437;PAPETE KIDY FASHION;4370013;PAPETE KIDY FASHION NUDE;1.626 
437;PAPETE KIDY FASHION;4370013;PAPETE KIDY FASHION OURO;7.205 
437;PAPETE KIDY FASHION;4370013;PAPETE KIDY FASHION PESSEGO;21 
437;PAPETE KIDY FASHION;4370013;PAPETE KIDY FASHION PRETO;1.254 
437;PAPETE KIDY FASHION;4370014;PAPETE KIDY FASHION BRANCO;42 
437;PAPETE KIDY FASHION;4370014;PAPETE KIDY FASHION NUDE;15 
437;PAPETE KIDY FASHION;4370014;PAPETE KIDY FASHION OURO;351 
437;PAPETE KIDY FASHION;4370014;PAPETE KIDY FASHION PINK;6 
437;PAPETE KIDY FASHION;4370014;PAPETE KIDY FASHION PRETO;45 
437;PAPETE KIDY FASHION;4370015;PAPETE KIDY FASHION BRANCO;186 
437;PAPETE KIDY FASHION;4370015;PAPETE KIDY FASHION OURO;84 
437;PAPETE KIDY FASHION;4370015;PAPETE KIDY FASHION PRETO;75 
437;PAPETE KIDY FASHION;4373000;PAPETE KIDY FASHION MARFIM;624 
437;PAPETE KIDY FASHION;4373000;PAPETE KIDY FASHION OURO;963 
437;PAPETE KIDY FASHION;4373000;PAPETE KIDY FASHION PRETO;4.292 
437;PAPETE KIDY FASHION;4373001;PAPETE KIDY FASHION MARFIM;641 
437;PAPETE KIDY FASHION;4373001;PAPETE KIDY FASHION OURO;1.173 
437;PAPETE KIDY FASHION;4373001;PAPETE KIDY FASHION PRETO;2.924 
438;TENIS KIDY SUPER CONFORTO RESPI-TEC;4380001;T.KIDY SUPER CONFORTO RESPI-TEC MRNH/AZ/VRMLH;0 
438;TENIS KIDY SUPER CONFORTO RESPI-TEC;4380001;T.KIDY SUPER CONFORTO RESPI-TEC PRETO/AZUL/LARANJA;0 
438;TENIS KIDY SUPER CONFORTO RESPI-TEC;4380002;T.KIDY SUPER CONFORTO RESPI-TEC AZUL/AMARELO NEON;1.074 
438;TENIS KIDY SUPER CONFORTO RESPI-TEC;4380002;T.KIDY SUPER CONFORTO RESPI-TEC MARINHO;2.865 
438;TENIS KIDY SUPER CONFORTO RESPI-TEC;4380002;T.KIDY SUPER CONFORTO RESPI-TEC MARINHO/AMRLO NEON;2.684 
438;TENIS KIDY SUPER CONFORTO RESPI-TEC;4380002;T.KIDY SUPER CONFORTO RESPI-TEC MARINHO/LARANJA NEON;498 
438;TENIS KIDY SUPER CONFORTO RESPI-TEC;4380002;T.KIDY SUPER CONFORTO RESPI-TEC PRETO/AZUL ROYAL;573 
438;TENIS KIDY SUPER CONFORTO RESPI-TEC;4380002;T.KIDY SUPER CONFORTO RESPI-TEC PRETO/VERMELHO;564 
438;TENIS KIDY SUPER CONFORTO RESPI-TEC;4380002;T.KIDY SUPER CONFORTO RESPI-TEC PTO/AMRL NEON;1.401 
438;TENIS KIDY SUPER CONFORTO RESPI-TEC;4380002;T.KIDY SUPER CONFORTO RESPI-TEC PTO/GELO/VERMELHO;1.036 
438;TENIS KIDY SUPER CONFORTO RESPI-TEC;4380002;T.KIDY SUPER CONFORTO RESPI-TEC PTO/GRAFITE/AMRLO NEON;387 
438;TENIS KIDY SUPER CONFORTO RESPI-TEC;4380002;T.KIDY SUPER CONFORTO RESPI-TEC PTO/GRAFITE/LARANJA;645 
438;TENIS KIDY SUPER CONFORTO RESPI-TEC;4380003;T.KIDY SUPER CONFORTO RESPI-TEC GRAFITE/PRETO/LARANJA;311 
438;TENIS KIDY SUPER CONFORTO RESPI-TEC;4380003;T.KIDY SUPER CONFORTO RESPI-TEC MARINHO/AZUL ROYAL;57 
438;TENIS KIDY SUPER CONFORTO RESPI-TEC;4380003;T.KIDY SUPER CONFORTO RESPI-TEC MARINHO/AZUL ROYAL/VERMELHO;36 
438;TENIS KIDY SUPER CONFORTO RESPI-TEC;4380003;T.KIDY SUPER CONFORTO RESPI-TEC MARINHO/LARANJA/AMARELO NEON;201 
438;TENIS KIDY SUPER CONFORTO RESPI-TEC;4380003;T.KIDY SUPER CONFORTO RESPI-TEC PRETO/AMARELO NEON;259 
438;TENIS KIDY SUPER CONFORTO RESPI-TEC;4380004;T.KIDY SUPER CONFORTO RESPITEC AZUL/VERMELHO;342 
438;TENIS KIDY SUPER CONFORTO RESPI-TEC;4380004;T.KIDY SUPER CONFORTO RESPITEC GRAFITE/PRETO;1.186 
438;TENIS KIDY SUPER CONFORTO RESPI-TEC;4380004;T.KIDY SUPER CONFORTO RESPITEC MARINHO;250 
438;TENIS KIDY SUPER CONFORTO RESPI-TEC;4380004;T.KIDY SUPER CONFORTO RESPITEC MARINHO/AMARELO NEON;9.561 
438;TENIS KIDY SUPER CONFORTO RESPI-TEC;4380004;T.KIDY SUPER CONFORTO RESPITEC PRETO;8.767 
438;TENIS KIDY SUPER CONFORTO RESPI-TEC;4380004;T.KIDY SUPER CONFORTO RESPITEC PRETO/AMARELO NEON;2.090 
438;TENIS KIDY SUPER CONFORTO RESPI-TEC;4380004;T.KIDY SUPER CONFORTO RESPITEC PRETO/AZUL ROYAL;1.905 
438;TENIS KIDY SUPER CONFORTO RESPI-TEC;4380004;T.KIDY SUPER CONFORTO RESPITEC PRETO/BRANCO;2.506 
438;TENIS KIDY SUPER CONFORTO RESPI-TEC;4380004;T.KIDY SUPER CONFORTO RESPITEC PRETO/LIMA;54 
438;TENIS KIDY SUPER CONFORTO RESPI-TEC;4380004;T.KIDY SUPER CONFORTO RESPITEC PRETO/VERMELHO;6.686 
438;TENIS KIDY SUPER CONFORTO RESPI-TEC;4380004;T.KIDY SUPER CONFORTO RESPITEC PRETO/VERMELHO/CINZA;720 
438;TENIS KIDY SUPER CONFORTO RESPI-TEC;4380006;T.KIDY SUPER CONFORTO RESPITEC GRAFITE/PRETO/VERMELHO;591 
438;TENIS KIDY SUPER CONFORTO RESPI-TEC;4380006;T.KIDY SUPER CONFORTO RESPITEC MARINHO/AMARELO;4.256 
438;TENIS KIDY SUPER CONFORTO RESPI-TEC;4380006;T.KIDY SUPER CONFORTO RESPITEC PRETO;2.776 
438;TENIS KIDY SUPER CONFORTO RESPI-TEC;4380006;T.KIDY SUPER CONFORTO RESPITEC PRETO/AMARELO NEON;1.944 
438;TENIS KIDY SUPER CONFORTO RESPI-TEC;4380006;T.KIDY SUPER CONFORTO RESPITEC PRETO/AZUL ROYAL;1.047 
438;TENIS KIDY SUPER CONFORTO RESPI-TEC;4380006;T.KIDY SUPER CONFORTO RESPITEC PRETO/LARANJA NEON;5.379 
438;TENIS KIDY SUPER CONFORTO RESPI-TEC;4380007;T.KIDY SUPER CONFORTO RESPI-TEC MARINHO/AZUL;24 
438;TENIS KIDY SUPER CONFORTO RESPI-TEC;4380007;T.KIDY SUPER CONFORTO RESPI-TEC MARINHO/VERMELHO;165 
438;TENIS KIDY SUPER CONFORTO RESPI-TEC;4380007;T.KIDY SUPER CONFORTO RESPI-TEC PRETO/PRATA;117 
438;TENIS KIDY SUPER CONFORTO RESPI-TEC;4380007;T.KIDY SUPER CONFORTO RESPI-TEC PRETO/VERDE FLUOR;135 
438;TENIS KIDY SUPER CONFORTO RESPI-TEC;4380008;T.KIDY SUPER CONFORTO RESPI-TEC MARINHO/VERMELHO;9 
438;TENIS KIDY SUPER CONFORTO RESPI-TEC;4380008;T.KIDY SUPER CONFORTO RESPI-TEC PRETO/PRATA;9 
438;TENIS KIDY SUPER CONFORTO RESPI-TEC;4380008;T.KIDY SUPER CONFORTO RESPI-TEC PRETO/VERDE FLUOR;12 
438;TENIS KIDY SUPER CONFORTO RESPI-TEC;4380009;T.KIDY SUPER CONFORTO RESPI-TEC GRAFITE/AMARELO NEON;276 
438;TENIS KIDY SUPER CONFORTO RESPI-TEC;4380009;T.KIDY SUPER CONFORTO RESPI-TEC MARINHO/AZUL STONE;306 
438;TENIS KIDY SUPER CONFORTO RESPI-TEC;4380009;T.KIDY SUPER CONFORTO RESPI-TEC MARINHO/LARANJA NEON;1.614 
438;TENIS KIDY SUPER CONFORTO RESPI-TEC;4380009;T.KIDY SUPER CONFORTO RESPI-TEC PRETO/GELO/VERMELHO;717 
438;TENIS KIDY SUPER CONFORTO RESPI-TEC;4380010;T.KIDY SUPER CONFORTO RESPI-TEC MARINHO/AZUL STONE;600 
438;TENIS KIDY SUPER CONFORTO RESPI-TEC;4380010;T.KIDY SUPER CONFORTO RESPI-TEC MARINHO/LARANJA NEON;252 
438;TENIS KIDY SUPER CONFORTO RESPI-TEC;4380011;T.KIDY SUPER CONFORTO RESPI-TEC PTO/GELO/VERMELHO;1.536 
438;TENIS KIDY SUPER CONFORTO RESPI-TEC;4381001;T.KIDY SUPER CONFORTO RESPI-TEC MARINHO/ACQUA/PINK;0 
438;TENIS KIDY SUPER CONFORTO RESPI-TEC;4381002;T.KIDY SUPER CONFORTO RESPI-TEC AZALEIA;1.686 
438;TENIS KIDY SUPER CONFORTO RESPI-TEC;4381002;T.KIDY SUPER CONFORTO RESPI-TEC CINZA/PINK;546 
438;TENIS KIDY SUPER CONFORTO RESPI-TEC;4381002;T.KIDY SUPER CONFORTO RESPI-TEC MARINHO/LILAS;735 
438;TENIS KIDY SUPER CONFORTO RESPI-TEC;4381002;T.KIDY SUPER CONFORTO RESPI-TEC MARINHO/PINK NEON;2.442 
438;TENIS KIDY SUPER CONFORTO RESPI-TEC;4381002;T.KIDY SUPER CONFORTO RESPI-TEC PRETO/AZUL/PINK;654 
438;TENIS KIDY SUPER CONFORTO RESPI-TEC;4381002;T.KIDY SUPER CONFORTO RESPI-TEC PRETO/GRAFITE/GLOSS;264 
438;TENIS KIDY SUPER CONFORTO RESPI-TEC;4381002;T.KIDY SUPER CONFORTO RESPI-TEC PRETO/GRAFITE/PINK;48 
438;TENIS KIDY SUPER CONFORTO RESPI-TEC;4381002;T.KIDY SUPER CONFORTO RESPI-TEC PRETO/PINK NEON;1.973 
438;TENIS KIDY SUPER CONFORTO RESPI-TEC;4381002;T.KIDY SUPER CONFORTO RESPI-TEC ROSA;747 
438;TENIS KIDY SUPER CONFORTO RESPI-TEC;4381003;T.KIDY SUPER CONFORTO RESPI-TEC AZALEIA/JEANS;147 
438;TENIS KIDY SUPER CONFORTO RESPI-TEC;4381003;T.KIDY SUPER CONFORTO RESPI-TEC GRAFITE/PRETO/ROSA;27 
438;TENIS KIDY SUPER CONFORTO RESPI-TEC;4381003;T.KIDY SUPER CONFORTO RESPI-TEC MARINHO/PINK NEON;57 
438;TENIS KIDY SUPER CONFORTO RESPI-TEC;4381003;T.KIDY SUPER CONFORTO RESPI-TEC PRETO/ACQUA/PINK;60 
438;TENIS KIDY SUPER CONFORTO RESPI-TEC;4381004;T.KIDY SUPER CONFORTO RESPITEC AZALEIA/JEANS;3.477 
438;TENIS KIDY SUPER CONFORTO RESPI-TEC;4381004;T.KIDY SUPER CONFORTO RESPITEC BRANCO/PINK NEON;636 
438;TENIS KIDY SUPER CONFORTO RESPI-TEC;4381004;T.KIDY SUPER CONFORTO RESPITEC MARINHO/PINK;4.785 
438;TENIS KIDY SUPER CONFORTO RESPI-TEC;4381004;T.KIDY SUPER CONFORTO RESPITEC NUDE/ROSA;339 
438;TENIS KIDY SUPER CONFORTO RESPI-TEC;4381004;T.KIDY SUPER CONFORTO RESPITEC PRETO/GLOSS;174 
438;TENIS KIDY SUPER CONFORTO RESPI-TEC;4381004;T.KIDY SUPER CONFORTO RESPITEC PRETO/MAGENTA;18 
438;TENIS KIDY SUPER CONFORTO RESPI-TEC;4381004;T.KIDY SUPER CONFORTO RESPITEC PRETO/PINK NEON;6.551 
438;TENIS KIDY SUPER CONFORTO RESPI-TEC;4381004;T.KIDY SUPER CONFORTO RESPITEC PRETO/RS.CHICLETE;8.781 
438;TENIS KIDY SUPER CONFORTO RESPI-TEC;4381006;T.KIDY SUPER CONFORTO RESPITEC CINZA/PINK;402 
438;TENIS KIDY SUPER CONFORTO RESPI-TEC;4381006;T.KIDY SUPER CONFORTO RESPITEC MARINHO/PINK NEW;1.671 
438;TENIS KIDY SUPER CONFORTO RESPI-TEC;4381006;T.KIDY SUPER CONFORTO RESPITEC NUDE/PINK;498 
438;TENIS KIDY SUPER CONFORTO RESPI-TEC;4381006;T.KIDY SUPER CONFORTO RESPITEC PRETO/ACQUA/PINK;2.075 
438;TENIS KIDY SUPER CONFORTO RESPI-TEC;4381006;T.KIDY SUPER CONFORTO RESPITEC PRETO/PINK;3.918 
438;TENIS KIDY SUPER CONFORTO RESPI-TEC;4381006;T.KIDY SUPER CONFORTO RESPITEC PRETO/PINK NEON;995 
438;TENIS KIDY SUPER CONFORTO RESPI-TEC;4381007;T.KIDY SUPER CONFORTO RESPI-TEC MARINHO/LILÁS;24 
438;TENIS KIDY SUPER CONFORTO RESPI-TEC;4381007;T.KIDY SUPER CONFORTO RESPI-TEC NUDE/ROSA;48 
438;TENIS KIDY SUPER CONFORTO RESPI-TEC;4381007;T.KIDY SUPER CONFORTO RESPI-TEC PRETO/ACQUA/PINK;48 
438;TENIS KIDY SUPER CONFORTO RESPI-TEC;4381007;T.KIDY SUPER CONFORTO RESPI-TEC PRETO/ROSA CHICLETE;57 
438;TENIS KIDY SUPER CONFORTO RESPI-TEC;4381008;T.KIDY SUPER CONFORTO RESPI-TEC MARINHO/LILÁS;21 
438;TENIS KIDY SUPER CONFORTO RESPI-TEC;4381008;T.KIDY SUPER CONFORTO RESPI-TEC NUDE/ROSA;174 
438;TENIS KIDY SUPER CONFORTO RESPI-TEC;4381008;T.KIDY SUPER CONFORTO RESPI-TEC PRETO/ROSA CHICLETE;51 
438;TENIS KIDY SUPER CONFORTO RESPI-TEC;4381009;T.KIDY SUPER CONFORTO RESPI-TEC AZALEIA/JEANS;201 
438;TENIS KIDY SUPER CONFORTO RESPI-TEC;4381009;T.KIDY SUPER CONFORTO RESPI-TEC MARINHO/ROSA/NUDE;504 
438;TENIS KIDY SUPER CONFORTO RESPI-TEC;4381009;T.KIDY SUPER CONFORTO RESPI-TEC PRETO/LILAS;588 
438;TENIS KIDY SUPER CONFORTO RESPI-TEC;4381009;T.KIDY SUPER CONFORTO RESPI-TEC PRETO/PINK NEON;357 
440;SANDALIA KIDY MINI FLAT FORM;4400001;SAND.KIDY MINI FLAT FORM MARFIM;619 
440;SANDALIA KIDY MINI FLAT FORM;4400001;SAND.KIDY MINI FLAT FORM NUDE;2.022 
440;SANDALIA KIDY MINI FLAT FORM;4400001;SAND.KIDY MINI FLAT FORM OURO;1.533 
440;SANDALIA KIDY MINI FLAT FORM;4400001;SAND.KIDY MINI FLAT FORM PINK;48 
440;SANDALIA KIDY MINI FLAT FORM;4400001;SAND.KIDY MINI FLAT FORM PRETO;180 
440;SANDALIA KIDY MINI FLAT FORM;4400002;SAND.KIDY MINI FLAT FORM LILAS;48 
440;SANDALIA KIDY MINI FLAT FORM;4400002;SAND.KIDY MINI FLAT FORM NUDE;147 
440;SANDALIA KIDY MINI FLAT FORM;4400002;SAND.KIDY MINI FLAT FORM OURO;54 
440;SANDALIA KIDY MINI FLAT FORM;4400002;SAND.KIDY MINI FLAT FORM PESSEGO;42 
440;SANDALIA KIDY MINI FLAT FORM;4400002;SAND.KIDY MINI FLAT FORM PRATA;180 
440;SANDALIA KIDY MINI FLAT FORM;4400003;SAND.KIDY MINI FLAT FORM MARFIM;8.424 
440;SANDALIA KIDY MINI FLAT FORM;4400003;SAND.KIDY MINI FLAT FORM NUDE;1.725 
440;SANDALIA KIDY MINI FLAT FORM;4400003;SAND.KIDY MINI FLAT FORM OURO;699 
440;SANDALIA KIDY MINI FLAT FORM;4400003;SAND.KIDY MINI FLAT FORM PINK;303 
440;SANDALIA KIDY MINI FLAT FORM;4400003;SAND.KIDY MINI FLAT FORM PRETO;4.594 
440;SANDALIA KIDY MINI FLAT FORM;4400005;SAND.KIDY MINI FLAT FORM BRANCO;425 
440;SANDALIA KIDY MINI FLAT FORM;4400005;SAND.KIDY MINI FLAT FORM LILAS;54 
440;SANDALIA KIDY MINI FLAT FORM;4400005;SAND.KIDY MINI FLAT FORM OURO;678 
440;SANDALIA KIDY MINI FLAT FORM;4400005;SAND.KIDY MINI FLAT FORM PRATA;294 
440;SANDALIA KIDY MINI FLAT FORM;4400005;SAND.KIDY MINI FLAT FORM PRETO;666 
440;SANDALIA KIDY MINI FLAT FORM;4400005;SAND.KIDY MINI FLAT FORM ROSA;621 
440;SANDALIA KIDY MINI FLAT FORM;4400006;SAND.KIDY MINI FLAT FORM BRANCO/ROSA;6.340 
440;SANDALIA KIDY MINI FLAT FORM;4400006;SAND.KIDY MINI FLAT FORM NUDE;3.248 
440;SANDALIA KIDY MINI FLAT FORM;4400006;SAND.KIDY MINI FLAT FORM OURO;0 
440;SANDALIA KIDY MINI FLAT FORM;4400006;SAND.KIDY MINI FLAT FORM PINK;4.327 
440;SANDALIA KIDY MINI FLAT FORM;4400006;SAND.KIDY MINI FLAT FORM PRETO;675 
440;SANDALIA KIDY MINI FLAT FORM;4400007;SAND.KIDY MINI FLAT FORM NUDE;450 
440;SANDALIA KIDY MINI FLAT FORM;4400007;SAND.KIDY MINI FLAT FORM OURO;498 
440;SANDALIA KIDY MINI FLAT FORM;4400007;SAND.KIDY MINI FLAT FORM PESSEGO;300 
440;SANDALIA KIDY MINI FLAT FORM;4400008;SAND.KIDY MINI FLAT FORM MARFIM;234 
440;SANDALIA KIDY MINI FLAT FORM;4400008;SAND.KIDY MINI FLAT FORM NUDE;966 
440;SANDALIA KIDY MINI FLAT FORM;4400008;SAND.KIDY MINI FLAT FORM OURO;210 
440;SANDALIA KIDY MINI FLAT FORM;4400008;SAND.KIDY MINI FLAT FORM PINK;24 
440;SANDALIA KIDY MINI FLAT FORM;4400008;SAND.KIDY MINI FLAT FORM PRETO;9 
440;SANDALIA KIDY MINI FLAT FORM;4400010;SAND.KIDY MINI FLAT FORM MARFIM;120 
440;SANDALIA KIDY MINI FLAT FORM;4400010;SAND.KIDY MINI FLAT FORM NUDE;222 
440;SANDALIA KIDY MINI FLAT FORM;4400010;SAND.KIDY MINI FLAT FORM OURO;21 
440;SANDALIA KIDY MINI FLAT FORM;4400010;SAND.KIDY MINI FLAT FORM PRETO;45 
440;SANDALIA KIDY MINI FLAT FORM;4400011;SAND.KIDY MINI FLAT FORM BRANCO;72 
440;SANDALIA KIDY MINI FLAT FORM;4400011;SAND.KIDY MINI FLAT FORM NUDE;24 
440;SANDALIA KIDY MINI FLAT FORM;4400011;SAND.KIDY MINI FLAT FORM OURO;246 
440;SANDALIA KIDY MINI FLAT FORM;4400011;SAND.KIDY MINI FLAT FORM PRETO;75 
440;SANDALIA KIDY MINI FLAT FORM;4400012;SAND.KIDY MINI FLAT FORM BRANCO/ROSA;1.725 
440;SANDALIA KIDY MINI FLAT FORM;4400012;SAND.KIDY MINI FLAT FORM NUDE;1.083 
440;SANDALIA KIDY MINI FLAT FORM;4400012;SAND.KIDY MINI FLAT FORM PINK;2.061 
440;SANDALIA KIDY MINI FLAT FORM;4400012;SAND.KIDY MINI FLAT FORM PRETO;108 
440;SANDALIA KIDY MINI FLAT FORM;4400013;SAND.KIDY MINI FLAT FORM BRANCO/COLORIDO;4.776 
440;SANDALIA KIDY MINI FLAT FORM;4400013;SAND.KIDY MINI FLAT FORM LILÁS;387 
440;SANDALIA KIDY MINI FLAT FORM;4400013;SAND.KIDY MINI FLAT FORM NUDE;1.278 
440;SANDALIA KIDY MINI FLAT FORM;4400013;SAND.KIDY MINI FLAT FORM OURO;1.215 
440;SANDALIA KIDY MINI FLAT FORM;4400014;SAND.KIDY MINI FLAT FORM BRANCO;138 
440;SANDALIA KIDY MINI FLAT FORM;4400014;SAND.KIDY MINI FLAT FORM NUDE;144 
440;SANDALIA KIDY MINI FLAT FORM;4400014;SAND.KIDY MINI FLAT FORM OURO;545 
440;SANDALIA KIDY MINI FLAT FORM;4400014;SAND.KIDY MINI FLAT FORM PRETO;132 
440;SANDALIA KIDY MINI FLAT FORM;4400015;SAND.KIDY MINI FLAT FORM BRANCO;171 
440;SANDALIA KIDY MINI FLAT FORM;4400015;SAND.KIDY MINI FLAT FORM LILAS;282 
440;SANDALIA KIDY MINI FLAT FORM;4400015;SAND.KIDY MINI FLAT FORM NUDE;2.595 
440;SANDALIA KIDY MINI FLAT FORM;4400015;SAND.KIDY MINI FLAT FORM OURO;453 
440;SANDALIA KIDY MINI FLAT FORM;4400016;SAND.KIDY MINI FLAT FORM BRANCO/ROSA;1.104 
440;SANDALIA KIDY MINI FLAT FORM;4400016;SAND.KIDY MINI FLAT FORM NUDE;155 
440;SANDALIA KIDY MINI FLAT FORM;4400016;SAND.KIDY MINI FLAT FORM OURO;632 
440;SANDALIA KIDY MINI FLAT FORM;4400016;SAND.KIDY MINI FLAT FORM PINK;288 
440;SANDALIA KIDY MINI FLAT FORM;4400016;SAND.KIDY MINI FLAT FORM PRETO;42 
440;SANDALIA KIDY MINI FLAT FORM;4400017;SAND.KIDY MINI FLAT FORM BRANCO/ROSA;114 
440;SANDALIA KIDY MINI FLAT FORM;4400017;SAND.KIDY MINI FLAT FORM NUDE;36 
440;SANDALIA KIDY MINI FLAT FORM;4400017;SAND.KIDY MINI FLAT FORM OURO;198 
440;SANDALIA KIDY MINI FLAT FORM;4400017;SAND.KIDY MINI FLAT FORM PINK;48 
440;SANDALIA KIDY MINI FLAT FORM;4400017;SAND.KIDY MINI FLAT FORM PRETO;63 
440;SANDALIA KIDY MINI FLAT FORM;4400019;SAND.KIDY MINI FLAT FORM MARFIM;1.533 
440;SANDALIA KIDY MINI FLAT FORM;4400020;SAND.KIDY MINI FLAT FORM MARFIM;168 
440;SANDALIA KIDY MINI FLAT FORM;4400020;SAND.KIDY MINI FLAT FORM NUDE;876 
440;SANDALIA KIDY MINI FLAT FORM;4400020;SAND.KIDY MINI FLAT FORM OURO;117 
440;SANDALIA KIDY MINI FLAT FORM;4400020;SAND.KIDY MINI FLAT FORM PRETO;165 
440;SANDALIA KIDY MINI FLAT FORM;4400021;SAND.KIDY MINI FLAT FORM BRANCO;834 
440;SANDALIA KIDY MINI FLAT FORM;4400021;SAND.KIDY MINI FLAT FORM MARFIM;1.149 
440;SANDALIA KIDY MINI FLAT FORM;4400021;SAND.KIDY MINI FLAT FORM NUDE;138 
440;SANDALIA KIDY MINI FLAT FORM;4400021;SAND.KIDY MINI FLAT FORM OURO;228 
440;SANDALIA KIDY MINI FLAT FORM;4400022;SAND.KIDY MINI FLAT FORM BRANCO;18 
440;SANDALIA KIDY MINI FLAT FORM;4400022;SAND.KIDY MINI FLAT FORM MARFIM;45 
440;SANDALIA KIDY MINI FLAT FORM;4400022;SAND.KIDY MINI FLAT FORM NUDE;42 
440;SANDALIA KIDY MINI FLAT FORM;4400022;SAND.KIDY MINI FLAT FORM PINK;33 
440;SANDALIA KIDY MINI FLAT FORM;4400022;SAND.KIDY MINI FLAT FORM PRETO;147 
440;SANDALIA KIDY MINI FLAT FORM;4400023;SAND.KIDY MINI FLAT FORM BRANCO;108 
440;SANDALIA KIDY MINI FLAT FORM;4400023;SAND.KIDY MINI FLAT FORM LILÁS;39 
440;SANDALIA KIDY MINI FLAT FORM;4400023;SAND.KIDY MINI FLAT FORM NUDE;489 
440;SANDALIA KIDY MINI FLAT FORM;4400023;SAND.KIDY MINI FLAT FORM OURO;264 
440;SANDALIA KIDY MINI FLAT FORM;4400024;SAND.KIDY MINI FLAT FORM NUDE;42 
440;SANDALIA KIDY MINI FLAT FORM;4400024;SAND.KIDY MINI FLAT FORM PINK;21 
440;SANDALIA KIDY MINI FLAT FORM;4400025;SAND.KIDY MINI FLAT FORM MARFIM;399 
440;SANDALIA KIDY MINI FLAT FORM;4400025;SAND.KIDY MINI FLAT FORM NUDE;168 
440;SANDALIA KIDY MINI FLAT FORM;4400025;SAND.KIDY MINI FLAT FORM OURO;27 
440;SANDALIA KIDY MINI FLAT FORM;4400025;SAND.KIDY MINI FLAT FORM PINK;12 
440;SANDALIA KIDY MINI FLAT FORM;4400025;SAND.KIDY MINI FLAT FORM PRETO;78 
440;SANDALIA KIDY MINI FLAT FORM;4400026;SAND.KIDY MINI FLAT FORM LILAS;18 
440;SANDALIA KIDY MINI FLAT FORM;4400026;SAND.KIDY MINI FLAT FORM NUDE;84 
440;SANDALIA KIDY MINI FLAT FORM;4400026;SAND.KIDY MINI FLAT FORM OURO;12 
440;SANDALIA KIDY MINI FLAT FORM;4400026;SAND.KIDY MINI FLAT FORM PRATA;12 
440;SANDALIA KIDY MINI FLAT FORM;4400027;SAND.KIDY MINI FLAT FORM BRANCO/ROSA;12 
440;SANDALIA KIDY MINI FLAT FORM;4400027;SAND.KIDY MINI FLAT FORM OURO;159 
440;SANDALIA KIDY MINI FLAT FORM;4400027;SAND.KIDY MINI FLAT FORM PINK;6 
440;SANDALIA KIDY MINI FLAT FORM;4400027;SAND.KIDY MINI FLAT FORM PRETO;12 
440;SANDALIA KIDY MINI FLAT FORM;4400028;SAND.KIDY MINI FLAT FORM BRANCO;48 
440;SANDALIA KIDY MINI FLAT FORM;4400028;SAND.KIDY MINI FLAT FORM NUDE;318 
440;SANDALIA KIDY MINI FLAT FORM;4400028;SAND.KIDY MINI FLAT FORM OURO;1.035 
440;SANDALIA KIDY MINI FLAT FORM;4400028;SAND.KIDY MINI FLAT FORM PRETO;24 
440;SANDALIA KIDY MINI FLAT FORM;4400029;SAND.KIDY MINI FLAT FORM BRANCO;102 
440;SANDALIA KIDY MINI FLAT FORM;4400029;SAND.KIDY MINI FLAT FORM MARFIM;102 
440;SANDALIA KIDY MINI FLAT FORM;4400029;SAND.KIDY MINI FLAT FORM PINK;12 
440;SANDALIA KIDY MINI FLAT FORM;4400029;SAND.KIDY MINI FLAT FORM ROSA;183 
441;RASTEIRA FLAT;4410002;RASTEIRA FLAT BRANCO;887 
441;RASTEIRA FLAT;4410002;RASTEIRA FLAT OURO;1.002 
441;RASTEIRA FLAT;4410002;RASTEIRA FLAT PESSEGO;90 
441;RASTEIRA FLAT;4410002;RASTEIRA FLAT PRETO;1.948 
441;RASTEIRA FLAT;4410002;RASTEIRA FLAT ROSA;939 
441;RASTEIRA FLAT;4410003;RASTEIRA FLAT NUDE;1.893 
441;RASTEIRA FLAT;4410003;RASTEIRA FLAT OURO;5.672 
441;RASTEIRA FLAT;4410003;RASTEIRA FLAT PESSEGO;36 
441;RASTEIRA FLAT;4410003;RASTEIRA FLAT PRATA;981 
441;RASTEIRA FLAT;4410003;RASTEIRA FLAT PRETO;510 
441;RASTEIRA FLAT;4410004;RASTEIRA FLAT BRANCO;216 
441;RASTEIRA FLAT;4410004;RASTEIRA FLAT NUDE;261 
441;RASTEIRA FLAT;4410004;RASTEIRA FLAT OURO;375 
441;RASTEIRA FLAT;4410004;RASTEIRA FLAT PESSEGO;12 
441;RASTEIRA FLAT;4410004;RASTEIRA FLAT PRATA;150 
441;RASTEIRA FLAT;4410005;RASTEIRA FLAT BRANCO;105 
441;RASTEIRA FLAT;4410005;RASTEIRA FLAT LILAS;141 
441;RASTEIRA FLAT;4410005;RASTEIRA FLAT NUDE;697 
441;RASTEIRA FLAT;4410005;RASTEIRA FLAT PRETO;492 
441;RASTEIRA FLAT;4410006;RASTEIRA FLAT NUDE;342 
441;RASTEIRA FLAT;4410006;RASTEIRA FLAT OURO;428 
441;RASTEIRA FLAT;4410006;RASTEIRA FLAT PESSEGO;87 
441;RASTEIRA FLAT;4410006;RASTEIRA FLAT PRETO;174 
441;RASTEIRA FLAT;4410007;RASTEIRA FLAT BRANCO;168 
441;RASTEIRA FLAT;4410007;RASTEIRA FLAT NUDE;1.062 
441;RASTEIRA FLAT;4410007;RASTEIRA FLAT OURO;354 
441;RASTEIRA FLAT;4410007;RASTEIRA FLAT PESSEGO;9 
441;RASTEIRA FLAT;4410007;RASTEIRA FLAT PRETO;519 
441;RASTEIRA FLAT;4410008;RASTEIRA FLAT BRANCO;138 
441;RASTEIRA FLAT;4410008;RASTEIRA FLAT OURO;213 
441;RASTEIRA FLAT;4410008;RASTEIRA FLAT PRETO;924 
441;RASTEIRA FLAT;4410008;RASTEIRA FLAT ROSA;18 
441;RASTEIRA FLAT;4410009;RASTEIRA FLAT NUDE;93 
441;RASTEIRA FLAT;4410009;RASTEIRA FLAT OURO;111 
441;RASTEIRA FLAT;4410009;RASTEIRA FLAT PRATA;15 
441;RASTEIRA FLAT;4410009;RASTEIRA FLAT PRETO;87 
441;RASTEIRA FLAT;4410010;RASTEIRA FLAT BRANCO;12 
441;RASTEIRA FLAT;4410010;RASTEIRA FLAT OURO;114 
441;RASTEIRA FLAT;4410010;RASTEIRA FLAT PRETO;24 
441;RASTEIRA FLAT;4410011;RASTEIRA FLAT BRANCO;288 
441;RASTEIRA FLAT;4410011;RASTEIRA FLAT OURO;51 
441;RASTEIRA FLAT;4410011;RASTEIRA FLAT PRETO;153 
441;RASTEIRA FLAT;4410012;RASTEIRA FLAT BRANCO;153 
441;RASTEIRA FLAT;4410012;RASTEIRA FLAT MARFIM;2.178 
441;RASTEIRA FLAT;4410012;RASTEIRA FLAT OURO;90 
441;RASTEIRA FLAT;4410012;RASTEIRA FLAT PRETO;24 
441;RASTEIRA FLAT;4410012;RASTEIRA FLAT ROSA;30 
441;RASTEIRA FLAT;4410013;RASTEIRA FLAT BRANCO;12 
441;RASTEIRA FLAT;4410013;RASTEIRA FLAT MARFIM;39 
441;RASTEIRA FLAT;4410013;RASTEIRA FLAT PRETO;45 
441;RASTEIRA FLAT;4410013;RASTEIRA FLAT ROSA;132 
441;RASTEIRA FLAT;4410014;RASTEIRA FLAT BRANCO;78 
441;RASTEIRA FLAT;4410014;RASTEIRA FLAT OURO;319 
441;RASTEIRA FLAT;4410014;RASTEIRA FLAT PRETO;30 
441;RASTEIRA FLAT;4413000;RASTEIRA FLAT MARFIM/OURO;12 
441;RASTEIRA FLAT;4413000;RASTEIRA FLAT NUDE;33 
441;RASTEIRA FLAT;4413000;RASTEIRA FLAT OURO;78 
441;RASTEIRA FLAT;4413000;RASTEIRA FLAT PRETO;21 
441;RASTEIRA FLAT;4413001;RASTEIRA FLAT BRANCO;24 
441;RASTEIRA FLAT;4413001;RASTEIRA FLAT MARFIM/OURO;207 
441;RASTEIRA FLAT;4413001;RASTEIRA FLAT OURO;351 
441;RASTEIRA FLAT;4413001;RASTEIRA FLAT PRETO;168 
442;FLAT FORM;4420001;SANDALIA KIDY FLAT FORM NUDE;357 
442;FLAT FORM;4420001;SANDALIA KIDY FLAT FORM OURO;1.016 
442;FLAT FORM;4420001;SANDALIA KIDY FLAT FORM PESSEGO;108 
442;FLAT FORM;4420001;SANDALIA KIDY FLAT FORM PRETO;6.472 
442;FLAT FORM;4420002;SANDALIA KIDY FLAT FORM NUDE;240 
442;FLAT FORM;4420002;SANDALIA KIDY FLAT FORM OURO;3.294 
442;FLAT FORM;4420002;SANDALIA KIDY FLAT FORM PRETO;246 
442;FLAT FORM;4420003;SANDALIA KIDY FLAT FORM LILAS;12 
442;FLAT FORM;4420003;SANDALIA KIDY FLAT FORM PESSEGO;138 
442;FLAT FORM;4420003;SANDALIA KIDY FLAT FORM PINK;36 
442;FLAT FORM;4420003;SANDALIA KIDY FLAT FORM PRETO;99 
442;FLAT FORM;4420004;SANDALIA KIDY FLAT FORM LILAS;174 
442;FLAT FORM;4420004;SANDALIA KIDY FLAT FORM NUDE;753 
442;FLAT FORM;4420004;SANDALIA KIDY FLAT FORM PESSEGO;84 
442;FLAT FORM;4420004;SANDALIA KIDY FLAT FORM PINK;45 
442;FLAT FORM;4420005;SANDALIA KIDY FLAT FORM BRANCO;174 
442;FLAT FORM;4420005;SANDALIA KIDY FLAT FORM BRONZE;33 
442;FLAT FORM;4420005;SANDALIA KIDY FLAT FORM NUDE;435 
442;FLAT FORM;4420005;SANDALIA KIDY FLAT FORM OURO;5.790 
442;FLAT FORM;4420005;SANDALIA KIDY FLAT FORM PINK;531 
442;FLAT FORM;4420005;SANDALIA KIDY FLAT FORM PRATA/MARFIM;78 
442;FLAT FORM;4420005;SANDALIA KIDY FLAT FORM PRETO;1.506 
442;FLAT FORM;4420006;SANDALIA KIDY FLAT FORM LILAS;18 
442;FLAT FORM;4420006;SANDALIA KIDY FLAT FORM NUDE;684 
442;FLAT FORM;4420006;SANDALIA KIDY FLAT FORM OURO;294 
442;FLAT FORM;4420006;SANDALIA KIDY FLAT FORM ROSA;213 
442;FLAT FORM;4420007;SANDALIA KIDY FLAT FORM MARFIM;153 
442;FLAT FORM;4420007;SANDALIA KIDY FLAT FORM NUDE;21 
442;FLAT FORM;4420007;SANDALIA KIDY FLAT FORM OURO;51 
442;FLAT FORM;4420007;SANDALIA KIDY FLAT FORM PRETO;195 
442;FLAT FORM;4420008;SANDALIA KIDY FLAT FORM NUDE;144 
442;FLAT FORM;4420008;SANDALIA KIDY FLAT FORM OURO;63 
442;FLAT FORM;4420008;SANDALIA KIDY FLAT FORM PRETO;216 
442;FLAT FORM;4420009;SANDALIA KIDY FLAT FORM BEGE/OURO;12 
442;FLAT FORM;4420009;SANDALIA KIDY FLAT FORM BRANCO;255 
442;FLAT FORM;4420009;SANDALIA KIDY FLAT FORM OURO;2.436 
442;FLAT FORM;4420009;SANDALIA KIDY FLAT FORM PRETO;309 
442;FLAT FORM;4420009;SANDALIA KIDY FLAT FORM ROSA;60 
442;FLAT FORM;4420010;SANDALIA KIDY FLAT FORM BRANCO;720 
442;FLAT FORM;4420010;SANDALIA KIDY FLAT FORM OURO;522 
442;FLAT FORM;4420010;SANDALIA KIDY FLAT FORM PRETO;411 
442;FLAT FORM;4420010;SANDALIA KIDY FLAT FORM ROSA;87 
442;FLAT FORM;4420011;SANDALIA KIDY FLAT FORM MARFIM;264 
442;FLAT FORM;4420011;SANDALIA KIDY FLAT FORM NUDE;120 
442;FLAT FORM;4420011;SANDALIA KIDY FLAT FORM OURO;156 
442;FLAT FORM;4420011;SANDALIA KIDY FLAT FORM PRETO;765 
442;FLAT FORM;4420014;SANDALIA KIDY FLAT FORM BEGE/OURO;18 
442;FLAT FORM;4420014;SANDALIA KIDY FLAT FORM BRANCO;81 
442;FLAT FORM;4420014;SANDALIA KIDY FLAT FORM MARFIM/OURO;78 
442;FLAT FORM;4420014;SANDALIA KIDY FLAT FORM OURO;735 
442;FLAT FORM;4420014;SANDALIA KIDY FLAT FORM PRETO;90 
442;FLAT FORM;4420014;SANDALIA KIDY FLAT FORM ROSA;36 
442;FLAT FORM;4420015;SANDALIA KIDY FLAT FORM BRANCO;60 
442;FLAT FORM;4420015;SANDALIA KIDY FLAT FORM MARFIM;1.847 
442;FLAT FORM;4420015;SANDALIA KIDY FLAT FORM NUDE;128 
442;FLAT FORM;4420015;SANDALIA KIDY FLAT FORM PRETO;971 
442;FLAT FORM;4420017;SANDALIA KIDY FLAT FORM MARFIM;198 
442;FLAT FORM;4420017;SANDALIA KIDY FLAT FORM NUDE;24 
442;FLAT FORM;4420017;SANDALIA KIDY FLAT FORM PRETO;30 
442;FLAT FORM;4420018;SANDALIA KIDY FLAT FORM BRANCO;60 
442;FLAT FORM;4420018;SANDALIA KIDY FLAT FORM MARFIM;210 
442;FLAT FORM;4420018;SANDALIA KIDY FLAT FORM OURO;75 
442;FLAT FORM;4420018;SANDALIA KIDY FLAT FORM PRETO;96 
442;FLAT FORM;4420019;SANDALIA KIDY FLAT FORM MARFIM;93 
442;FLAT FORM;4420019;SANDALIA KIDY FLAT FORM OURO;18 
442;FLAT FORM;4420019;SANDALIA KIDY FLAT FORM PRETO;288 
442;FLAT FORM;4420020;SANDALIA KIDY FLAT FORM MARFIM;75 
442;FLAT FORM;4420020;SANDALIA KIDY FLAT FORM OURO;282 
442;FLAT FORM;4420020;SANDALIA KIDY FLAT FORM PRETO;24 
442;FLAT FORM;4420021;SANDALIA KIDY FLAT FORM BEGE;66 
442;FLAT FORM;4420021;SANDALIA KIDY FLAT FORM MARFIM;183 
442;FLAT FORM;4420021;SANDALIA KIDY FLAT FORM OURO;24 
442;FLAT FORM;4420021;SANDALIA KIDY FLAT FORM PRETO;117 
442;FLAT FORM;4420021;SANDALIA KIDY FLAT FORM ROSA;84 
442;FLAT FORM;4423000;SANDALIA KIDY FLAT FORM MARFIM;708 
442;FLAT FORM;4423000;SANDALIA KIDY FLAT FORM NUDE;12 
442;FLAT FORM;4423000;SANDALIA KIDY FLAT FORM OURO;21 
442;FLAT FORM;4423000;SANDALIA KIDY FLAT FORM PINK;876 
442;FLAT FORM;4423000;SANDALIA KIDY FLAT FORM PRETO;216 
442;FLAT FORM;4423001;SANDALIA KIDY FLAT FORM MARFIM;381 
442;FLAT FORM;4423001;SANDALIA KIDY FLAT FORM NUDE;57 
442;FLAT FORM;4423001;SANDALIA KIDY FLAT FORM OURO;126 
442;FLAT FORM;4423001;SANDALIA KIDY FLAT FORM PRETO;243 
443;SANDALIA KIDY AVENTURA;4430001;SAND.KIDY AVENTURA CAQUI/PRETO;27 
443;SANDALIA KIDY AVENTURA;4430001;SAND.KIDY AVENTURA PRETO/CAFE;90 
443;SANDALIA KIDY AVENTURA;4430001;SAND.KIDY AVENTURA PRETO/GRAFITE;426 
443;SANDALIA KIDY AVENTURA;4430002;SAND.KIDY AVENTURA MARINHO/AZUL STONE/VERMELHO;54 
443;SANDALIA KIDY AVENTURA;4430002;SAND.KIDY AVENTURA PRETO/CAFE;33 
443;SANDALIA KIDY AVENTURA;4430002;SAND.KIDY AVENTURA PRETO/CAQUI;72 
443;SANDALIA KIDY AVENTURA;4430004;SAND.KIDY AVENTURA GRAFITE/CINZA/VERDE;153 
443;SANDALIA KIDY AVENTURA;4430004;SAND.KIDY AVENTURA MARINHO/AZ.ROYAL/LARANJA;747 
443;SANDALIA KIDY AVENTURA;4430004;SAND.KIDY AVENTURA MARINHO/AZ.STONE/VERMELHO;287 
443;SANDALIA KIDY AVENTURA;4430004;SAND.KIDY AVENTURA PRETO;1.251 
443;SANDALIA KIDY AVENTURA;4430004;SAND.KIDY AVENTURA PRETO/CAQUI;688 
443;SANDALIA KIDY AVENTURA;4430005;SAND.KIDY AVENTURA MARINHO/AZ.ROYAL;21 
443;SANDALIA KIDY AVENTURA;4430005;SAND.KIDY AVENTURA PRETO/VERDE MILITAR;243 
444;PAPETE IMPULSO;4440001;PAPETE IMPULSO BABY AZ.ROYAL/AMRL.NEON;27 
444;PAPETE IMPULSO;4440001;PAPETE IMPULSO BABY MARINHO/AMRL.NEON;48 
444;PAPETE IMPULSO;4440001;PAPETE IMPULSO BABY PRETO/AMARELO;18 
444;PAPETE IMPULSO;4440001;PAPETE IMPULSO BABY PRETO/GELO/LARANJA;33 
444;PAPETE IMPULSO;4440002;PAPETE IMPULSO BABY AZUL/MARINHO;15 
444;PAPETE IMPULSO;4440002;PAPETE IMPULSO BABY MARINHO/AZUL/VERMELHO;84 
444;PAPETE IMPULSO;4440002;PAPETE IMPULSO BABY PRETO/GELO/LARANJA;24 
444;PAPETE IMPULSO;4440002;PAPETE IMPULSO BABY PRETO/VERMELHO;12 
444;PAPETE IMPULSO;4440003;PAPETE IMPULSO BABY MARINHO/BRANCO;66 
444;PAPETE IMPULSO;4440003;PAPETE IMPULSO BABY PRETO/GRAFITE;111 
444;PAPETE IMPULSO;4440003;PAPETE IMPULSO BABY PRETO/GRAFITE/GELO;12 
445;TENIS KIDY ULTRA FLEX;4450001;TENIS KIDY ULTRA FLEX AZUL ROYAL/GELO/VERMELHO;18 
445;TENIS KIDY ULTRA FLEX;4450001;TENIS KIDY ULTRA FLEX MARINHO/AMARELO NEON;4.155 
445;TENIS KIDY ULTRA FLEX;4450001;TENIS KIDY ULTRA FLEX PRETO/GELO/AMARELO;2.427 
445;TENIS KIDY ULTRA FLEX;4450001;TENIS KIDY ULTRA FLEX PRETO/LARANJA NEON;1.605 
445;TENIS KIDY ULTRA FLEX;4450002;TENIS KIDY ULTRA FLEX MARINHO/LARANJA NEON;1.518 
445;TENIS KIDY ULTRA FLEX;4450002;TENIS KIDY ULTRA FLEX PRETO/AMRL.NEON;495 
445;TENIS KIDY ULTRA FLEX;4450002;TENIS KIDY ULTRA FLEX PRETO/AZUL ROYAL/AMRL.NEON;137 
445;TENIS KIDY ULTRA FLEX;4450004;TENIS KIDY ULTRA FLEX MARINHO/AMARELO NEON;182 
445;TENIS KIDY ULTRA FLEX;4450004;TENIS KIDY ULTRA FLEX MARINHO/AZUL;963 
445;TENIS KIDY ULTRA FLEX;4450004;TENIS KIDY ULTRA FLEX PRETO;1.224 
445;TENIS KIDY ULTRA FLEX;4450004;TENIS KIDY ULTRA FLEX PRETO/LARANJA NEON;144 
445;TENIS KIDY ULTRA FLEX;4450005;TENIS KIDY ULTRA FLEX BRANCO/MARINHO;84 
445;TENIS KIDY ULTRA FLEX;4450005;TENIS KIDY ULTRA FLEX GRAFITE/PRETO;768 
445;TENIS KIDY ULTRA FLEX;4450005;TENIS KIDY ULTRA FLEX MARINHO/VERDE;338 
445;TENIS KIDY ULTRA FLEX;4450005;TENIS KIDY ULTRA FLEX PRETO/BRANCO;279 
445;TENIS KIDY ULTRA FLEX;4450005;TENIS KIDY ULTRA FLEX PRETO/GRAFITE;633 
445;TENIS KIDY ULTRA FLEX;4450006;TENIS KIDY ULTRA FLEX CINZA/MARINHO;66 
445;TENIS KIDY ULTRA FLEX;4450006;TENIS KIDY ULTRA FLEX GRAFITE/PRETO/AMARELO NEON;246 
445;TENIS KIDY ULTRA FLEX;4450006;TENIS KIDY ULTRA FLEX MARINHO/BRANCO/AZUL;2.502 
445;TENIS KIDY ULTRA FLEX;4450006;TENIS KIDY ULTRA FLEX MARINHO/VERMELHO;1.119 
445;TENIS KIDY ULTRA FLEX;4450006;TENIS KIDY ULTRA FLEX PRETO/AZUL;462 
445;TENIS KIDY ULTRA FLEX;4450007;TENIS KIDY ULTRA FLEX CINZA/MARINHO/VERDE;54 
445;TENIS KIDY ULTRA FLEX;4450007;TENIS KIDY ULTRA FLEX MARINHO/BRANCO/VERMELHO;144 
445;TENIS KIDY ULTRA FLEX;4450007;TENIS KIDY ULTRA FLEX MARINHO/VERDE;429 
445;TENIS KIDY ULTRA FLEX;4450007;TENIS KIDY ULTRA FLEX PRETO/AZUL ROYAL;642 
445;TENIS KIDY ULTRA FLEX;4450007;TENIS KIDY ULTRA FLEX PRETO/GRAFITE;108 
445;TENIS KIDY ULTRA FLEX;4450008;TENIS KIDY ULTRA FLEX CINZA/MARINHO/VERDE;66 
445;TENIS KIDY ULTRA FLEX;4450008;TENIS KIDY ULTRA FLEX GRAFITE/MARINHO;12 
445;TENIS KIDY ULTRA FLEX;4450008;TENIS KIDY ULTRA FLEX MARINHO/BRANCO/VERMELHO;33 
445;TENIS KIDY ULTRA FLEX;4450008;TENIS KIDY ULTRA FLEX MARINHO/VERDE;1.128 
445;TENIS KIDY ULTRA FLEX;4450008;TENIS KIDY ULTRA FLEX NATURAL/CARAMELO;36 
445;TENIS KIDY ULTRA FLEX;4450008;TENIS KIDY ULTRA FLEX PRETO;105 
445;TENIS KIDY ULTRA FLEX;4450008;TENIS KIDY ULTRA FLEX PRETO/AZUL ROYAL;1.677 
445;TENIS KIDY ULTRA FLEX;4450008;TENIS KIDY ULTRA FLEX PRETO/CARAMELO;48 
445;TENIS KIDY ULTRA FLEX;4450008;TENIS KIDY ULTRA FLEX PRETO/GRAFITE;642 
445;TENIS KIDY ULTRA FLEX;4450009;TENIS KIDY ULTRA FLEX CINZA/MARINHO;60 
445;TENIS KIDY ULTRA FLEX;4450009;TENIS KIDY ULTRA FLEX GRAFITE/PRETO/AMARELO NEON;30 
445;TENIS KIDY ULTRA FLEX;4450009;TENIS KIDY ULTRA FLEX MARINHO/BRANCO/AZUL;333 
445;TENIS KIDY ULTRA FLEX;4450009;TENIS KIDY ULTRA FLEX MARINHO/VERMELHO;264 
445;TENIS KIDY ULTRA FLEX;4450009;TENIS KIDY ULTRA FLEX PRETO/AZUL;237 
445;TENIS KIDY ULTRA FLEX;4450010;TENIS KIDY ULTRA FLEX MARINHO;138 
445;TENIS KIDY ULTRA FLEX;4450010;TENIS KIDY ULTRA FLEX PRETO/BEGE;141 
445;TENIS KIDY ULTRA FLEX;4450010;TENIS KIDY ULTRA FLEX PRETO/LARANJA NEON;393 
445;TENIS KIDY ULTRA FLEX;4450012;TENIS KIDY ULTRA FLEX MARINHO/AMARELO NEON;0 
445;TENIS KIDY ULTRA FLEX;4450012;TENIS KIDY ULTRA FLEX PRETO;6 
445;TENIS KIDY ULTRA FLEX;4450013;TENIS KIDY ULTRA FLEX AZUL/MARINHO/LARANJA NEON;213 
445;TENIS KIDY ULTRA FLEX;4450013;TENIS KIDY ULTRA FLEX MARINHO;432 
445;TENIS KIDY ULTRA FLEX;4450013;TENIS KIDY ULTRA FLEX MARINHO/PRATA;219 
445;TENIS KIDY ULTRA FLEX;4450013;TENIS KIDY ULTRA FLEX PRETO/LARANJA NEON;1.549 
445;TENIS KIDY ULTRA FLEX;4450013;TENIS KIDY ULTRA FLEX PRETO/VERMELHO;915 
445;TENIS KIDY ULTRA FLEX;4450014;TENIS KIDY ULTRA FLEX AZUL ROYAL/LARANJA NEON;87 
445;TENIS KIDY ULTRA FLEX;4450014;TENIS KIDY ULTRA FLEX CINZA/MARINHO/AMARELO NEON;21 
445;TENIS KIDY ULTRA FLEX;4450014;TENIS KIDY ULTRA FLEX GRAFITE/AMARELO NEON;24 
445;TENIS KIDY ULTRA FLEX;4450014;TENIS KIDY ULTRA FLEX MARINHO/AMARELO NEON;99 
445;TENIS KIDY ULTRA FLEX;4450014;TENIS KIDY ULTRA FLEX MARINHO/LARANJA NEON;141 
445;TENIS KIDY ULTRA FLEX;4450014;TENIS KIDY ULTRA FLEX PRETO/AZUL PACIFICO;36 
445;TENIS KIDY ULTRA FLEX;4450016;TENIS KIDY ULTRA FLEX MARINHO/VERDE;456 
445;TENIS KIDY ULTRA FLEX;4450016;TENIS KIDY ULTRA FLEX PRETO/VERMELHO;1.020 
445;TENIS KIDY ULTRA FLEX;4450016;TENIS KIDY ULTRA FLEX VERDE MILITAR/LARANJA;1.294 
445;TENIS KIDY ULTRA FLEX;4450022;TENIS KIDY ULTRA FLEX MARINHO/VERDE;1.098 
445;TENIS KIDY ULTRA FLEX;4450022;TENIS KIDY ULTRA FLEX MARROM/CAFE;648 
445;TENIS KIDY ULTRA FLEX;4450022;TENIS KIDY ULTRA FLEX VERDE MILITAR/LARANJA;408 
445;TENIS KIDY ULTRA FLEX;4450023;TENIS KIDY ULTRA FLEX VERDE MARROM/CAFE;117 
445;TENIS KIDY ULTRA FLEX;4451001;TENIS KIDY ULTRA FLEX LILAS;180 
445;TENIS KIDY ULTRA FLEX;4451001;TENIS KIDY ULTRA FLEX PRETO;1.368 
445;TENIS KIDY ULTRA FLEX;4451001;TENIS KIDY ULTRA FLEX ROSA;3.981 
445;TENIS KIDY ULTRA FLEX;4451002;TENIS KIDY ULTRA FLEX BRANCO/NUDE;24 
445;TENIS KIDY ULTRA FLEX;4451002;TENIS KIDY ULTRA FLEX MARINHO/PINK/ACQUA;665 
445;TENIS KIDY ULTRA FLEX;4451002;TENIS KIDY ULTRA FLEX NUDE/ROSA;1.631 
445;TENIS KIDY ULTRA FLEX;4451002;TENIS KIDY ULTRA FLEX PRETO/ROSA CHICLETE;660 
445;TENIS KIDY ULTRA FLEX;4451004;TENIS KIDY ULTRA FLEX GRAFITE/PINK/PRETO;204 
445;TENIS KIDY ULTRA FLEX;4451004;TENIS KIDY ULTRA FLEX MARINHO/ROSA;618 
445;TENIS KIDY ULTRA FLEX;4451004;TENIS KIDY ULTRA FLEX PRETO/LILAS;63 
445;TENIS KIDY ULTRA FLEX;4451004;TENIS KIDY ULTRA FLEX PRETO/PINK NEON;636 
445;TENIS KIDY ULTRA FLEX;4451005;TENIS KIDY ULTRA FLEX BRANCO/ROSA/PINK;435 
445;TENIS KIDY ULTRA FLEX;4451005;TENIS KIDY ULTRA FLEX CINZA/ROSA;81 
445;TENIS KIDY ULTRA FLEX;4451005;TENIS KIDY ULTRA FLEX MARINHO/ROSA;297 
445;TENIS KIDY ULTRA FLEX;4451005;TENIS KIDY ULTRA FLEX PRETO/GLOSS;1.076 
445;TENIS KIDY ULTRA FLEX;4451006;TENIS KIDY ULTRA FLEX BRANCO/COLORIDO;1.710 
445;TENIS KIDY ULTRA FLEX;4451006;TENIS KIDY ULTRA FLEX NUDE;483 
445;TENIS KIDY ULTRA FLEX;4451006;TENIS KIDY ULTRA FLEX PRETO;1.122 
445;TENIS KIDY ULTRA FLEX;4451007;TENIS KIDY ULTRA FLEX COLORIDO;149 
445;TENIS KIDY ULTRA FLEX;4451007;TENIS KIDY ULTRA FLEX NUDE;1.403 
445;TENIS KIDY ULTRA FLEX;4451007;TENIS KIDY ULTRA FLEX OURO;96 
445;TENIS KIDY ULTRA FLEX;4451007;TENIS KIDY ULTRA FLEX PRATA;875 
445;TENIS KIDY ULTRA FLEX;4451007;TENIS KIDY ULTRA FLEX PRETO;2.097 
445;TENIS KIDY ULTRA FLEX;4451009;TENIS KIDY ULTRA FLEX NUDE;2.334 
445;TENIS KIDY ULTRA FLEX;4451009;TENIS KIDY ULTRA FLEX OURO;69 
445;TENIS KIDY ULTRA FLEX;4451009;TENIS KIDY ULTRA FLEX PRETO;501 
445;TENIS KIDY ULTRA FLEX;4451010;TENIS KIDY ULTRA FLEX BRANCO/COLORIDO;99 
445;TENIS KIDY ULTRA FLEX;4451010;TENIS KIDY ULTRA FLEX NUDE;762 
445;TENIS KIDY ULTRA FLEX;4451010;TENIS KIDY ULTRA FLEX PRETO;363 
445;TENIS KIDY ULTRA FLEX;4451012;TENIS KIDY ULTRA FLEX NUDE;33 
445;TENIS KIDY ULTRA FLEX;4451012;TENIS KIDY ULTRA FLEX PRETO/BRANCO;168 
445;TENIS KIDY ULTRA FLEX;4451012;TENIS KIDY ULTRA FLEX PRETO/PINK;429 
445;TENIS KIDY ULTRA FLEX;4451012;TENIS KIDY ULTRA FLEX ROSA;30 
445;TENIS KIDY ULTRA FLEX;4451013;TENIS KIDY ULTRA FLEX MARINHO/ROSA;6 
445;TENIS KIDY ULTRA FLEX;4451013;TENIS KIDY ULTRA FLEX NUDE;18 
445;TENIS KIDY ULTRA FLEX;4451013;TENIS KIDY ULTRA FLEX PRETO/LILAS;30 
445;TENIS KIDY ULTRA FLEX;4451013;TENIS KIDY ULTRA FLEX PRETO/PINK NEON;6 
445;TENIS KIDY ULTRA FLEX;4451014;TENIS KIDY ULTRA FLEX PRATA/ROSA;102 
445;TENIS KIDY ULTRA FLEX;4451014;TENIS KIDY ULTRA FLEX PRETO;21 
445;TENIS KIDY ULTRA FLEX;4451014;TENIS KIDY ULTRA FLEX ROSA;12 
445;TENIS KIDY ULTRA FLEX;4451015;TENIS KIDY ULTRA FLEX BRANCO;36 
445;TENIS KIDY ULTRA FLEX;4451015;TENIS KIDY ULTRA FLEX NUDE;804 
445;TENIS KIDY ULTRA FLEX;4451015;TENIS KIDY ULTRA FLEX OURO;156 
445;TENIS KIDY ULTRA FLEX;4451015;TENIS KIDY ULTRA FLEX PRETO;436 
445;TENIS KIDY ULTRA FLEX;4451016;TENIS KIDY ULTRA FLEX LILAS;87 
445;TENIS KIDY ULTRA FLEX;4451016;TENIS KIDY ULTRA FLEX PRETO;681 
445;TENIS KIDY ULTRA FLEX;4451016;TENIS KIDY ULTRA FLEX ROSA;1.113 
445;TENIS KIDY ULTRA FLEX;4451020;TENIS KIDY ULTRA FLEX MARFIM;645 
445;TENIS KIDY ULTRA FLEX;4451020;TENIS KIDY ULTRA FLEX MARROM/CAFE;132 
445;TENIS KIDY ULTRA FLEX;4451020;TENIS KIDY ULTRA FLEX ROSA;1.608 
445;TENIS KIDY ULTRA FLEX;4451021;TENIS KIDY ULTRA FLEX ROSA;117 
445;TENIS KIDY ULTRA FLEX;4452001;TENIS KIDY ULTRA FLEX AZUL ROYAL/GELO/VERMELHO;12 
445;TENIS KIDY ULTRA FLEX;4452001;TENIS KIDY ULTRA FLEX MARINHO/AMARELO NEON;879 
445;TENIS KIDY ULTRA FLEX;4452001;TENIS KIDY ULTRA FLEX PRETO/GELO/AMARELO;408 
445;TENIS KIDY ULTRA FLEX;4452001;TENIS KIDY ULTRA FLEX PRETO/LARANJA NEON;555 
446;TENIS KIDY EQUILIBRIO;4460001;TENIS KIDY EQUILIBRIO AZUL ROYAL/CINZA;222 
446;TENIS KIDY EQUILIBRIO;4460001;TENIS KIDY EQUILIBRIO CINZA/MARINHO;471 
446;TENIS KIDY EQUILIBRIO;4460001;TENIS KIDY EQUILIBRIO MARINHO;501 
446;TENIS KIDY EQUILIBRIO;4460001;TENIS KIDY EQUILIBRIO MARINHO/VERDE;117 
446;TENIS KIDY EQUILIBRIO;4460001;TENIS KIDY EQUILIBRIO PRETO;132 
446;TENIS KIDY EQUILIBRIO;4460001;TENIS KIDY EQUILIBRIO PRETO/GRAFITE;174 
446;TENIS KIDY EQUILIBRIO;4460002;NU-TENIS KIDY EQUILIBRIO MARINHO/LARANJA NEON;0 
446;TENIS KIDY EQUILIBRIO;4460002;TENIS KIDY EQUILIBRIO BRANCO;1.418 
446;TENIS KIDY EQUILIBRIO;4460002;TENIS KIDY EQUILIBRIO BRANCO/MARINHO;4.166 
446;TENIS KIDY EQUILIBRIO;4460002;TENIS KIDY EQUILIBRIO MARINHO;2.493 
446;TENIS KIDY EQUILIBRIO;4460002;TENIS KIDY EQUILIBRIO PRETO;378 
446;TENIS KIDY EQUILIBRIO;4460003;TENIS KIDY EQUILIBRIO AZUL ROYAL/MARINHO/VERMELHO;102 
446;TENIS KIDY EQUILIBRIO;4460003;TENIS KIDY EQUILIBRIO CINZA CLARO/AZUL/VERDE;245 
446;TENIS KIDY EQUILIBRIO;4460003;TENIS KIDY EQUILIBRIO MARINHO;392 
446;TENIS KIDY EQUILIBRIO;4460003;TENIS KIDY EQUILIBRIO MARINHO/LARANJA;111 
446;TENIS KIDY EQUILIBRIO;4460003;TENIS KIDY EQUILIBRIO PRETO/MARINHO;171 
446;TENIS KIDY EQUILIBRIO;4460004;TENIS KIDY EQUILIBRIO AZUL ROYAL;48 
446;TENIS KIDY EQUILIBRIO;4460004;TENIS KIDY EQUILIBRIO GRAFITE;42 
446;TENIS KIDY EQUILIBRIO;4460004;TENIS KIDY EQUILIBRIO MARINHO;1.217 
446;TENIS KIDY EQUILIBRIO;4460004;TENIS KIDY EQUILIBRIO PRETO;378 
446;TENIS KIDY EQUILIBRIO;4460005;TENIS KIDY EQUILIBRIO AZUL ROYAL/VERDE;21 
446;TENIS KIDY EQUILIBRIO;4460005;TENIS KIDY EQUILIBRIO GRAFITE/VERMELHO;273 
446;TENIS KIDY EQUILIBRIO;4460005;TENIS KIDY EQUILIBRIO MARINHO;414 
446;TENIS KIDY EQUILIBRIO;4460005;TENIS KIDY EQUILIBRIO PRETO;134 
446;TENIS KIDY EQUILIBRIO;4460006;TENIS KIDY EQUILIBRIO MARINHO;417 
446;TENIS KIDY EQUILIBRIO;4460006;TENIS KIDY EQUILIBRIO PRETO;1.155 
446;TENIS KIDY EQUILIBRIO;4460007;TENIS KIDY EQUILIBRIO MARINHO/AZUL ROYAL;273 
446;TENIS KIDY EQUILIBRIO;4460007;TENIS KIDY EQUILIBRIO MARINHO/BRANCO;12 
446;TENIS KIDY EQUILIBRIO;4460007;TENIS KIDY EQUILIBRIO PRETO/LARANJA;21 
446;TENIS KIDY EQUILIBRIO;4460008;TENIS KIDY EQUILIBRIO AZUL ROYAL/MARINHO;30 
446;TENIS KIDY EQUILIBRIO;4460008;TENIS KIDY EQUILIBRIO GRAFITE/VERMELHO;12 
446;TENIS KIDY EQUILIBRIO;4460008;TENIS KIDY EQUILIBRIO MARINHO/LARANJA;6 
446;TENIS KIDY EQUILIBRIO;4460008;TENIS KIDY EQUILIBRIO PRETO/VERDE;78 
446;TENIS KIDY EQUILIBRIO;4461001;TENIS KIDY EQUILIBRIO NUDE;393 
446;TENIS KIDY EQUILIBRIO;4461001;TENIS KIDY EQUILIBRIO NUDE/BRANCO;351 
446;TENIS KIDY EQUILIBRIO;4461001;TENIS KIDY EQUILIBRIO NUDE/VERDE PISCINA;195 
446;TENIS KIDY EQUILIBRIO;4461001;TENIS KIDY EQUILIBRIO ROSA/LILAS;231 
446;TENIS KIDY EQUILIBRIO;4461002;TENIS KIDY EQUILIBRIO BRANCO/NUDE;1.515 
446;TENIS KIDY EQUILIBRIO;4461002;TENIS KIDY EQUILIBRIO NUDE/PINK NEON;5.379 
446;TENIS KIDY EQUILIBRIO;4461002;TENIS KIDY EQUILIBRIO PRETO/PINK;219 
446;TENIS KIDY EQUILIBRIO;4461003;TENIS KIDY EQUILIBRIO AZUL BB/COLORIDO;30 
446;TENIS KIDY EQUILIBRIO;4461003;TENIS KIDY EQUILIBRIO NUDE/COLORIDO;39 
446;TENIS KIDY EQUILIBRIO;4461003;TENIS KIDY EQUILIBRIO PINK/COLORIDO;486 
446;TENIS KIDY EQUILIBRIO;4461004;NU-TENIS KIDY EQUILIBRIO AZUL/NUDE;51 
446;TENIS KIDY EQUILIBRIO;4461004;NU-TENIS KIDY EQUILIBRIO NUDE;372 
446;TENIS KIDY EQUILIBRIO;4461004;TENIS KIDY EQUILIBRIO ROSA;363 
446;TENIS KIDY EQUILIBRIO;4461005;TENIS KIDY EQUILIBRIO AZUL/ROSA;204 
446;TENIS KIDY EQUILIBRIO;4461005;TENIS KIDY EQUILIBRIO BRANCO/NUDE;9 
446;TENIS KIDY EQUILIBRIO;4461005;TENIS KIDY EQUILIBRIO NUDE/VERDE ACQUA;24 
446;TENIS KIDY EQUILIBRIO;4461005;TENIS KIDY EQUILIBRIO ROSA/PINK NEON;585 
446;TENIS KIDY EQUILIBRIO;4461006;TENIS KIDY EQUILIBRIO PRETO;783 
446;TENIS KIDY EQUILIBRIO;4461006;TENIS KIDY EQUILIBRIO ROSA;1.125 
446;TENIS KIDY EQUILIBRIO;4461007;TENIS KIDY EQUILIBRIO BRANCO/NUDE;279 
446;TENIS KIDY EQUILIBRIO;4461007;TENIS KIDY EQUILIBRIO MARFIM;39 
446;TENIS KIDY EQUILIBRIO;4461007;TENIS KIDY EQUILIBRIO NUDE;36 
446;TENIS KIDY EQUILIBRIO;4461007;TENIS KIDY EQUILIBRIO PRETO/PINK;9 
446;TENIS KIDY EQUILIBRIO;4461008;TENIS KIDY EQUILIBRIO LILAS/NUDE;54 
446;TENIS KIDY EQUILIBRIO;4461008;TENIS KIDY EQUILIBRIO NUDE/ANIS;36 
446;TENIS KIDY EQUILIBRIO;4461008;TENIS KIDY EQUILIBRIO PRETO/PINK;24 
446;TENIS KIDY EQUILIBRIO;4461008;TENIS KIDY EQUILIBRIO ROSA/BRANCO;57 
447;TÊNIS K360 ESPORTE;4470001;TENIS K360 ESPORTE MARINHO/VERMELHO;24 
447;TÊNIS K360 ESPORTE;4470001;TENIS K360 ESPORTE PRETO;24 
447;TÊNIS K360 ESPORTE;4471001;TENIS K360 ESPORTE MARINHO/LILAS;12 
447;TÊNIS K360 ESPORTE;4471001;TENIS K360 ESPORTE NUDE/PINK;0 
447;TÊNIS K360 ESPORTE;4471001;TENIS K360 ESPORTE PRETO/ROSA;12 
448;TENIS K-360 ESTILO RESPI-TEC;4480001;TÊNIS K360 ESTILO RESPITEC BRANCO/CANELA;882 
448;TENIS K-360 ESTILO RESPI-TEC;4480001;TÊNIS K360 ESTILO RESPITEC NATURAL/MARINHO;331 
448;TENIS K-360 ESTILO RESPI-TEC;4480001;TÊNIS K360 ESTILO RESPITEC PRETO;647 
448;TENIS K-360 ESTILO RESPI-TEC;4480001;TÊNIS K360 ESTILO RESPITEC PRETO/BRANCO/VERMELHO;423 
448;TENIS K-360 ESTILO RESPI-TEC;4480001;TÊNIS K360 ESTILO RESPITEC PRETO/GRAFITE;1.991 
448;TENIS K-360 ESTILO RESPI-TEC;4480002;TÊNIS K360 ESTILO RESPITEC BRANCO/CANELA;174 
448;TENIS K-360 ESTILO RESPI-TEC;4480002;TÊNIS K360 ESTILO RESPITEC BRANCO/CINZA;1.609 
448;TENIS K-360 ESTILO RESPI-TEC;4480002;TÊNIS K360 ESTILO RESPITEC BRANCO/CINZA/VERDE;6.647 
448;TENIS K-360 ESTILO RESPI-TEC;4480002;TÊNIS K360 ESTILO RESPITEC MARINHO/VERDE;639 
448;TENIS K-360 ESTILO RESPI-TEC;4480002;TÊNIS K360 ESTILO RESPITEC PRETO/BRANCO;2.861 
448;TENIS K-360 ESTILO RESPI-TEC;4480003;TÊNIS K360 ESTILO RESPITEC BRANCO/VERDE MILITAR/BEGE;45 
448;TENIS K-360 ESTILO RESPI-TEC;4480003;TÊNIS K360 ESTILO RESPITEC CARAMELO/PRETO;141 
448;TENIS K-360 ESTILO RESPI-TEC;4480003;TÊNIS K360 ESTILO RESPITEC NATURAL/MARINHO;2.468 
448;TENIS K-360 ESTILO RESPI-TEC;4480003;TÊNIS K360 ESTILO RESPITEC PRETO/BRANCO/VERMELHO;426 
448;TENIS K-360 ESTILO RESPI-TEC;4480003;TÊNIS K360 ESTILO RESPITEC PRETO/CARAMELO;180 
448;TENIS K-360 ESTILO RESPI-TEC;4480004;TÊNIS K360 ESTILO RESPITEC BRANCO/CINZA/AZUL CLARO;329 
448;TENIS K-360 ESTILO RESPI-TEC;4480004;TÊNIS K360 ESTILO RESPITEC BRANCO/MARINHO;153 
448;TENIS K-360 ESTILO RESPI-TEC;4480004;TÊNIS K360 ESTILO RESPITEC CARAMELO/PRETO;294 
448;TENIS K-360 ESTILO RESPI-TEC;4480004;TÊNIS K360 ESTILO RESPITEC PRETO/BRANCO;21 
448;TENIS K-360 ESTILO RESPI-TEC;4480004;TÊNIS K360 ESTILO RESPITEC PRETO/BRANCO/VERMELHO;6.591 
448;TENIS K-360 ESTILO RESPI-TEC;4480004;TÊNIS K360 ESTILO RESPITEC PRETO/CARAMELO;318 
448;TENIS K-360 ESTILO RESPI-TEC;4480006;TÊNIS K360 ESTILO RESPITEC BRANCO/PRETO;24 
448;TENIS K-360 ESTILO RESPI-TEC;4480006;TÊNIS K360 ESTILO RESPITEC MARINHO/BRANCO;27 
448;TENIS K-360 ESTILO RESPI-TEC;4480006;TÊNIS K360 ESTILO RESPITEC PRETO/BEGE;810 
448;TENIS K-360 ESTILO RESPI-TEC;4480006;TÊNIS K360 ESTILO RESPITEC PRETO/BRANCO;390 
448;TENIS K-360 ESTILO RESPI-TEC;4480006;TÊNIS K360 ESTILO RESPITEC PRETO/BRANCO/PRETO;42 
448;TENIS K-360 ESTILO RESPI-TEC;4480007;TÊNIS K360 ESTILO RESPITEC BRANCO/CINZA;483 
448;TENIS K-360 ESTILO RESPI-TEC;4480007;TÊNIS K360 ESTILO RESPITEC NATURAL/TAUPE;234 
448;TENIS K-360 ESTILO RESPI-TEC;4480007;TÊNIS K360 ESTILO RESPITEC PRETO/BEGE;24 
448;TENIS K-360 ESTILO RESPI-TEC;4480007;TÊNIS K360 ESTILO RESPITEC PRETO/BRANCO;12 
448;TENIS K-360 ESTILO RESPI-TEC;4480007;TÊNIS K360 ESTILO RESPITEC PRETO/CASTANHO;45 
448;TENIS K-360 ESTILO RESPI-TEC;4481001;TÊNIS K360 ESTILO RESPITEC BRANCO/MARFIM;273 
448;TENIS K-360 ESTILO RESPI-TEC;4481001;TÊNIS K360 ESTILO RESPITEC BRANCO/NUDE/AMARELO;1.806 
448;TENIS K-360 ESTILO RESPI-TEC;4481001;TÊNIS K360 ESTILO RESPITEC BRANCO/PRATA;117 
448;TENIS K-360 ESTILO RESPI-TEC;4481001;TÊNIS K360 ESTILO RESPITEC BRANCO/PRETO;93 
448;TENIS K-360 ESTILO RESPI-TEC;4481002;TÊNIS K360 ESTILO RESPITEC BRANCO/BEGE;504 
448;TENIS K-360 ESTILO RESPI-TEC;4481002;TÊNIS K360 ESTILO RESPITEC BRANCO/COLORIDO;936 
448;TENIS K-360 ESTILO RESPI-TEC;4481002;TÊNIS K360 ESTILO RESPITEC BRANCO/NUDE;813 
448;TENIS K-360 ESTILO RESPI-TEC;4481002;TÊNIS K360 ESTILO RESPITEC BRANCO/PRATA;1.619 
448;TENIS K-360 ESTILO RESPI-TEC;4481002;TÊNIS K360 ESTILO RESPITEC BRANCO/PRETO;87 
448;TENIS K-360 ESTILO RESPI-TEC;4481002;TÊNIS K360 ESTILO RESPITEC PRETO;366 
448;TENIS K-360 ESTILO RESPI-TEC;4481003;TÊNIS K360 ESTILO RESPITEC BRANCO/AZUL;352 
448;TENIS K-360 ESTILO RESPI-TEC;4481003;TÊNIS K360 ESTILO RESPITEC BRANCO/BEGE;9.746 
448;TENIS K-360 ESTILO RESPI-TEC;4481003;TÊNIS K360 ESTILO RESPITEC BRANCO/NUDE/AMARELO;564 
448;TENIS K-360 ESTILO RESPI-TEC;4481003;TÊNIS K360 ESTILO RESPITEC BRANCO/PRETO;222 
448;TENIS K-360 ESTILO RESPI-TEC;4481003;TÊNIS K360 ESTILO RESPITEC MARFIM;42 
448;TENIS K-360 ESTILO RESPI-TEC;4481003;TÊNIS K360 ESTILO RESPITEC PRETO;156 
448;TENIS K-360 ESTILO RESPI-TEC;4481004;TÊNIS K360 ESTILO RESPITEC BRANCO/NUDE;101 
448;TENIS K-360 ESTILO RESPI-TEC;4481004;TÊNIS K360 ESTILO RESPITEC BRANCO/PINK/PRETO;489 
448;TENIS K-360 ESTILO RESPI-TEC;4481004;TÊNIS K360 ESTILO RESPITEC PRETO;75 
448;TENIS K-360 ESTILO RESPI-TEC;4481006;TÊNIS K360 ESTILO RESPITEC BRANCO/MARFIM;54 
448;TENIS K-360 ESTILO RESPI-TEC;4481006;TÊNIS K360 ESTILO RESPITEC BRANCO/ONCA;6 
448;TENIS K-360 ESTILO RESPI-TEC;4481006;TÊNIS K360 ESTILO RESPITEC BRANCO/PRATA;48 
448;TENIS K-360 ESTILO RESPI-TEC;4481006;TÊNIS K360 ESTILO RESPITEC MARFIM/OURO;684 
448;TENIS K-360 ESTILO RESPI-TEC;4481006;TÊNIS K360 ESTILO RESPITEC PRETO/MARFIM;33 
448;TENIS K-360 ESTILO RESPI-TEC;4481007;TÊNIS K360 ESTILO RESPITEC BRANCO/PRATA;90 
448;TENIS K-360 ESTILO RESPI-TEC;4481007;TÊNIS K360 ESTILO RESPITEC MARFIM;24 
448;TENIS K-360 ESTILO RESPI-TEC;4481007;TÊNIS K360 ESTILO RESPITEC PRETO;21 
448;TENIS K-360 ESTILO RESPI-TEC;4481008;TÊNIS K360 ESTILO RESPITEC BRANCO/OURO;363 
448;TENIS K-360 ESTILO RESPI-TEC;4481008;TÊNIS K360 ESTILO RESPITEC MARFIM;228 
448;TENIS K-360 ESTILO RESPI-TEC;4481008;TÊNIS K360 ESTILO RESPITEC PRETO;39 
448;TENIS K-360 ESTILO RESPI-TEC;4481009;TÊNIS K360 ESTILO RESPITEC BRANCO/NUDE;12 
448;TENIS K-360 ESTILO RESPI-TEC;4481009;TÊNIS K360 ESTILO RESPITEC MARFIM;24 
448;TENIS K-360 ESTILO RESPI-TEC;4481009;TÊNIS K360 ESTILO RESPITEC MARINHO;12 
448;TENIS K-360 ESTILO RESPI-TEC;4481009;TÊNIS K360 ESTILO RESPITEC PRETO;12 
448;TENIS K-360 ESTILO RESPI-TEC;4484000;TÊNIS K360 ESTILO RESPITEC AZUL ROYAL/VERMELHO/BRANCO;60 
448;TENIS K-360 ESTILO RESPI-TEC;4484000;TÊNIS K360 ESTILO RESPITEC BRANCO/AZUL ROYAL;24 
448;TENIS K-360 ESTILO RESPI-TEC;4484000;TÊNIS K360 ESTILO RESPITEC MARINHO/AZUL ROYAL/GELO;9 
448;TENIS K-360 ESTILO RESPI-TEC;4484000;TÊNIS K360 ESTILO RESPITEC PRETO/BRANCO/VERMELHO;93 
448;TENIS K-360 ESTILO RESPI-TEC;4485000;TÊNIS K360 ESTILO RESPITEC AZUL BB/BRANCO;105 
448;TENIS K-360 ESTILO RESPI-TEC;4485000;TÊNIS K360 ESTILO RESPITEC BRANCO/NUDE;9 
448;TENIS K-360 ESTILO RESPI-TEC;4485000;TÊNIS K360 ESTILO RESPITEC LAVANDA/UVA;84 
448;TENIS K-360 ESTILO RESPI-TEC;4485000;TÊNIS K360 ESTILO RESPITEC ROSA/GLOSS;36 
451;PAPETE KIDY PLAY;4510002;PAPEPTE KIDY PLAY GRAFITE/LARANJA NEON;123 
451;PAPETE KIDY PLAY;4510002;PAPEPTE KIDY PLAY MARINHO/AZUL CIANO;726 
451;PAPETE KIDY PLAY;4510002;PAPEPTE KIDY PLAY MARINHO/VERDE FLUOR;195 
451;PAPETE KIDY PLAY;4510002;PAPEPTE KIDY PLAY PRETO/VERMELHO;156 
452;TENIS RK 70;4520001;TÊNIS RK 70 BEGE/AREIA;423 
452;TENIS RK 70;4520001;TÊNIS RK 70 BEGE/VERDE MUSGO;177 
452;TENIS RK 70;4520001;TÊNIS RK 70 BRANCO/AZUL ROYAL;24 
452;TENIS RK 70;4520001;TÊNIS RK 70 BRANCO/CINZA;84 
452;TENIS RK 70;4520001;TÊNIS RK 70 BRANCO/PRETO/CINZA;2.375 
452;TENIS RK 70;4520001;TÊNIS RK 70 MARINHO/CINZA;657 
452;TENIS RK 70;4520001;TÊNIS RK 70 PRETO;2.435 
452;TENIS RK 70;4520001;TÊNIS RK 70 PRETO/GRAFITE;99 
452;TENIS RK 70;4520002;TÊNIS RK 70 BEGE/MARINHO;338 
452;TENIS RK 70;4520002;TÊNIS RK 70 BRANCO/BEGE/AZUL;57 
452;TENIS RK 70;4520002;TÊNIS RK 70 BRANCO/CINZA/MARINHO;1.077 
452;TENIS RK 70;4520002;TÊNIS RK 70 GRAFITE/PRETO;6 
452;TENIS RK 70;4520002;TÊNIS RK 70 PRETO;93 
452;TENIS RK 70;4520002;TÊNIS RK 70 VERDE MUSGO/PRETO;66 
452;TENIS RK 70;4520003;TÊNIS RK 70 AZUL ROYAL;5.386 
452;TENIS RK 70;4520003;TÊNIS RK 70 BEGE/AREIA;63 
452;TENIS RK 70;4520003;TÊNIS RK 70 BRANCO/PRETO/CINZA;76 
452;TENIS RK 70;4520003;TÊNIS RK 70 CINZA/BRANCO/ROYAL;408 
452;TENIS RK 70;4520003;TÊNIS RK 70 GRAFITE;2.805 
452;TENIS RK 70;4520003;TÊNIS RK 70 PRETO;253 
452;TENIS RK 70;4520005;TÊNIS RK 70 BRANCO/AZUL ROYAL;18 
452;TENIS RK 70;4520005;TÊNIS RK 70 CARAMELO/MARROM;87 
452;TENIS RK 70;4520005;TÊNIS RK 70 MARINHO;36 
452;TENIS RK 70;4520005;TÊNIS RK 70 PRETO;30 
452;TENIS RK 70;4520005;TÊNIS RK 70 PRETO/BRANCO;30 
452;TENIS RK 70;4520006;TÊNIS RK 70 BRANCO;30 
452;TENIS RK 70;4520006;TÊNIS RK 70 MARINHO;18 
452;TENIS RK 70;4520006;TÊNIS RK 70 PRETO;231 
452;TENIS RK 70;4520006;TÊNIS RK 70 PRETO/BRANCO;12 
452;TENIS RK 70;4521001;TÊNIS RK 70 BRANCO/BEGE;105 
452;TENIS RK 70;4521001;TÊNIS RK 70 BRANCO/PRATA/ROSA;909 
452;TENIS RK 70;4521001;TÊNIS RK 70 BRANCO/ROSA;4.883 
452;TENIS RK 70;4521001;TÊNIS RK 70 PINK;33 
452;TENIS RK 70;4521001;TÊNIS RK 70 PRETO;259 
452;TENIS RK 70;4521001;TÊNIS RK 70 ROSA;242 
452;TENIS RK 70;4521002;TÊNIS RK 70 NUDE;297 
452;TENIS RK 70;4521002;TÊNIS RK 70 OURO;66 
452;TENIS RK 70;4521002;TÊNIS RK 70 PRATA;1.560 
452;TENIS RK 70;4521002;TÊNIS RK 70 PRETO;81 
452;TENIS RK 70;4521003;TÊNIS RK 70 AZUL/ROSA;1.526 
452;TENIS RK 70;4521003;TÊNIS RK 70 BEGE/OURO;170 
452;TENIS RK 70;4521003;TÊNIS RK 70 NUDE/MARINE;27 
452;TENIS RK 70;4521003;TÊNIS RK 70 PINK/BRANCO;500 
452;TENIS RK 70;4521003;TÊNIS RK 70 ROSA;2.518 
452;TENIS RK 70;4521004;TÊNIS RK 70 PRETO/ONÇA;36 
452;TENIS RK 70;4521005;TÊNIS RK 70 PRETO/ONÇA;36 
452;TENIS RK 70;4521007;TÊNIS RK 70 OURO;168 
452;TENIS RK 70;4521007;TÊNIS RK 70 PRATA;39 
452;TENIS RK 70;4521007;TÊNIS RK 70 PRETO;12 
452;TENIS RK 70;4521008;TÊNIS RK 70 PRATA;36 
452;TENIS RK 70;4521008;TÊNIS RK 70 ROSA;138 
453;TENIS K360 ENERGY 2;4530001;TENIS K360 ENERGY 2 AZUL ROYAL/MARINHO;187 
453;TENIS K360 ENERGY 2;4530001;TENIS K360 ENERGY 2 CINZA/AMARELO NEON;786 
453;TENIS K360 ENERGY 2;4530001;TENIS K360 ENERGY 2 GRAFITE/LARANJA NEON;1.322 
453;TENIS K360 ENERGY 2;4530001;TENIS K360 ENERGY 2 MARINHO/AMARELO NEON;2.022 
453;TENIS K360 ENERGY 2;4530001;TENIS K360 ENERGY 2 MARINHO/PRATA;2.172 
453;TENIS K360 ENERGY 2;4530001;TENIS K360 ENERGY 2 PRETO/BRONZE;5.122 
453;TENIS K360 ENERGY 2;4530001;TENIS K360 ENERGY 2 PRETO/CORAL;117 
453;TENIS K360 ENERGY 2;4530001;TENIS K360 ENERGY 2 PRETO/VERMELHO;1.254 
453;TENIS K360 ENERGY 2;4530002;TENIS K360 ENERGY 2 CINZA/PRETO;190 
453;TENIS K360 ENERGY 2;4530002;TENIS K360 ENERGY 2 GRAFITE/AMARELO NEON;111 
453;TENIS K360 ENERGY 2;4530002;TENIS K360 ENERGY 2 MARINHO;786 
453;TENIS K360 ENERGY 2;4530002;TENIS K360 ENERGY 2 MARINHO/AZUL ROYAL;561 
453;TENIS K360 ENERGY 2;4530002;TENIS K360 ENERGY 2 PRETO/AMARELO NEON;2.781 
453;TENIS K360 ENERGY 2;4530002;TENIS K360 ENERGY 2 PRETO/AZUL;755 
453;TENIS K360 ENERGY 2;4530002;TENIS K360 ENERGY 2 PRETO/CITRUS;249 
453;TENIS K360 ENERGY 2;4530002;TENIS K360 ENERGY 2 PRETO/LARANJA NEON;210 
453;TENIS K360 ENERGY 2;4530002;TENIS K360 ENERGY 2 PRETO/PRATA;756 
453;TENIS K360 ENERGY 2;4530002;TENIS K360 ENERGY 2 PRETO/VERMELHO;225 
453;TENIS K360 ENERGY 2;4530003;TENIS K360 ENERGY 2 GRAFITE/PRETO/AMARELO NEON;42 
453;TENIS K360 ENERGY 2;4530003;TENIS K360 ENERGY 2 MARINHO;2.682 
453;TENIS K360 ENERGY 2;4530003;TENIS K360 ENERGY 2 MARINHO/AZUL ROYAL;3.102 
453;TENIS K360 ENERGY 2;4530003;TENIS K360 ENERGY 2 PRETO;96 
453;TENIS K360 ENERGY 2;4530003;TENIS K360 ENERGY 2 PRETO/BRONZE;2.523 
453;TENIS K360 ENERGY 2;4530003;TENIS K360 ENERGY 2 PRETO/VERMELHO;4.050 
453;TENIS K360 ENERGY 2;4530003;TENIS K360 ENERGY 2 VERDE MILITAR/PRETO/LARANJA;66 
453;TENIS K360 ENERGY 2;4530006;TENIS K360 ENERGY 2 BRANCO/AZUL CLARO;24 
453;TENIS K360 ENERGY 2;4530006;TENIS K360 ENERGY 2 BRANCO/PRETO/AZUL;90 
453;TENIS K360 ENERGY 2;4530006;TENIS K360 ENERGY 2 CINZA/MARINHO;54 
453;TENIS K360 ENERGY 2;4530006;TENIS K360 ENERGY 2 GRAFITE/PRETO/VERMELHO;75 
453;TENIS K360 ENERGY 2;4530006;TENIS K360 ENERGY 2 MARINHO/LARANJA;45 
453;TENIS K360 ENERGY 2;4530006;TENIS K360 ENERGY 2 PRETO/AMARELO NEON;51 
453;TENIS K360 ENERGY 2;4530007;TENIS K360 ENERGY 2 GRAFITE/PRATA;12 
453;TENIS K360 ENERGY 2;4530007;TENIS K360 ENERGY 2 MARINHO/PRATA;339 
453;TENIS K360 ENERGY 2;4530007;TENIS K360 ENERGY 2 PRETO;126 
453;TENIS K360 ENERGY 2;4530007;TENIS K360 ENERGY 2 PRETO/BRONZE;105 
453;TENIS K360 ENERGY 2;4530008;TENIS K360 ENERGY 2 MARINHO/AMARELO NEON;36 
453;TENIS K360 ENERGY 2;4530008;TENIS K360 ENERGY 2 MARINHO/PRATA;30 
453;TENIS K360 ENERGY 2;4530008;TENIS K360 ENERGY 2 PRETO/LARANJA;96 
453;TENIS K360 ENERGY 2;4530008;TENIS K360 ENERGY 2 PRETO/PRATA;48 
453;TENIS K360 ENERGY 2;4530008;TENIS K360 ENERGY 2PRETO/BRONZE;30 
453;TENIS K360 ENERGY 2;4531001;TENIS K360 ENERGY 2 GRAFITE/VERDE/ACQUA/PINK;159 
453;TENIS K360 ENERGY 2;4531001;TENIS K360 ENERGY 2 MARFIM/BRONZE;2.756 
453;TENIS K360 ENERGY 2;4531001;TENIS K360 ENERGY 2 MARINHO/NUDE;234 
453;TENIS K360 ENERGY 2;4531001;TENIS K360 ENERGY 2 MARINHO/ROSA/PRATA;1.451 
453;TENIS K360 ENERGY 2;4531001;TENIS K360 ENERGY 2 PRETO/ROSA;4.188 
453;TENIS K360 ENERGY 2;4531001;TENIS K360 ENERGY 2 PRETO/VERDE AGUA;648 
453;TENIS K360 ENERGY 2;4531002;TENIS K360 ENERGY 2 CINZA/VERDE;93 
453;TENIS K360 ENERGY 2;4531002;TENIS K360 ENERGY 2 GRAFITE/AZUL PISCINA;639 
453;TENIS K360 ENERGY 2;4531002;TENIS K360 ENERGY 2 MARFIM/DOURADO;384 
453;TENIS K360 ENERGY 2;4531002;TENIS K360 ENERGY 2 MARINHO/PRATA/ROSA;737 
453;TENIS K360 ENERGY 2;4531002;TENIS K360 ENERGY 2 PRETO/BRONZE;156 
453;TENIS K360 ENERGY 2;4531002;TENIS K360 ENERGY 2 PRETO/ROSA CHICLETE;1.851 
453;TENIS K360 ENERGY 2;4531003;TENIS K360 ENERGY 2 CINZA/LILAS/PINK;609 
453;TENIS K360 ENERGY 2;4531003;TENIS K360 ENERGY 2 GRAFITE/VERDE ACQUA/PINK;219 
453;TENIS K360 ENERGY 2;4531003;TENIS K360 ENERGY 2 MARFIM/DOURADO;558 
453;TENIS K360 ENERGY 2;4531003;TENIS K360 ENERGY 2 MARINHO/NUDE;24 
453;TENIS K360 ENERGY 2;4531003;TENIS K360 ENERGY 2 PRETO/ROSA;192 
453;TENIS K360 ENERGY 2;4531003;TENIS K360 ENERGY 2 PRETO/VERDE AGUA;3.801 
453;TENIS K360 ENERGY 2;4531003;TENIS K360 ENERGY 2 ROSA/AZALÉIA;2.024 
453;TENIS K360 ENERGY 2;4531006;TENIS K360 ENERGY 2 BRANCO/AZUL CLARO/LILAS;12 
453;TENIS K360 ENERGY 2;4531006;TENIS K360 ENERGY 2 MARINHO/MAGENTA;42 
453;TENIS K360 ENERGY 2;4531006;TENIS K360 ENERGY 2 PRETO/LILAS;60 
453;TENIS K360 ENERGY 2;4531006;TENIS K360 ENERGY 2 ROSA/PINK;12 
453;TENIS K360 ENERGY 2;4531007;TENIS K360 ENERGY 2 MARINHO/ROSA;78 
453;TENIS K360 ENERGY 2;4531007;TENIS K360 ENERGY 2 PRETO;12 
453;TENIS K360 ENERGY 2;4531007;TENIS K360 ENERGY 2 PRETO/ROSA;276 
453;TENIS K360 ENERGY 2;4531007;TENIS K360 ENERGY 2 PRETO/ROSA CHICLETE;27 
453;TENIS K360 ENERGY 2;4531007;TENIS K360 ENERGY 2 RAFITE/ROSA;27 
453;TENIS K360 ENERGY 2;4531008;TENIS K360 ENERGY 2 BRANCO/ROSA;60 
453;TENIS K360 ENERGY 2;4531008;TENIS K360 ENERGY 2 MARINHO/PINK;30 
453;TENIS K360 ENERGY 2;4531008;TENIS K360 ENERGY 2 PRETO/LILAS;78 
453;TENIS K360 ENERGY 2;4531008;TENIS K360 ENERGY 2 ROSA/OURO;48 
454;SANDÁLIA KIDY AURORA;4540001;SANDALIA KIDY AURORA MARFIM;171 
454;SANDÁLIA KIDY AURORA;4540002;SANDALIA KIDY AURORA BRANCO;80 
454;SANDÁLIA KIDY AURORA;4540002;SANDALIA KIDY AURORA MARFIM;222 
454;SANDÁLIA KIDY AURORA;4540002;SANDALIA KIDY AURORA PRETO;12 
454;SANDÁLIA KIDY AURORA;4540003;SANDALIA KIDY AURORA MARFIM;27 
454;SANDÁLIA KIDY AURORA;4540003;SANDALIA KIDY AURORA OURO;537 
454;SANDÁLIA KIDY AURORA;4540003;SANDALIA KIDY AURORA PRETO;60 
454;SANDÁLIA KIDY AURORA;4540004;SANDALIA KIDY AURORA BRANCO;30 
454;SANDÁLIA KIDY AURORA;4540004;SANDALIA KIDY AURORA MARFIM;56 
454;SANDÁLIA KIDY AURORA;4540004;SANDALIA KIDY AURORA OURO;135 
454;SANDÁLIA KIDY AURORA;4540004;SANDALIA KIDY AURORA PRETO;579 
454;SANDÁLIA KIDY AURORA;4540005;SANDALIA KIDY AURORA NUDE;78 
454;SANDÁLIA KIDY AURORA;4540005;SANDALIA KIDY AURORA OURO;69 
454;SANDÁLIA KIDY AURORA;4540005;SANDALIA KIDY AURORA PRETO;24 
454;SANDÁLIA KIDY AURORA;4540006;SANDALIA KIDY AURORA BRANCO;42 
454;SANDÁLIA KIDY AURORA;4540006;SANDALIA KIDY AURORA MARFIM;12 
454;SANDÁLIA KIDY AURORA;4540007;SANDALIA KIDY AURORA BRANCO;39 
454;SANDÁLIA KIDY AURORA;4540007;SANDALIA KIDY AURORA MARFIM;273 
454;SANDÁLIA KIDY AURORA;4540007;SANDALIA KIDY AURORA NUDE;9 
454;SANDÁLIA KIDY AURORA;4540007;SANDALIA KIDY AURORA OURO;132 
454;SANDÁLIA KIDY AURORA;4540007;SANDALIA KIDY AURORA PRATA;261 
454;SANDÁLIA KIDY AURORA;4540007;SANDALIA KIDY AURORA PRETO;72 
454;SANDÁLIA KIDY AURORA;4540008;SANDALIA KIDY AURORA OURO;107 
455;TENIS K360 RETRO;4550001;TENIS K360 RETRO BRANCO/AZUL;768 
455;TENIS K360 RETRO;4550001;TENIS K360 RETRO BRANCO/CINZA/MARINHO;222 
455;TENIS K360 RETRO;4550001;TENIS K360 RETRO CINZA/MARINHO;462 
455;TENIS K360 RETRO;4550001;TENIS K360 RETRO CINZA/PRETO;21 
455;TENIS K360 RETRO;4550001;TENIS K360 RETRO MRNHO/VRLHO/PRATA;108 
455;TENIS K360 RETRO;4550001;TENIS K360 RETRO PRETO/OURO;276 
455;TENIS K360 RETRO;4550001;TENIS K360 RETRO PRETO/PRATA;711 
455;TENIS K360 RETRO;4550002;TENIS K360 RETRO BRANCO/PRETO;210 
455;TENIS K360 RETRO;4550002;TENIS K360 RETRO CINZA/MARINHO;681 
455;TENIS K360 RETRO;4550002;TENIS K360 RETRO GRAFITE/PRETO;282 
455;TENIS K360 RETRO;4550002;TENIS K360 RETRO MARINHO/AZUL;75 
455;TENIS K360 RETRO;4550002;TENIS K360 RETRO PRETO/GRAFITE;1.743 
455;TENIS K360 RETRO;4551001;TENIS K360 RETRO BRANCO/ROSA;528 
455;TENIS K360 RETRO;4551001;TENIS K360 RETRO CINZA/ROSA;126 
455;TENIS K360 RETRO;4551001;TENIS K360 RETRO MARFIM/OURO;1.005 
455;TENIS K360 RETRO;4551001;TENIS K360 RETRO MARINHO/GLOSS;480 
455;TENIS K360 RETRO;4551001;TENIS K360 RETRO PRETO/ROSA;228 
455;TENIS K360 RETRO;4551002;TENIS K360 RETRO CINZA/ROSA;102 
455;TENIS K360 RETRO;4551002;TENIS K360 RETRO MARFIM/OURO;1.209 
455;TENIS K360 RETRO;4551002;TENIS K360 RETRO NUDE/PRATA;489 
455;TENIS K360 RETRO;4551002;TENIS K360 RETRO PRETO/ROSA/PRATA;75 
456;SANDALIA KIDY CRISTAL;4560001;SANDALIA KIDY CRISTAL BRANCO;57 
456;SANDALIA KIDY CRISTAL;4560001;SANDALIA KIDY CRISTAL MARFIM;208 
456;SANDALIA KIDY CRISTAL;4560001;SANDALIA KIDY CRISTAL PRETO;42 
456;SANDALIA KIDY CRISTAL;4560001;SANDALIA KIDY CRISTAL ROSA;171 
456;SANDALIA KIDY CRISTAL;4560002;SANDALIA KIDY CRISTAL NUDE;306 
456;SANDALIA KIDY CRISTAL;4560002;SANDALIA KIDY CRISTAL PRATA;36 
456;SANDALIA KIDY CRISTAL;4560003;SANDALIA KIDY CRISTAL MARFIM;30 
456;SANDALIA KIDY CRISTAL;4560003;SANDALIA KIDY CRISTAL NUDE;12 
456;SANDALIA KIDY CRISTAL;4560003;SANDALIA KIDY CRISTAL OURO;255 
456;SANDALIA KIDY CRISTAL;4560004;SANDALIA KIDY CRISTAL BRANCO;373 
456;SANDALIA KIDY CRISTAL;4560004;SANDALIA KIDY CRISTAL NUDE;21 
456;SANDALIA KIDY CRISTAL;4560004;SANDALIA KIDY CRISTAL OURO;181 
456;SANDALIA KIDY CRISTAL;4560004;SANDALIA KIDY CRISTAL PRATA;33 
456;SANDALIA KIDY CRISTAL;4560005;SANDALIA KIDY CRISTAL BRANCO;63 
456;SANDALIA KIDY CRISTAL;4560005;SANDALIA KIDY CRISTAL MARFIM;402 
456;SANDALIA KIDY CRISTAL;4560005;SANDALIA KIDY CRISTAL NUDE;303 
457;TENIS K360 ULTRA LEVE;4570001;TENIS K360 ULTRA LEVE BRANCO/GELO/AZUL;459 
457;TENIS K360 ULTRA LEVE;4570001;TENIS K360 ULTRA LEVE CAFE;6 
457;TENIS K360 ULTRA LEVE;4570001;TENIS K360 ULTRA LEVE NATURAL/CARAMELO;207 
457;TENIS K360 ULTRA LEVE;4570001;TENIS K360 ULTRA LEVE PRETO/BRANCO;33 
457;TENIS K360 ULTRA LEVE;4570001;TENIS K360 ULTRA LEVE PRETO/BRANCO/PRETO;12 
457;TENIS K360 ULTRA LEVE;4570002;TENIS K360 ULTRA LEVE CAFE;48 
457;TENIS K360 ULTRA LEVE;4570002;TENIS K360 ULTRA LEVE CARAMELO;756 
457;TENIS K360 ULTRA LEVE;4570002;TENIS K360 ULTRA LEVE MARINHO;45 
457;TENIS K360 ULTRA LEVE;4570002;TENIS K360 ULTRA LEVE NATURAL;24 
457;TENIS K360 ULTRA LEVE;4570002;TENIS K360 ULTRA LEVE PRETO;117 
457;TENIS K360 ULTRA LEVE;4570002;TENIS K360 ULTRA LEVE PRETO/BRANCO;102 
457;TENIS K360 ULTRA LEVE;4570003;TENIS K360 ULTRA LEVE CAFE;111 
457;TENIS K360 ULTRA LEVE;4570003;TENIS K360 ULTRA LEVE MARROM;117 
457;TENIS K360 ULTRA LEVE;4570003;TENIS K360 ULTRA LEVE PRETO/BRANCO;36 
457;TENIS K360 ULTRA LEVE;4570005;TENIS K360 ULTRA LEVE CARAMELO;42 
457;TENIS K360 ULTRA LEVE;4570005;TENIS K360 ULTRA LEVE MARINHO;9 
457;TENIS K360 ULTRA LEVE;4570005;TENIS K360 ULTRA LEVE NATURAL;42 
457;TENIS K360 ULTRA LEVE;4570005;TENIS K360 ULTRA LEVE PRETO;63 
;GERAL;GERAL;PAPETE KIDY FASHION ROSA;0 
;GERAL;GERAL;TENIS K-360 SUPER LEVE GRAFITE/ROSA;0 
