Codigo Linha;Linha;Referencia;Produto;Qtd Venda
001;SAND.KIDY BABY EQUILIBRIO;0010999;SAND.KIDY BB MNO EQUILIBRIO CAFÉ/MARINHO;162 
001;SAND.KIDY BABY EQUILIBRIO;0010999;SAND.KIDY BB MNO EQUILIBRIO CASTANHO/CAMEL;703 
001;SAND.KIDY BABY EQUILIBRIO;0010999;SAND.KIDY BB MNO EQUILIBRIO CASTANHO/MARINHO;96 
001;SAND.KIDY BABY EQUILIBRIO;0010999;SAND.KIDY BB MNO EQUILIBRIO CINZA/MARINHO;525 
001;SAND.KIDY BABY EQUILIBRIO;0010999;SAND.KIDY BB MNO EQUILIBRIO MARINHO/AZUL STONE;135 
001;SAND.KIDY BABY EQUILIBRIO;0010999;SAND.KIDY BB MNO EQUILIBRIO MARINHO/LARANJA;1.103 
001;SAND.KIDY BABY EQUILIBRIO;0010999;SAND.KIDY BB MNO EQUILIBRIO MARINHO/TAUPE;213 
001;SAND.KIDY BABY EQUILIBRIO;0010999;SAND.KIDY BB MNO EQUILIBRIO MARINHO/VERDE;51 
001;SAND.KIDY BABY EQUILIBRIO;0010999;SAND.KIDY BB MNO EQUILIBRIO NATURAL/CARAMELO;1.735 
001;SAND.KIDY BABY EQUILIBRIO;0011019;SANDALIA KIDY BABY EQUILIBRIO MARINHO;180 
001;SAND.KIDY BABY EQUILIBRIO;0011019;SANDALIA KIDY BABY EQUILIBRIO PRETO/VERDE;240 
001;SAND.KIDY BABY EQUILIBRIO;0011025;SANDALIA KIDY BABY EQUILIBRIO CASTANHO/MARINHO;12 
001;SAND.KIDY BABY EQUILIBRIO;0011025;SANDALIA KIDY BABY EQUILIBRIO CASTOR/LARANJA;12 
001;SAND.KIDY BABY EQUILIBRIO;0011025;SANDALIA KIDY BABY EQUILIBRIO MARINHO/AZ.STONE;192 
001;SAND.KIDY BABY EQUILIBRIO;0011026;SAND.KIDY BB MNO PRETO/CAFÉ;168 
001;SAND.KIDY BABY EQUILIBRIO;0011027;SAND.KIDY BB MNO CASTANHO/MARINHO;356 
001;SAND.KIDY BABY EQUILIBRIO;0011027;SAND.KIDY BB MNO CASTOR/LARANJA;649 
001;SAND.KIDY BABY EQUILIBRIO;0011027;SAND.KIDY BB MNO MARINHO/AZUL STONE;427 
001;SAND.KIDY BABY EQUILIBRIO;0011027;SAND.KIDY BB MNO NATURAL/CARAMELO;219 
001;SAND.KIDY BABY EQUILIBRIO;0011027;SAND.KIDY BB MNO PRETO/CAFE;270 
001;SAND.KIDY BABY EQUILIBRIO;0011028;SAND.KIDY BB MNO MARINHO/AZUL STONE;180 
001;SAND.KIDY BABY EQUILIBRIO;0011028;SAND.KIDY BB MNO NATURAL/MARINHO;18 
001;SAND.KIDY BABY EQUILIBRIO;0011028;SAND.KIDY BB MNO PRETO/CAFÉ;216 
001;SAND.KIDY BABY EQUILIBRIO;0011029;SAND.KIDY BB MNO CAFÉ/CAMEL;258 
001;SAND.KIDY BABY EQUILIBRIO;0011029;SAND.KIDY BB MNO CINZA/MARINHO/VERMELHO;12 
001;SAND.KIDY BABY EQUILIBRIO;0011029;SAND.KIDY BB MNO MARINHO/AZUL STONE;18 
001;SAND.KIDY BABY EQUILIBRIO;0011029;SAND.KIDY BB MNO NATURAL/MARINHO;9 
001;SAND.KIDY BABY EQUILIBRIO;0011032;SANDALIA KIDY BABY EQUILIBRIO MARINHO;6 
001;SAND.KIDY BABY EQUILIBRIO;0011032;SANDALIA KIDY BABY EQUILIBRIO MARINHO/VERMELHO;24 
001;SAND.KIDY BABY EQUILIBRIO;0011035;SANDALIA KIDY BABY EQUILIBRIO CARAMELO/MARROM;21 
001;SAND.KIDY BABY EQUILIBRIO;0011035;SANDALIA KIDY BABY EQUILIBRIO CINZA/MARINHO/VERMELHO;21 
001;SAND.KIDY BABY EQUILIBRIO;0011035;SANDALIA KIDY BABY EQUILIBRIO MARINHO/AZ.ROYAL;6 
001;SAND.KIDY BABY EQUILIBRIO;0011036;SANDALIA KIDY BABY EQUILIBRIO PRETO/VERDE;12 
001;SAND.KIDY BABY EQUILIBRIO;0011037;SANDALIA KIDY BABY EQUILIBRIO CAFÉ/MARINHO/CARAMELO;490 
001;SAND.KIDY BABY EQUILIBRIO;0011037;SANDALIA KIDY BABY EQUILIBRIO GRAFITE/VERDE/CINZA;30 
001;SAND.KIDY BABY EQUILIBRIO;0011037;SANDALIA KIDY BABY EQUILIBRIO MARINHO/CINZA/VERMELHO;904 
001;SAND.KIDY BABY EQUILIBRIO;0011037;SANDALIA KIDY BABY EQUILIBRIO MARROM/CANELA;303 
001;SAND.KIDY BABY EQUILIBRIO;0011037;SANDALIA KIDY BABY EQUILIBRIO NATURAL/LARANJA;1.077 
001;SAND.KIDY BABY EQUILIBRIO;0011038;SANDALIA KIDY BABY EQUILIBRIO CAFE/MARINHO/CARAMELO;1.890 
001;SAND.KIDY BABY EQUILIBRIO;0011038;SANDALIA KIDY BABY EQUILIBRIO CAMEL/VERDE MILITAR;425 
001;SAND.KIDY BABY EQUILIBRIO;0011038;SANDALIA KIDY BABY EQUILIBRIO GRAFITE/CINZA/MARINHO;237 
001;SAND.KIDY BABY EQUILIBRIO;0011038;SANDALIA KIDY BABY EQUILIBRIO MARINHO/CINZA/VERMELHO;293 
001;SAND.KIDY BABY EQUILIBRIO;0011038;SANDALIA KIDY BABY EQUILIBRIO MARROM/CANELA;356 
001;SAND.KIDY BABY EQUILIBRIO;0011039;SANDALIA KIDY BABY EQUILIBRIO CARAMELO;1.558 
001;SAND.KIDY BABY EQUILIBRIO;0011039;SANDALIA KIDY BABY EQUILIBRIO CINZA/GRAFITE/VERDE;138 
001;SAND.KIDY BABY EQUILIBRIO;0011039;SANDALIA KIDY BABY EQUILIBRIO MARINHO;852 
001;SAND.KIDY BABY EQUILIBRIO;0011039;SANDALIA KIDY BABY EQUILIBRIO MARROM/CANELA;2.215 
001;SAND.KIDY BABY EQUILIBRIO;0011039;SANDALIA KIDY BABY EQUILIBRIO VERDE MILITAR/MARROM;351 
001;SAND.KIDY BABY EQUILIBRIO;0011041;SANDALIA KIDY BABY EQUILIBRIO CARAMELO/MOSTARDA;608 
001;SAND.KIDY BABY EQUILIBRIO;0011041;SANDALIA KIDY BABY EQUILIBRIO MARINHO/CAFE;300 
001;SAND.KIDY BABY EQUILIBRIO;0011042;SANDALIA KIDY BABY EQUILIBRIO CANELA;30 
001;SAND.KIDY BABY EQUILIBRIO;0011042;SANDALIA KIDY BABY EQUILIBRIO CASTOR/LARANJA;78 
001;SAND.KIDY BABY EQUILIBRIO;0011042;SANDALIA KIDY BABY EQUILIBRIO MARINHO/MARROM;171 
001;SAND.KIDY BABY EQUILIBRIO;0011042;SANDALIA KIDY BABY EQUILIBRIO MARROM/CANELA;9 
001;SAND.KIDY BABY EQUILIBRIO;0011042;SANDALIA KIDY BABY EQUILIBRIO TAUPE/CARAMELO;245 
001;SAND.KIDY BABY EQUILIBRIO;0011043;SANDALIA KIDY BABY EQUILIBRIO CARAMELO/MARROM;30 
001;SAND.KIDY BABY EQUILIBRIO;0011043;SANDALIA KIDY BABY EQUILIBRIO CINZA/MARINHO;84 
001;SAND.KIDY BABY EQUILIBRIO;0011043;SANDALIA KIDY BABY EQUILIBRIO MARINHO/CARAMELO;234 
001;SAND.KIDY BABY EQUILIBRIO;0011043;SANDALIA KIDY BABY EQUILIBRIO MARROM/CASTANHO;96 
001;SAND.KIDY BABY EQUILIBRIO;0011043;SANDALIA KIDY BABY EQUILIBRIO TAUPE/LARANJA;87 
001;SAND.KIDY BABY EQUILIBRIO;0011044;SANDALIA KIDY BABY EQUILIBRIO CINZA/MARINHO;834 
001;SAND.KIDY BABY EQUILIBRIO;0011044;SANDALIA KIDY BABY EQUILIBRIO MARROM/CANELA;39 
001;SAND.KIDY BABY EQUILIBRIO;0011044;SANDALIA KIDY BABY EQUILIBRIO NATURAL/LARANJA;27 
001;SAND.KIDY BABY EQUILIBRIO;0011044;SANDALIA KIDY BABY EQUILIBRIO PRETO/GRAFITE;80 
001;SAND.KIDY BABY EQUILIBRIO;0011044;SANDALIA KIDY BABY EQUILIBRIO TAUPE/CARAMELO;336 
001;SAND.KIDY BABY EQUILIBRIO;0011045;SANDALIA KIDY BABY EQUILIBRIO CANELA/CAFE;162 
001;SAND.KIDY BABY EQUILIBRIO;0011045;SANDALIA KIDY BABY EQUILIBRIO CARAMELO/MARROM;69 
001;SAND.KIDY BABY EQUILIBRIO;0011045;SANDALIA KIDY BABY EQUILIBRIO MARINHO/VERDE;54 
001;SAND.KIDY BABY EQUILIBRIO;0011045;SANDALIA KIDY BABY EQUILIBRIO NATURAL/LARANJA;60 
001;SAND.KIDY BABY EQUILIBRIO;0011045;SANDALIA KIDY BABY EQUILIBRIO PRETO/TAUPE;60 
001;SAND.KIDY BABY EQUILIBRIO;0011046;SANDALIA KIDY BABY EQUILIBRIO CANELA/CAFE;27 
001;SAND.KIDY BABY EQUILIBRIO;0011046;SANDALIA KIDY BABY EQUILIBRIO CARAMELO/MARROM;12 
001;SAND.KIDY BABY EQUILIBRIO;0011046;SANDALIA KIDY BABY EQUILIBRIO MARINHO/VERDE;12 
001;SAND.KIDY BABY EQUILIBRIO;0011046;SANDALIA KIDY BABY EQUILIBRIO PRETO/TAUPE;15 
001;SAND.KIDY BABY EQUILIBRIO;0012005;SANDÁLIA KIDY BABY MNA BRANCO/COLORIDO;689 
001;SAND.KIDY BABY EQUILIBRIO;0012005;SANDÁLIA KIDY BABY MNA NUDE/COLORIDO;480 
001;SAND.KIDY BABY EQUILIBRIO;0012005;SANDÁLIA KIDY BABY MNA OURO;552 
001;SAND.KIDY BABY EQUILIBRIO;0012005;SANDÁLIA KIDY BABY MNA ROSA/COLORIDO;519 
001;SAND.KIDY BABY EQUILIBRIO;0012019;SANDÁLIA KIDY BABY EQUILÍBRIO MARFIM;12 
001;SAND.KIDY BABY EQUILIBRIO;0012019;SANDÁLIA KIDY BABY EQUILÍBRIO NUDE;24 
001;SAND.KIDY BABY EQUILIBRIO;0012025;SANDÁLIA KIDY BABY EQUILÍBRIO OURO;114 
001;SAND.KIDY BABY EQUILIBRIO;0012026;SANDÁLIA KIDY BABY EQUILÍBRIO ROSA;12 
001;SAND.KIDY BABY EQUILIBRIO;0012028;SANDÁLIA KIDY BABY EQUILÍBRIO BRANCO;18 
001;SAND.KIDY BABY EQUILIBRIO;0012028;SANDÁLIA KIDY BABY EQUILÍBRIO NUDE;12 
001;SAND.KIDY BABY EQUILIBRIO;0012029;SANDÁLIA KIDY BABY EQUILÍBRIO BRANCO;18 
001;SAND.KIDY BABY EQUILIBRIO;0012029;SANDÁLIA KIDY BABY EQUILÍBRIO NUDE;108 
001;SAND.KIDY BABY EQUILIBRIO;0012029;SANDÁLIA KIDY BABY EQUILÍBRIO ROSA;144 
001;SAND.KIDY BABY EQUILIBRIO;0012030;SANDÁLIA KIDY BABY EQUILÍBRIO BRANCO;9 
001;SAND.KIDY BABY EQUILIBRIO;0012030;SANDÁLIA KIDY BABY EQUILÍBRIO OURO;192 
001;SAND.KIDY BABY EQUILIBRIO;0012030;SANDÁLIA KIDY BABY EQUILÍBRIO PINK;36 
001;SAND.KIDY BABY EQUILIBRIO;0012031;SANDÁLIA KIDY BABY EQUILÍBRIO BRANCO;84 
001;SAND.KIDY BABY EQUILIBRIO;0012031;SANDÁLIA KIDY BABY EQUILÍBRIO NUDE;168 
001;SAND.KIDY BABY EQUILIBRIO;0012033;SANDÁLIA KIDY BABY MNA ROSA;6 
001;SAND.KIDY BABY EQUILIBRIO;0012034;SANDÁLIA KIDY BABY EQUILÍBRIO OURO;12 
001;SAND.KIDY BABY EQUILIBRIO;0012040;SANDÁLIA KIDY BABY EQUILÍBRIO BRANCO;567 
001;SAND.KIDY BABY EQUILIBRIO;0012040;SANDÁLIA KIDY BABY EQUILÍBRIO NUDE;4.334 
001;SAND.KIDY BABY EQUILIBRIO;0012040;SANDÁLIA KIDY BABY EQUILÍBRIO OURO;572 
001;SAND.KIDY BABY EQUILIBRIO;0012040;SANDÁLIA KIDY BABY EQUILÍBRIO PRATA;102 
001;SAND.KIDY BABY EQUILIBRIO;0012040;SANDÁLIA KIDY BABY EQUILÍBRIO ROSA;12 
001;SAND.KIDY BABY EQUILIBRIO;0012041;SANDÁLIA KIDY BABY EQUILÍBRIO NUDE;6 
001;SAND.KIDY BABY EQUILIBRIO;0012041;SANDÁLIA KIDY BABY EQUILÍBRIO PRATA;54 
001;SAND.KIDY BABY EQUILIBRIO;0012042;SANDÁLIA KIDY BABY EQUILÍBRIO BRANCO;150 
001;SAND.KIDY BABY EQUILIBRIO;0012042;SANDÁLIA KIDY BABY EQUILÍBRIO MARFIM;181 
001;SAND.KIDY BABY EQUILIBRIO;0012042;SANDÁLIA KIDY BABY EQUILÍBRIO OURO;1.829 
001;SAND.KIDY BABY EQUILIBRIO;0012042;SANDÁLIA KIDY BABY EQUILÍBRIO PRATA;30 
001;SAND.KIDY BABY EQUILIBRIO;0012042;SANDÁLIA KIDY BABY EQUILÍBRIO ROSA;222 
001;SAND.KIDY BABY EQUILIBRIO;0012043;SANDÁLIA KIDY BABY EQUILÍBRIO AZUL BEBE;117 
001;SAND.KIDY BABY EQUILIBRIO;0012043;SANDÁLIA KIDY BABY EQUILÍBRIO BRANCO/COLORIDO;881 
001;SAND.KIDY BABY EQUILIBRIO;0012043;SANDÁLIA KIDY BABY EQUILÍBRIO BRANCO/OURO;920 
001;SAND.KIDY BABY EQUILIBRIO;0012043;SANDÁLIA KIDY BABY EQUILÍBRIO NUDE;309 
001;SAND.KIDY BABY EQUILIBRIO;0012043;SANDÁLIA KIDY BABY EQUILÍBRIO OURO;287 
001;SAND.KIDY BABY EQUILIBRIO;0012043;SANDÁLIA KIDY BABY EQUILÍBRIO ROSA/COLORIDO;306 
001;SAND.KIDY BABY EQUILIBRIO;0012044;SANDÁLIA KIDY BABY EQUILÍBRIO BRANCO;318 
001;SAND.KIDY BABY EQUILIBRIO;0012044;SANDÁLIA KIDY BABY EQUILÍBRIO MARFIM;1.602 
001;SAND.KIDY BABY EQUILIBRIO;0012044;SANDÁLIA KIDY BABY EQUILÍBRIO NUDE;2.856 
001;SAND.KIDY BABY EQUILIBRIO;0012044;SANDÁLIA KIDY BABY EQUILÍBRIO OURO;567 
001;SAND.KIDY BABY EQUILIBRIO;0012047;SANDALIA KIDY BABY EQUILIBRIO NUDE;327 
001;SAND.KIDY BABY EQUILIBRIO;0012047;SANDALIA KIDY BABY EQUILIBRIO OURO;159 
001;SAND.KIDY BABY EQUILIBRIO;0012048;SANDÁLIA KIDY BABY EQUILÍBRIO BRANCO;102 
001;SAND.KIDY BABY EQUILIBRIO;0012048;SANDÁLIA KIDY BABY EQUILÍBRIO MARFIM;237 
001;SAND.KIDY BABY EQUILIBRIO;0012048;SANDÁLIA KIDY BABY EQUILÍBRIO NUDE;287 
001;SAND.KIDY BABY EQUILIBRIO;0012048;SANDÁLIA KIDY BABY EQUILÍBRIO OURO;78 
001;SAND.KIDY BABY EQUILIBRIO;0012049;SANDÁLIA KIDY BABY EQUILÍBRIO AZUL;12 
001;SAND.KIDY BABY EQUILIBRIO;0012049;SANDÁLIA KIDY BABY EQUILÍBRIO BRANCO;69 
001;SAND.KIDY BABY EQUILIBRIO;0012049;SANDÁLIA KIDY BABY EQUILÍBRIO LILAS;48 
001;SAND.KIDY BABY EQUILIBRIO;0012049;SANDÁLIA KIDY BABY EQUILÍBRIO MARFIM;234 
001;SAND.KIDY BABY EQUILIBRIO;0012049;SANDÁLIA KIDY BABY EQUILÍBRIO PRETO;21 
001;SAND.KIDY BABY EQUILIBRIO;0012049;SANDÁLIA KIDY BABY EQUILÍBRIO ROSA;471 
001;SAND.KIDY BABY EQUILIBRIO;0012050;SANDÁLIA KIDY BABY EQUILÍBRIO AZUL;42 
001;SAND.KIDY BABY EQUILIBRIO;0012050;SANDÁLIA KIDY BABY EQUILÍBRIO BRANCO;398 
001;SAND.KIDY BABY EQUILIBRIO;0012050;SANDÁLIA KIDY BABY EQUILÍBRIO LILAS;66 
001;SAND.KIDY BABY EQUILIBRIO;0012050;SANDÁLIA KIDY BABY EQUILÍBRIO MARFIM;348 
001;SAND.KIDY BABY EQUILIBRIO;0012050;SANDÁLIA KIDY BABY EQUILÍBRIO PRETO;42 
001;SAND.KIDY BABY EQUILIBRIO;0012050;SANDÁLIA KIDY BABY EQUILÍBRIO ROSA;99 
001;SAND.KIDY BABY EQUILIBRIO;0012051;SANDÁLIA KIDY BABY EQUILÍBRIO ANIS;117 
001;SAND.KIDY BABY EQUILIBRIO;0012051;SANDÁLIA KIDY BABY EQUILÍBRIO BRANCO;132 
001;SAND.KIDY BABY EQUILIBRIO;0012051;SANDÁLIA KIDY BABY EQUILÍBRIO LILAS;45 
001;SAND.KIDY BABY EQUILIBRIO;0012051;SANDÁLIA KIDY BABY EQUILÍBRIO MARFIM;386 
001;SAND.KIDY BABY EQUILIBRIO;0012051;SANDÁLIA KIDY BABY EQUILÍBRIO NUDE;381 
001;SAND.KIDY BABY EQUILIBRIO;0012052;SANDÁLIA KIDY BABY EQUILÍBRIO BRANCO;99 
001;SAND.KIDY BABY EQUILIBRIO;0012052;SANDÁLIA KIDY BABY EQUILÍBRIO MARFIM;213 
001;SAND.KIDY BABY EQUILIBRIO;0012052;SANDÁLIA KIDY BABY EQUILÍBRIO NUDE;492 
001;SAND.KIDY BABY EQUILIBRIO;0012052;SANDÁLIA KIDY BABY EQUILÍBRIO PRETO;51 
001;SAND.KIDY BABY EQUILIBRIO;0012052;SANDÁLIA KIDY BABY EQUILÍBRIO ROSA;113 
007;TENIS KIDY PLAY RESPITEC;0070618;TENIS KIDY PLAY CINZA/MARINHO/AMARELO;12 
007;TENIS KIDY PLAY RESPITEC;0070631;TENIS KIDY PLAY PRETO/AZUL PETROLEO;12 
007;TENIS KIDY PLAY RESPITEC;0070660;TENIS KIDY PLAY RESPITEC PRETO/AMARELO NEON;24 
007;TENIS KIDY PLAY RESPITEC;0070660;TENIS KIDY PLAY RESPITEC PRETO/VERMELHO;60 
007;TENIS KIDY PLAY RESPITEC;0070670;TENIS KIDY PLAY RESPITEC MARINHO/AZUL/LARANJA;1.880 
007;TENIS KIDY PLAY RESPITEC;0070670;TENIS KIDY PLAY RESPITEC MARINHO/CINZA/AMRL NEON;3.834 
007;TENIS KIDY PLAY RESPITEC;0070670;TENIS KIDY PLAY RESPITEC MARINHO/CINZA/VERMELHO;480 
007;TENIS KIDY PLAY RESPITEC;0070670;TENIS KIDY PLAY RESPITEC PRETO/CINZA/LARANJA;666 
007;TENIS KIDY PLAY RESPITEC;0070670;TENIS KIDY PLAY RESPITEC PRETO/CINZA/LRNJ NEON;1.029 
007;TENIS KIDY PLAY RESPITEC;0070670;TENIS KIDY PLAY RESPITEC PRETO/CINZA/VERMELHO;2.040 
007;TENIS KIDY PLAY RESPITEC;0070671;TENIS KIDY PLAY RESPITEC GRAFITE/PRETO/VERDE NEON;108 
007;TENIS KIDY PLAY RESPITEC;0070671;TENIS KIDY PLAY RESPITEC MARINHO/AMRL NEON;1.426 
007;TENIS KIDY PLAY RESPITEC;0070671;TENIS KIDY PLAY RESPITEC MARINHO/LARANJA;1.176 
007;TENIS KIDY PLAY RESPITEC;0070671;TENIS KIDY PLAY RESPITEC MARINHO/LARANJA NEON;780 
007;TENIS KIDY PLAY RESPITEC;0070671;TENIS KIDY PLAY RESPITEC PRETO/AZ.ROYAL;1.787 
007;TENIS KIDY PLAY RESPITEC;0070671;TENIS KIDY PLAY RESPITEC PRETO/VERMELHO;2.934 
007;TENIS KIDY PLAY RESPITEC;0070817;TENIS KIDY PLAY RESPITEC AZUL ROYAL;12 
007;TENIS KIDY PLAY RESPITEC;0070817;TENIS KIDY PLAY RESPITEC MARINHO/LARANJA;12 
007;TENIS KIDY PLAY RESPITEC;0070817;TENIS KIDY PLAY RESPITEC MARINHO/VERMELHO;36 
007;TENIS KIDY PLAY RESPITEC;0070817;TENIS KIDY PLAY RESPITEC PRETO;12 
007;TENIS KIDY PLAY RESPITEC;0070818;TÊNIS KIDY PLAY RESPITEC MARINHO/VERMELHO;8.334 
007;TENIS KIDY PLAY RESPITEC;0070818;TÊNIS KIDY PLAY RESPITEC PRETO/CREPE;4.309 
007;TENIS KIDY PLAY RESPITEC;0070818;TÊNIS KIDY PLAY RESPITEC PRETO/GELO/LARANJA;2.857 
007;TENIS KIDY PLAY RESPITEC;0070820;TÊNIS KIDY PLAY RESPITEC BRANCO/MARINHO/VERDE;60 
007;TENIS KIDY PLAY RESPITEC;0070820;TÊNIS KIDY PLAY RESPITEC CINZA/PRETO;24 
007;TENIS KIDY PLAY RESPITEC;0070820;TÊNIS KIDY PLAY RESPITEC GRAFITE/MARINHO;615 
007;TENIS KIDY PLAY RESPITEC;0070820;TÊNIS KIDY PLAY RESPITEC MARINHO/VERMELHO;633 
007;TENIS KIDY PLAY RESPITEC;0070820;TÊNIS KIDY PLAY RESPITEC PRETO/BRONZE;351 
007;TENIS KIDY PLAY RESPITEC;0070823;TENIS KIDY PLAY RESPITEC GRAFITE/PRETO/AMARELO NEON;76 
007;TENIS KIDY PLAY RESPITEC;0070823;TENIS KIDY PLAY RESPITEC MARINHO/AZUL ROYAL;1.290 
007;TENIS KIDY PLAY RESPITEC;0070823;TENIS KIDY PLAY RESPITEC MARINHO/VERMELHO;714 
007;TENIS KIDY PLAY RESPITEC;0070823;TENIS KIDY PLAY RESPITEC PRETO;1.450 
007;TENIS KIDY PLAY RESPITEC;0070823;TENIS KIDY PLAY RESPITEC PRETO/GRAFITE;448 
007;TENIS KIDY PLAY RESPITEC;0070824;TÊNIS KIDY PLAY RESPITEC MARINHO/AZUL;579 
007;TENIS KIDY PLAY RESPITEC;0070824;TÊNIS KIDY PLAY RESPITEC MARINHO/VERMELHO;474 
007;TENIS KIDY PLAY RESPITEC;0070824;TÊNIS KIDY PLAY RESPITEC PRETO/GRAFITE/LARANJA NEON;270 
007;TENIS KIDY PLAY RESPITEC;0070824;TÊNIS KIDY PLAY RESPITEC PRETO/VERDE;267 
007;TENIS KIDY PLAY RESPITEC;0070824;TÊNIS KIDY PLAY RESPITEC PRETO/VERMELHO;72 
007;TENIS KIDY PLAY RESPITEC;0070825;TÊNIS KIDY PLAY RESPITEC MARINHO/AZUL ROYAL/AMARELO;36 
007;TENIS KIDY PLAY RESPITEC;0070825;TÊNIS KIDY PLAY RESPITEC MARINHO/DOURADO;60 
007;TENIS KIDY PLAY RESPITEC;0070825;TÊNIS KIDY PLAY RESPITEC MARINHO/GRAFITE/VERMELHO;27 
007;TENIS KIDY PLAY RESPITEC;0070825;TÊNIS KIDY PLAY RESPITEC PRETO/AMARELO;66 
007;TENIS KIDY PLAY RESPITEC;0070825;TÊNIS KIDY PLAY RESPITEC PRETO/DOURADO;180 
007;TENIS KIDY PLAY RESPITEC;0070825;TÊNIS KIDY PLAY RESPITEC PRETO/GRAFITE/AMARELO;69 
007;TENIS KIDY PLAY RESPITEC;0070826;TÊNIS KIDY PLAY RESPITEC GRAFITE/PRETO/LARANJA;48 
007;TENIS KIDY PLAY RESPITEC;0070826;TÊNIS KIDY PLAY RESPITEC MARINHO/GRAFITE/AMARELO NEON;12 
007;TENIS KIDY PLAY RESPITEC;0070826;TÊNIS KIDY PLAY RESPITEC MARINHO/VERMELHO;147 
007;TENIS KIDY PLAY RESPITEC;0070826;TÊNIS KIDY PLAY RESPITEC PRETO/LARANJA;276 
007;TENIS KIDY PLAY RESPITEC;0070826;TÊNIS KIDY PLAY RESPITEC PRETO/LARANJA NEON;45 
007;TENIS KIDY PLAY RESPITEC;0070826;TÊNIS KIDY PLAY RESPITEC PRETO/VERMELHO;111 
007;TENIS KIDY PLAY RESPITEC;0070827;TÊNIS KIDY PLAY RESPITEC GRAFITE/LARANJA;6 
007;TENIS KIDY PLAY RESPITEC;0070827;TÊNIS KIDY PLAY RESPITEC MARINHO/LARANJA;258 
007;TENIS KIDY PLAY RESPITEC;0070827;TÊNIS KIDY PLAY RESPITEC MARROM;120 
007;TENIS KIDY PLAY RESPITEC;0070827;TÊNIS KIDY PLAY RESPITEC PRETO/CREPE;141 
007;TENIS KIDY PLAY RESPITEC;0070827;TÊNIS KIDY PLAY RESPITEC PRETO/VERMELHO;72 
007;TENIS KIDY PLAY RESPITEC;0071595;TENIS KIDY PLAY RESPI-TEC PINK/ROSA;12 
007;TENIS KIDY PLAY RESPITEC;0071670;TENIS KIDY PLAY RESPITEC AZALEIA/JEANS;996 
007;TENIS KIDY PLAY RESPITEC;0071670;TENIS KIDY PLAY RESPITEC MARINHO/AZUL PINK;3.135 
007;TENIS KIDY PLAY RESPITEC;0071670;TENIS KIDY PLAY RESPITEC PRETO/PINK NEON;1.533 
007;TENIS KIDY PLAY RESPITEC;0071671;TENIS KIDY PLAY RESPITEC MARINHO/ROSA;2.935 
007;TENIS KIDY PLAY RESPITEC;0071671;TENIS KIDY PLAY RESPITEC NUDE/AZUL/PINK;168 
007;TENIS KIDY PLAY RESPITEC;0071671;TENIS KIDY PLAY RESPITEC PRETO/PINK NEON;1.873 
007;TENIS KIDY PLAY RESPITEC;0071817;TENIS KIDY PLAY RESPITEC PRETO/PINK NEON;48 
007;TENIS KIDY PLAY RESPITEC;0071818;TÊNIS KIDY PLAY RESPITEC PLAY NUDE/ROSA/BRANCO;1.607 
007;TENIS KIDY PLAY RESPITEC;0071818;TÊNIS KIDY PLAY RESPITEC PLAY PRATA/LILAS;1.443 
007;TENIS KIDY PLAY RESPITEC;0071818;TÊNIS KIDY PLAY RESPITEC PLAY PRETO/PINK NEON;2.787 
007;TENIS KIDY PLAY RESPITEC;0071819;TÊNIS KIDY PLAY RESPITEC NUDE/ROSA;24 
007;TENIS KIDY PLAY RESPITEC;0071821;TÊNIS KIDY PLAY RESPITEC BRANCO/PRATA/ROSA;9 
007;TENIS KIDY PLAY RESPITEC;0071821;TÊNIS KIDY PLAY RESPITEC BRANCO/ROSA/LILAS;189 
007;TENIS KIDY PLAY RESPITEC;0071821;TÊNIS KIDY PLAY RESPITEC MARFIM/DOURADO;27 
007;TENIS KIDY PLAY RESPITEC;0071821;TÊNIS KIDY PLAY RESPITEC PRETO/ROSA;123 
007;TENIS KIDY PLAY RESPITEC;0071823;TENIS KIDY PLAY RESPITEC GRAFITE/PRETO/ROSA;114 
007;TENIS KIDY PLAY RESPITEC;0071823;TENIS KIDY PLAY RESPITEC MARINHO/MAGENTA;970 
007;TENIS KIDY PLAY RESPITEC;0071823;TENIS KIDY PLAY RESPITEC PRETO/LILAS;2.137 
007;TENIS KIDY PLAY RESPITEC;0071823;TENIS KIDY PLAY RESPITEC PRETO/PINK NEON;653 
007;TENIS KIDY PLAY RESPITEC;0071824;TÊNIS KIDY PLAY RESPITEC BRANCO/LAVANDA;36 
007;TENIS KIDY PLAY RESPITEC;0071824;TÊNIS KIDY PLAY RESPITEC MARINHO/ROSA;156 
007;TENIS KIDY PLAY RESPITEC;0071824;TÊNIS KIDY PLAY RESPITEC NUDE;150 
007;TENIS KIDY PLAY RESPITEC;0071824;TÊNIS KIDY PLAY RESPITEC PRATA/ROSA;704 
007;TENIS KIDY PLAY RESPITEC;0071824;TÊNIS KIDY PLAY RESPITEC PRETO/PINK;242 
007;TENIS KIDY PLAY RESPITEC;0071825;TÊNIS KIDY PLAY RESPITEC PRATA/ROSA;147 
007;TENIS KIDY PLAY RESPITEC;0071825;TÊNIS KIDY PLAY RESPITEC PRETO/PINK;20 
007;TENIS KIDY PLAY RESPITEC;0071826;TÊNIS KIDY PLAY RESPITEC BRANCO/LILAS;53 
007;TENIS KIDY PLAY RESPITEC;0071826;TÊNIS KIDY PLAY RESPITEC NUDE;39 
007;TENIS KIDY PLAY RESPITEC;0071826;TÊNIS KIDY PLAY RESPITEC PRETO/PINK;54 
007;TENIS KIDY PLAY RESPITEC;0071827;TÊNIS KIDY PLAY RESPITEC MARFIM/DOURADO;78 
007;TENIS KIDY PLAY RESPITEC;0071827;TÊNIS KIDY PLAY RESPITEC MARINHO/PINK;9 
007;TENIS KIDY PLAY RESPITEC;0071827;TÊNIS KIDY PLAY RESPITEC PRETO/PINK;84 
007;TENIS KIDY PLAY RESPITEC;0071827;TÊNIS KIDY PLAY RESPITEC ROSA/OURO;36 
007;TENIS KIDY PLAY RESPITEC;0071828;TÊNIS KIDY PLAY RESPITEC BRANCO/LILAS;21 
007;TENIS KIDY PLAY RESPITEC;0071828;TÊNIS KIDY PLAY RESPITEC BRANCO/NUDE;12 
007;TENIS KIDY PLAY RESPITEC;0071828;TÊNIS KIDY PLAY RESPITEC NUDE;69 
007;TENIS KIDY PLAY RESPITEC;0071828;TÊNIS KIDY PLAY RESPITEC PRETO/PINK;36 
007;TENIS KIDY PLAY RESPITEC;0071829;TÊNIS KIDY PLAY RESPITEC MARINHO;252 
007;TENIS KIDY PLAY RESPITEC;0071829;TÊNIS KIDY PLAY RESPITEC PRATA/ROSA;12 
007;TENIS KIDY PLAY RESPITEC;0071829;TÊNIS KIDY PLAY RESPITEC PRETO/PINK;36 
008;TENIS KIDY COLORS EQUILIBRIO;0080522;TÊNIS KIDY COLORS MNO MARROM/CARAMELO;12 
008;TENIS KIDY COLORS EQUILIBRIO;0080610;TÊNIS KIDY COLORS MNO MARINHO;96 
008;TENIS KIDY COLORS EQUILIBRIO;0080610;TÊNIS KIDY COLORS MNO NATURAL;216 
008;TENIS KIDY COLORS EQUILIBRIO;0080612;TÊNIS KIDY COLORS MNO PRETO/VERDE NEON;381 
008;TENIS KIDY COLORS EQUILIBRIO;0080620;TÊNIS KIDY COLORS EQUILIBRIO CARAMELO;14 
008;TENIS KIDY COLORS EQUILIBRIO;0080620;TÊNIS KIDY COLORS EQUILIBRIO NATURAL/MARINHO;159 
008;TENIS KIDY COLORS EQUILIBRIO;0080621;TÊNIS KIDY COLORS EQUILIBRIO CAFE/CARAMELO;156 
008;TENIS KIDY COLORS EQUILIBRIO;0080621;TÊNIS KIDY COLORS EQUILIBRIO MARINHO;96 
008;TENIS KIDY COLORS EQUILIBRIO;0080622;TÊNIS KIDY COLORS EQUILIBRIO AZUL/AZUL ROYAL;171 
008;TENIS KIDY COLORS EQUILIBRIO;0080622;TÊNIS KIDY COLORS EQUILIBRIO BRANCO;363 
008;TENIS KIDY COLORS EQUILIBRIO;0080622;TÊNIS KIDY COLORS EQUILIBRIO CARAMELO;444 
008;TENIS KIDY COLORS EQUILIBRIO;0080622;TÊNIS KIDY COLORS EQUILIBRIO CASTOR/LARANJA;138 
008;TENIS KIDY COLORS EQUILIBRIO;0080622;TÊNIS KIDY COLORS EQUILIBRIO MARINHO;603 
008;TENIS KIDY COLORS EQUILIBRIO;0080622;TÊNIS KIDY COLORS EQUILIBRIO MARINHO/VERMELHO;717 
008;TENIS KIDY COLORS EQUILIBRIO;0080622;TÊNIS KIDY COLORS EQUILIBRIO NATURAL/MARINHO;342 
008;TENIS KIDY COLORS EQUILIBRIO;0080623;TÊNIS KIDY COLORS MNO NATURAL/MARINHO;9 
008;TENIS KIDY COLORS EQUILIBRIO;0080624;TÊNIS KIDY COLORS MNO MARINHO/VERDE;312 
008;TENIS KIDY COLORS EQUILIBRIO;0080628;TÊNIS KIDY COLORS EQUILÍBRIO MARINHO;396 
008;TENIS KIDY COLORS EQUILIBRIO;0080629;TÊNIS KIDY COLORS EQUILIBRIO MARINHO/VERMELHO;168 
008;TENIS KIDY COLORS EQUILIBRIO;0080630;TÊNIS KIDY COLORS EQUILIBRIO BRANCO/MARINHO;24 
008;TENIS KIDY COLORS EQUILIBRIO;0080630;TÊNIS KIDY COLORS EQUILIBRIO MARINHO/VERMELHO;228 
008;TENIS KIDY COLORS EQUILIBRIO;0080631;TÊNIS KIDY COLORS EQUILIBRIO MARINHO/LARANJA;6 
008;TENIS KIDY COLORS EQUILIBRIO;0080633;TÊNIS KIDY COLORS EQUILÍBRIO CARAMELO/MARINHO;12 
008;TENIS KIDY COLORS EQUILIBRIO;0080633;TÊNIS KIDY COLORS EQUILÍBRIO NATURAL/CARAMELO;18 
008;TENIS KIDY COLORS EQUILIBRIO;0080637;TÊNIS KIDY COLORS EQUILIBRIO BRANCO/MARINHO/VERMELHO;714 
008;TENIS KIDY COLORS EQUILIBRIO;0080637;TÊNIS KIDY COLORS EQUILIBRIO CARAMELO/BEGE;844 
008;TENIS KIDY COLORS EQUILIBRIO;0080637;TÊNIS KIDY COLORS EQUILIBRIO MARINHO/BRANCO;410 
008;TENIS KIDY COLORS EQUILIBRIO;0080637;TÊNIS KIDY COLORS EQUILIBRIO MARROM/CANELA;411 
008;TENIS KIDY COLORS EQUILIBRIO;0080637;TÊNIS KIDY COLORS EQUILIBRIO NATURAL/VERDE MILITAR;1.762 
008;TENIS KIDY COLORS EQUILIBRIO;0080639;TÊNIS KIDY COLORS EQUILIBRIO BEGE/MARINHO/VERDE MILITAR;425 
008;TENIS KIDY COLORS EQUILIBRIO;0080639;TÊNIS KIDY COLORS EQUILIBRIO BRANCO/CINZA/BORDO;30 
008;TENIS KIDY COLORS EQUILIBRIO;0080639;TÊNIS KIDY COLORS EQUILIBRIO CARAMELO/CAMEL;539 
008;TENIS KIDY COLORS EQUILIBRIO;0080639;TÊNIS KIDY COLORS EQUILIBRIO GRAFITE/MARINHO;174 
008;TENIS KIDY COLORS EQUILIBRIO;0080639;TÊNIS KIDY COLORS EQUILIBRIO MARINHO/CARAMELO;2.957 
008;TENIS KIDY COLORS EQUILIBRIO;0080640;TÊNIS KIDY COLORS EQUILIBRIO BRANCO/MARINHO/AZUL ROYAL;2.548 
008;TENIS KIDY COLORS EQUILIBRIO;0080640;TÊNIS KIDY COLORS EQUILIBRIO MARINHO/GRAFITE;237 
008;TENIS KIDY COLORS EQUILIBRIO;0080640;TÊNIS KIDY COLORS EQUILIBRIO MARROM/CANELA;93 
008;TENIS KIDY COLORS EQUILIBRIO;0080640;TÊNIS KIDY COLORS EQUILIBRIO NATURAL/MARINHO;1.702 
008;TENIS KIDY COLORS EQUILIBRIO;0080640;TÊNIS KIDY COLORS EQUILIBRIO TAUPE/BEGE/VERDE MILITAR;836 
008;TENIS KIDY COLORS EQUILIBRIO;0080641;TÊNIS KIDY COLORS EQUILIBRIO BRANCO/VERDE MILITAR/BEGE;57 
008;TENIS KIDY COLORS EQUILIBRIO;0080641;TÊNIS KIDY COLORS EQUILIBRIO MARINHO/GRAFITE;231 
008;TENIS KIDY COLORS EQUILIBRIO;0080641;TÊNIS KIDY COLORS EQUILIBRIO NATURAL/MARINHO;909 
008;TENIS KIDY COLORS EQUILIBRIO;0080641;TÊNIS KIDY COLORS EQUILIBRIO NATURAL/MARROM;93 
008;TENIS KIDY COLORS EQUILIBRIO;0080642;TÊNIS KIDY COLORS EQUILIBRIO BRANCO/MARINHO/VERDE;629 
008;TENIS KIDY COLORS EQUILIBRIO;0080642;TÊNIS KIDY COLORS EQUILIBRIO MARINHO;501 
008;TENIS KIDY COLORS EQUILIBRIO;0080642;TÊNIS KIDY COLORS EQUILIBRIO MARROM/CANELA;295 
008;TENIS KIDY COLORS EQUILIBRIO;0080642;TÊNIS KIDY COLORS EQUILIBRIO NATURAL/CARAMELO;1.033 
008;TENIS KIDY COLORS EQUILIBRIO;0080642;TÊNIS KIDY COLORS EQUILIBRIO NATURAL/VERDE/CANELA;1.911 
008;TENIS KIDY COLORS EQUILIBRIO;0080644;TÊNIS KIDY COLORS EQUILIBRIO MARINHO/CAFE;213 
008;TENIS KIDY COLORS EQUILIBRIO;0080644;TÊNIS KIDY COLORS EQUILIBRIO NATURAL/CARAMELO;639 
008;TENIS KIDY COLORS EQUILIBRIO;0080647;TÊNIS KIDY COLORS EQUILIBRIO CARAMELO/MARROM;39 
008;TENIS KIDY COLORS EQUILIBRIO;0080647;TÊNIS KIDY COLORS EQUILIBRIO CINZA/MARINHO;54 
008;TENIS KIDY COLORS EQUILIBRIO;0080647;TÊNIS KIDY COLORS EQUILIBRIO MARINHO;594 
008;TENIS KIDY COLORS EQUILIBRIO;0080647;TÊNIS KIDY COLORS EQUILIBRIO PRETO/LARANJA;42 
008;TENIS KIDY COLORS EQUILIBRIO;0080647;TÊNIS KIDY COLORS EQUILIBRIO TAUPE/CARAMELO;87 
008;TENIS KIDY COLORS EQUILIBRIO;0080648;TÊNIS KIDY COLORS EQUILIBRIO BRANCO;174 
008;TENIS KIDY COLORS EQUILIBRIO;0080648;TÊNIS KIDY COLORS EQUILIBRIO CANELA/CAFE;51 
008;TENIS KIDY COLORS EQUILIBRIO;0080648;TÊNIS KIDY COLORS EQUILIBRIO CARAMELO;432 
008;TENIS KIDY COLORS EQUILIBRIO;0080648;TÊNIS KIDY COLORS EQUILIBRIO MARINHO;66 
008;TENIS KIDY COLORS EQUILIBRIO;0080648;TÊNIS KIDY COLORS EQUILIBRIO PRETO;21 
008;TENIS KIDY COLORS EQUILIBRIO;0080648;TÊNIS KIDY COLORS EQUILIBRIO TAUPE/MARINHO;117 
008;TENIS KIDY COLORS EQUILIBRIO;0080649;TÊNIS KIDY COLORS EQUILIBRIO BRANCO/CINZA/MARINHO;174 
008;TENIS KIDY COLORS EQUILIBRIO;0080649;TÊNIS KIDY COLORS EQUILIBRIO MARINHO;103 
008;TENIS KIDY COLORS EQUILIBRIO;0080649;TÊNIS KIDY COLORS EQUILIBRIO MARROM/TAUPE;21 
008;TENIS KIDY COLORS EQUILIBRIO;0080649;TÊNIS KIDY COLORS EQUILIBRIO PRETO/GRAFITE/VERDE;6 
008;TENIS KIDY COLORS EQUILIBRIO;0080649;TÊNIS KIDY COLORS EQUILIBRIO TAUPE/CARAMELO;231 
008;TENIS KIDY COLORS EQUILIBRIO;0080650;TÊNIS KIDY COLORS EQUILIBRIO AREIA/TAUPE/LARANJA;396 
008;TENIS KIDY COLORS EQUILIBRIO;0080650;TÊNIS KIDY COLORS EQUILIBRIO BRANCO/MARINHO/AZUL ROYAL;124 
008;TENIS KIDY COLORS EQUILIBRIO;0080650;TÊNIS KIDY COLORS EQUILIBRIO CASTANHO/CARAMELO;24 
008;TENIS KIDY COLORS EQUILIBRIO;0080650;TÊNIS KIDY COLORS EQUILIBRIO MARINHO/BRANCO;75 
008;TENIS KIDY COLORS EQUILIBRIO;0080650;TÊNIS KIDY COLORS EQUILIBRIO NATURAL/MARINHO;306 
008;TENIS KIDY COLORS EQUILIBRIO;0080650;TÊNIS KIDY COLORS EQUILIBRIO PRETO/BRANCO;49 
008;TENIS KIDY COLORS EQUILIBRIO;0081622;TÊNIS KIDY COLORS MNA NUDE;12 
008;TENIS KIDY COLORS EQUILIBRIO;0081622;TÊNIS KIDY COLORS MNA OURO;156 
008;TENIS KIDY COLORS EQUILIBRIO;0081624;TÊNIS KIDY COLORS MNA NUDE;372 
008;TENIS KIDY COLORS EQUILIBRIO;0081627;TÊNIS KIDY COLORS MNA NUDE;6 
008;TENIS KIDY COLORS EQUILIBRIO;0081629;TÊNIS KIDY COLORS EQUILIBRIO NUDE;48 
008;TENIS KIDY COLORS EQUILIBRIO;0081633;TÊNIS KIDY COLORS EQUILIBRIO BRANCO;30 
008;TENIS KIDY COLORS EQUILIBRIO;0081633;TÊNIS KIDY COLORS EQUILIBRIO NUDE;342 
008;TENIS KIDY COLORS EQUILIBRIO;0081633;TÊNIS KIDY COLORS EQUILIBRIO OURO;132 
008;TENIS KIDY COLORS EQUILIBRIO;0081634;TÊNIS KIDY COLORS EQUILIBRIO NUDE;12 
008;TENIS KIDY COLORS EQUILIBRIO;0081634;TÊNIS KIDY COLORS EQUILIBRIO OURO;12 
008;TENIS KIDY COLORS EQUILIBRIO;0081634;TÊNIS KIDY COLORS EQUILIBRIO ROSA;192 
008;TENIS KIDY COLORS EQUILIBRIO;0081635;TÊNIS KIDY COLORS EQUILIBRIO BRANCO/PINK;12 
008;TENIS KIDY COLORS EQUILIBRIO;0081635;TÊNIS KIDY COLORS EQUILIBRIO NUDE/ROSA;108 
008;TENIS KIDY COLORS EQUILIBRIO;0081636;TÊNIS KIDY COLORS EQUILIBRIO MARFIM;204 
008;TENIS KIDY COLORS EQUILIBRIO;0081636;TÊNIS KIDY COLORS EQUILIBRIO NUDE;60 
008;TENIS KIDY COLORS EQUILIBRIO;0081638;TÊNIS KIDY COLORS EQUILIBRIO NUDE;360 
008;TENIS KIDY COLORS EQUILIBRIO;0081639;TÊNIS KIDY COLORS EQUILIBRIO NUDE;86 
008;TENIS KIDY COLORS EQUILIBRIO;0081639;TÊNIS KIDY COLORS EQUILIBRIO OURO;87 
008;TENIS KIDY COLORS EQUILIBRIO;0081640;TÊNIS KIDY COLORS EQUILIBRIO AZUL/COLORIDO;42 
008;TENIS KIDY COLORS EQUILIBRIO;0081640;TÊNIS KIDY COLORS EQUILIBRIO BRANCO/COLORIDO;556 
008;TENIS KIDY COLORS EQUILIBRIO;0081640;TÊNIS KIDY COLORS EQUILIBRIO NUDE;1.262 
008;TENIS KIDY COLORS EQUILIBRIO;0081640;TÊNIS KIDY COLORS EQUILIBRIO PRETO;303 
008;TENIS KIDY COLORS EQUILIBRIO;0081640;TÊNIS KIDY COLORS EQUILIBRIO ROSA/COLORIDO;398 
008;TENIS KIDY COLORS EQUILIBRIO;0081641;TÊNIS KIDY COLORS EQUILIBRIO AZUL BB;27 
008;TENIS KIDY COLORS EQUILIBRIO;0081641;TÊNIS KIDY COLORS EQUILIBRIO BRANCO;2.439 
008;TENIS KIDY COLORS EQUILIBRIO;0081641;TÊNIS KIDY COLORS EQUILIBRIO LILAS;30 
008;TENIS KIDY COLORS EQUILIBRIO;0081641;TÊNIS KIDY COLORS EQUILIBRIO MARFIM;969 
008;TENIS KIDY COLORS EQUILIBRIO;0081641;TÊNIS KIDY COLORS EQUILIBRIO NUDE;299 
008;TENIS KIDY COLORS EQUILIBRIO;0081641;TÊNIS KIDY COLORS EQUILIBRIO ROSA;27 
008;TENIS KIDY COLORS EQUILIBRIO;0081643;TÊNIS KIDY COLORS EQUILIBRIO BRANCO;149 
008;TENIS KIDY COLORS EQUILIBRIO;0081643;TÊNIS KIDY COLORS EQUILIBRIO MARFIM/OURO;498 
008;TENIS KIDY COLORS EQUILIBRIO;0081643;TÊNIS KIDY COLORS EQUILIBRIO NUDE;219 
008;TENIS KIDY COLORS EQUILIBRIO;0081643;TÊNIS KIDY COLORS EQUILIBRIO PRATA/BRANCO;30 
008;TENIS KIDY COLORS EQUILIBRIO;0081645;TÊNIS KIDY COLORS EQUILIBRIO BRANCO/PRATA;785 
008;TENIS KIDY COLORS EQUILIBRIO;0081645;TÊNIS KIDY COLORS EQUILIBRIO NUDE;681 
008;TENIS KIDY COLORS EQUILIBRIO;0081645;TÊNIS KIDY COLORS EQUILIBRIO OURO/MARFIM;87 
008;TENIS KIDY COLORS EQUILIBRIO;0081645;TÊNIS KIDY COLORS EQUILIBRIO PRATA;132 
008;TENIS KIDY COLORS EQUILIBRIO;0081646;TÊNIS KIDY COLORS EQUILIBRIO BRANCO/PRATA;231 
008;TENIS KIDY COLORS EQUILIBRIO;0081646;TÊNIS KIDY COLORS EQUILIBRIO MARFIM/OURO;1.443 
008;TENIS KIDY COLORS EQUILIBRIO;0081646;TÊNIS KIDY COLORS EQUILIBRIO NUDE/BRONZE;4.949 
008;TENIS KIDY COLORS EQUILIBRIO;0081646;TÊNIS KIDY COLORS EQUILIBRIO OURO;405 
008;TENIS KIDY COLORS EQUILIBRIO;0081646;TÊNIS KIDY COLORS EQUILIBRIO PRETO;294 
008;TENIS KIDY COLORS EQUILIBRIO;0081647;TÊNIS KIDY COLORS EQUILIBRIO BRANCO/NUDE;357 
008;TENIS KIDY COLORS EQUILIBRIO;0081647;TÊNIS KIDY COLORS EQUILIBRIO OURO;210 
008;TENIS KIDY COLORS EQUILIBRIO;0081648;TÊNIS KIDY COLORS EQUILIBRIO BRANCO;9 
008;TENIS KIDY COLORS EQUILIBRIO;0081648;TÊNIS KIDY COLORS EQUILIBRIO MARFIM;57 
008;TENIS KIDY COLORS EQUILIBRIO;0081648;TÊNIS KIDY COLORS EQUILIBRIO NUDE;211 
008;TENIS KIDY COLORS EQUILIBRIO;0081650;TÊNIS KIDY COLORS EQUILIBRIO BRANCO;265 
008;TENIS KIDY COLORS EQUILIBRIO;0081650;TÊNIS KIDY COLORS EQUILIBRIO MARFIM;342 
008;TENIS KIDY COLORS EQUILIBRIO;0081650;TÊNIS KIDY COLORS EQUILIBRIO PRETO;12 
008;TENIS KIDY COLORS EQUILIBRIO;0081650;TÊNIS KIDY COLORS EQUILIBRIO ROSA;54 
008;TENIS KIDY COLORS EQUILIBRIO;0081651;TÊNIS KIDY COLORS EQUILIBRIO BRANCO;36 
008;TENIS KIDY COLORS EQUILIBRIO;0081651;TÊNIS KIDY COLORS EQUILIBRIO MARFIM/OURO;531 
008;TENIS KIDY COLORS EQUILIBRIO;0081651;TÊNIS KIDY COLORS EQUILIBRIO ROSA;61 
011;K360 CASUAL CONFORTO;0110353;SAPATENIS KIDY FIRENZE RESPI-TEC PRETO;12 
011;K360 CASUAL CONFORTO;0110360;SAPATENIS KIDY FIRENZE RESPI-TEC CASTANHO/MARINHO;12 
011;K360 CASUAL CONFORTO;0110362;K360 CASUAL CONFORTO MARINHO;6 
011;K360 CASUAL CONFORTO;0110362;K360 CASUAL CONFORTO PRETO;6 
011;K360 CASUAL CONFORTO;0110363;SAPATENIS KIDY FIRENZE RESPI-TEC PRETO;12 
011;K360 CASUAL CONFORTO;0110370;K360 CASUAL CONFORTO NATURAL/BRANCO/VERDE;84 
011;K360 CASUAL CONFORTO;0110370;K360 CASUAL CONFORTO NATURAL/MARINHO;36 
011;K360 CASUAL CONFORTO;0110370;K360 CASUAL CONFORTO PRETO/BRANCO;276 
011;K360 CASUAL CONFORTO;0110371;SAPATENIS KIDY FIRENZE RESPI-TEC NATURAL/MARINHO;336 
011;K360 CASUAL CONFORTO;0110372;K360 CASUAL CONFORTO BRANCO/CINZA;12 
011;K360 CASUAL CONFORTO;0110372;K360 CASUAL CONFORTO NATURAL/MARROM;18 
011;K360 CASUAL CONFORTO;0110372;K360 CASUAL CONFORTO PRETO/BRANCO;12 
011;K360 CASUAL CONFORTO;0110372;K360 CASUAL CONFORTO PRETO/CHUMBO;252 
011;K360 CASUAL CONFORTO;0110373;SAPATENIS KIDY FIRENZE RESPI-TEC PRETO;12 
011;K360 CASUAL CONFORTO;0110375;K360 CASUAL CONFORTO CARAMELO/CAFÉ;12 
011;K360 CASUAL CONFORTO;0110375;K360 CASUAL CONFORTO MARINHO;324 
011;K360 CASUAL CONFORTO;0110375;K360 CASUAL CONFORTO NATURAL;18 
011;K360 CASUAL CONFORTO;0110376;K360 CASUAL CONFORTO MARINHO;84 
011;K360 CASUAL CONFORTO;0110376;K360 CASUAL CONFORTO NATURAL;12 
011;K360 CASUAL CONFORTO;0110376;K360 CASUAL CONFORTO PRETO;24 
011;K360 CASUAL CONFORTO;0110378;K360 CASUAL CONFORTO PRETO;12 
011;K360 CASUAL CONFORTO;0110380;K360 CASUAL CONFORTO BRANCO/PRETO/CINZA;21 
011;K360 CASUAL CONFORTO;0110380;K360 CASUAL CONFORTO MARINHO;240 
011;K360 CASUAL CONFORTO;0110381;K360 CASUAL CONFORTO PRETO;33 
011;K360 CASUAL CONFORTO;0110382;K360 CASUAL CONFORTO MARROM;24 
011;K360 CASUAL CONFORTO;0110382;K360 CASUAL CONFORTO PRETO;12 
011;K360 CASUAL CONFORTO;0110384;K360 CASUAL CONFORTO BRANCO/PRETO;216 
011;K360 CASUAL CONFORTO;0110384;K360 CASUAL CONFORTO CARAMELO/PRETO;215 
011;K360 CASUAL CONFORTO;0110384;K360 CASUAL CONFORTO MARINHO;177 
011;K360 CASUAL CONFORTO;0110384;K360 CASUAL CONFORTO MARROM;219 
011;K360 CASUAL CONFORTO;0110384;K360 CASUAL CONFORTO NATURAL;66 
011;K360 CASUAL CONFORTO;0110384;K360 CASUAL CONFORTO PRETO;1.521 
011;K360 CASUAL CONFORTO;0110385;K360 CASUAL CONFORTO CAFÉ;189 
011;K360 CASUAL CONFORTO;0110385;K360 CASUAL CONFORTO PRETO;201 
011;K360 CASUAL CONFORTO;0110386;K360 CASUAL CONFORTO BRANCO/PRETO;45 
011;K360 CASUAL CONFORTO;0110386;K360 CASUAL CONFORTO CARAMELO/PRETO;1.081 
011;K360 CASUAL CONFORTO;0110386;K360 CASUAL CONFORTO MARINHO;75 
011;K360 CASUAL CONFORTO;0110386;K360 CASUAL CONFORTO MARROM;84 
011;K360 CASUAL CONFORTO;0110386;K360 CASUAL CONFORTO PRETO;264 
011;K360 CASUAL CONFORTO;0110387;K360 CASUAL CONFORTO CAFE;258 
011;K360 CASUAL CONFORTO;0110387;K360 CASUAL CONFORTO CAFÉ/MARROM;426 
011;K360 CASUAL CONFORTO;0110387;K360 CASUAL CONFORTO CASTANHO;48 
011;K360 CASUAL CONFORTO;0110387;K360 CASUAL CONFORTO MARINHO/VERMELHO;501 
011;K360 CASUAL CONFORTO;0110387;K360 CASUAL CONFORTO NATURAL/CARAMELO;6.291 
011;K360 CASUAL CONFORTO;0110387;K360 CASUAL CONFORTO NATURAL/MARROM;177 
011;K360 CASUAL CONFORTO;0110387;K360 CASUAL CONFORTO PRETO/BRANCO;372 
011;K360 CASUAL CONFORTO;0110387;K360 CASUAL CONFORTO PRETO/VERDE;1.023 
011;K360 CASUAL CONFORTO;0110388;K360 CASUAL CONFORTO CAFÉ;291 
011;K360 CASUAL CONFORTO;0110388;K360 CASUAL CONFORTO CANELA;1.119 
011;K360 CASUAL CONFORTO;0110388;K360 CASUAL CONFORTO CARAMELO;776 
011;K360 CASUAL CONFORTO;0110388;K360 CASUAL CONFORTO MARINHO;1.129 
011;K360 CASUAL CONFORTO;0110388;K360 CASUAL CONFORTO MARROM;6 
011;K360 CASUAL CONFORTO;0110388;K360 CASUAL CONFORTO NATURAL;285 
011;K360 CASUAL CONFORTO;0110388;K360 CASUAL CONFORTO PRETO;1.562 
011;K360 CASUAL CONFORTO;0110388;K360 CASUAL CONFORTO TAUPE;24 
011;K360 CASUAL CONFORTO;0110389;K360 CASUAL CONFORTO CAFÉ;249 
011;K360 CASUAL CONFORTO;0110389;K360 CASUAL CONFORTO CARAMELO;1.260 
011;K360 CASUAL CONFORTO;0110389;K360 CASUAL CONFORTO MARINHO;219 
011;K360 CASUAL CONFORTO;0110389;K360 CASUAL CONFORTO MARROM;2.484 
011;K360 CASUAL CONFORTO;0110389;K360 CASUAL CONFORTO PRETO;1.119 
011;K360 CASUAL CONFORTO;0110389;K360 CASUAL CONFORTO PRETO/CREPE;6 
011;K360 CASUAL CONFORTO;0110389;K360 CASUAL CONFORTO TAUPE;15 
011;K360 CASUAL CONFORTO;0110402;K360 CASUAL CONFORTO BRANCO/BEGE;18 
011;K360 CASUAL CONFORTO;0110402;K360 CASUAL CONFORTO BRANCO/CINZA/MARINHO;69 
011;K360 CASUAL CONFORTO;0110402;K360 CASUAL CONFORTO CARAMELO;180 
011;K360 CASUAL CONFORTO;0110402;K360 CASUAL CONFORTO NATURAL/TAUPE;285 
011;K360 CASUAL CONFORTO;0110403;K360 CASUAL CONFORTO BRANCO/CINZA/MARINHO;54 
011;K360 CASUAL CONFORTO;0110403;K360 CASUAL CONFORTO MARROM;18 
011;K360 CASUAL CONFORTO;0110403;K360 CASUAL CONFORTO NATURAL/TAUPE;24 
011;K360 CASUAL CONFORTO;0111001;SAPATENIS KIDY FIRENZE RESPI-TEC NATURAL/MARROM;12 
011;K360 CASUAL CONFORTO;0111002;SAPATENIS KIDY FIRENZE RESPI-TEC CARAMELO/MARINHO;12 
015;SAPATILHA KIDY BABY;0150415;SAPATILHA KIDY BABY BRANCO;1.558 
015;SAPATILHA KIDY BABY;0150415;SAPATILHA KIDY BABY NUDE;243 
015;SAPATILHA KIDY BABY;0150415;SAPATILHA KIDY BABY OURO;516 
015;SAPATILHA KIDY BABY;0150415;SAPATILHA KIDY BABY PEROLA;256 
015;SAPATILHA KIDY BABY;0150415;SAPATILHA KIDY BABY PRETO;793 
015;SAPATILHA KIDY BABY;0150419;SAPATILHA KIDY BABY BLUSH;165 
015;SAPATILHA KIDY BABY;0150419;SAPATILHA KIDY BABY BRANCO;482 
015;SAPATILHA KIDY BABY;0150419;SAPATILHA KIDY BABY MARFIM;135 
015;SAPATILHA KIDY BABY;0150419;SAPATILHA KIDY BABY NUDE;12 
015;SAPATILHA KIDY BABY;0150419;SAPATILHA KIDY BABY OURO;276 
015;SAPATILHA KIDY BABY;0150419;SAPATILHA KIDY BABY PRETO;9 
015;SAPATILHA KIDY BABY;0150419;SAPATILHA KIDY BABY VERMELHO;12 
015;SAPATILHA KIDY BABY;0150432;SAPATILHA KIDY BABY BRANCO;9 
015;SAPATILHA KIDY BABY;0150432;SAPATILHA KIDY BABY NUDE;12 
015;SAPATILHA KIDY BABY;0150432;SAPATILHA KIDY BABY OURO;30 
015;SAPATILHA KIDY BABY;0150434;SAPATILHA KIDY BABY BRANCO;1.440 
015;SAPATILHA KIDY BABY;0150434;SAPATILHA KIDY BABY NUDE;207 
015;SAPATILHA KIDY BABY;0150434;SAPATILHA KIDY BABY OURO;509 
015;SAPATILHA KIDY BABY;0150434;SAPATILHA KIDY BABY PRETO;114 
015;SAPATILHA KIDY BABY;0150435;SAPATILHA KIDY BABY BLUSH;195 
015;SAPATILHA KIDY BABY;0150435;SAPATILHA KIDY BABY BRANCO;447 
015;SAPATILHA KIDY BABY;0150435;SAPATILHA KIDY BABY PRETO;324 
015;SAPATILHA KIDY BABY;0150435;SAPATILHA KIDY BABY VERMELHO;114 
015;SAPATILHA KIDY BABY;0150440;SAPATILHA KIDY BABY BRANCO/OURO;760 
015;SAPATILHA KIDY BABY;0150440;SAPATILHA KIDY BABY NUDE/OURO;78 
015;SAPATILHA KIDY BABY;0150440;SAPATILHA KIDY BABY OURO;228 
015;SAPATILHA KIDY BABY;0150440;SAPATILHA KIDY BABY PRETO;114 
015;SAPATILHA KIDY BABY;0150440;SAPATILHA KIDY BABY ROSA;57 
015;SAPATILHA KIDY BABY;0150441;SAPATILHA KIDY BABY BRANCO;735 
015;SAPATILHA KIDY BABY;0150441;SAPATILHA KIDY BABY MARFIM/OURO;1.358 
015;SAPATILHA KIDY BABY;0150441;SAPATILHA KIDY BABY NUDE;2.110 
015;SAPATILHA KIDY BABY;0150441;SAPATILHA KIDY BABY OURO;373 
015;SAPATILHA KIDY BABY;0150441;SAPATILHA KIDY BABY PRETO;204 
015;SAPATILHA KIDY BABY;0150443;SAPATILHA KIDY BABY BRANCO;21 
015;SAPATILHA KIDY BABY;0150443;SAPATILHA KIDY BABY MARFIM;6 
015;SAPATILHA KIDY BABY;0150444;SAPATILHA KIDY BABY PRETO/ONÇA;36 
015;SAPATILHA KIDY BABY;0150445;SAPATILHA KIDY BABY AZUL;12 
015;SAPATILHA KIDY BABY;0150445;SAPATILHA KIDY BABY BRANCO;126 
015;SAPATILHA KIDY BABY;0150445;SAPATILHA KIDY BABY LILAS;36 
015;SAPATILHA KIDY BABY;0150445;SAPATILHA KIDY BABY MARFIM;393 
015;SAPATILHA KIDY BABY;0150445;SAPATILHA KIDY BABY PRETO;81 
015;SAPATILHA KIDY BABY;0150445;SAPATILHA KIDY BABY ROSA;111 
015;SAPATILHA KIDY BABY;0150446;SAPATILHA KIDY BABY AZUL;24 
015;SAPATILHA KIDY BABY;0150446;SAPATILHA KIDY BABY BRANCO;45 
015;SAPATILHA KIDY BABY;0150446;SAPATILHA KIDY BABY MARFIM;36 
015;SAPATILHA KIDY BABY;0150446;SAPATILHA KIDY BABY NUDE;27 
015;SAPATILHA KIDY BABY;0150447;SAPATILHA KIDY BABY AZUL;24 
015;SAPATILHA KIDY BABY;0150447;SAPATILHA KIDY BABY BRANCO;144 
015;SAPATILHA KIDY BABY;0150447;SAPATILHA KIDY BABY MARFIM;213 
015;SAPATILHA KIDY BABY;0150447;SAPATILHA KIDY BABY PRETO;24 
015;SAPATILHA KIDY BABY;0150447;SAPATILHA KIDY BABY ROSA;54 
016;MOCASSIM KIDY BABY;0160178;MOCASSIM KIDY BABY CASTANHO/TAUPE;12 
020;TENIS KIDY FLEX LIGHT;0200161;TENIS KIDY FLEX LIGHT AZUL ROYAL/PRETO;12 
020;TENIS KIDY FLEX LIGHT;0200178;TENIS KIDY FLEX LIGHT MARINHO/VERMELHO;5.110 
020;TENIS KIDY FLEX LIGHT;0200182;TENIS KIDY FLEX LIGHT MARINHO/VERMELHO;60 
020;TENIS KIDY FLEX LIGHT;0200183;TENIS KIDY FLEX LIGHT PRETO/AZUL/LARANJA;12 
020;TENIS KIDY FLEX LIGHT;0200184;TENIS KIDY FLEX LIGHT MARINHO/LARANJA NEON;12 
020;TENIS KIDY FLEX LIGHT;0200185;TENIS KIDY FLEX LIGHT MARINHO/AZUL ROYAL/AMARELO NEON;72 
020;TENIS KIDY FLEX LIGHT;0200186;TENIS KIDY FLEX LIGHT BRANCO/AZUL/AMARELO;36 
020;TENIS KIDY FLEX LIGHT;0200186;TENIS KIDY FLEX LIGHT BRANCO/MARINHO;1.350 
020;TENIS KIDY FLEX LIGHT;0200186;TENIS KIDY FLEX LIGHT BRANCO/VERMELHO/MARINHO;294 
020;TENIS KIDY FLEX LIGHT;0200186;TENIS KIDY FLEX LIGHT GRAFITE/AMARELO NEON;563 
020;TENIS KIDY FLEX LIGHT;0200186;TENIS KIDY FLEX LIGHT MARINHO/VERMELHO;7.577 
020;TENIS KIDY FLEX LIGHT;0200186;TENIS KIDY FLEX LIGHT PRETO/AMARELO NEON;1.440 
020;TENIS KIDY FLEX LIGHT;0200187;TENIS KIDY FLEX LIGHT MARINHO/GRAFITE/LEMON;48 
020;TENIS KIDY FLEX LIGHT;0200187;TENIS KIDY FLEX LIGHT PRETO/AZUL ROYAL;12 
020;TENIS KIDY FLEX LIGHT;0200188;TENIS KIDY FLEX LIGHT GRAFITE/PRETO/VERMELHO;63 
020;TENIS KIDY FLEX LIGHT;0200188;TENIS KIDY FLEX LIGHT MARINHO/LARANJA NEON;156 
020;TENIS KIDY FLEX LIGHT;0200188;TENIS KIDY FLEX LIGHT PRETO/AMARELO NEON;321 
020;TENIS KIDY FLEX LIGHT;0200188;TENIS KIDY FLEX LIGHT PRETO/AZUL ROYAL;300 
020;TENIS KIDY FLEX LIGHT;0200189;TENIS KIDY FLEX LIGHT BRANCO/PRETO;21 
020;TENIS KIDY FLEX LIGHT;0200189;TENIS KIDY FLEX LIGHT MARINHO/VERMELHO;261 
020;TENIS KIDY FLEX LIGHT;0200189;TENIS KIDY FLEX LIGHT PRETO/AMARELO NEON;33 
020;TENIS KIDY FLEX LIGHT;0200189;TENIS KIDY FLEX LIGHT PRETO/VERDE/LARANJA;846 
020;TENIS KIDY FLEX LIGHT;0200190;TENIS KIDY FLEX LIGHT GRAFITE/MARINHO;1.689 
020;TENIS KIDY FLEX LIGHT;0200190;TENIS KIDY FLEX LIGHT MARINHO/AZUL ROYAL;480 
020;TENIS KIDY FLEX LIGHT;0200190;TENIS KIDY FLEX LIGHT MARINHO/VERMELHO;954 
020;TENIS KIDY FLEX LIGHT;0200190;TENIS KIDY FLEX LIGHT PRETO/AMARELO NEON;408 
020;TENIS KIDY FLEX LIGHT;0200191;TENIS KIDY FLEX LIGHT PRETO;195 
020;TENIS KIDY FLEX LIGHT;0200191;TENIS KIDY FLEX LIGHT PRETO/GRAFITE/LARANJA;24 
020;TENIS KIDY FLEX LIGHT;0200191;TENIS KIDY FLEX LIGHT PRETO/GRAFITE/VERDE;78 
020;TENIS KIDY FLEX LIGHT;0200192;TENIS KIDY FLEX LIGHT AZUL/VERMELHO;630 
020;TENIS KIDY FLEX LIGHT;0200192;TENIS KIDY FLEX LIGHT MARINHO/VERMELHO;429 
020;TENIS KIDY FLEX LIGHT;0200192;TENIS KIDY FLEX LIGHT PRETO/PRATA;240 
020;TENIS KIDY FLEX LIGHT;0200193;TENIS KIDY FLEX LIGHT MARINHO/VERDE;42 
020;TENIS KIDY FLEX LIGHT;0200193;TENIS KIDY FLEX LIGHT PRETO/AMARELO NEON;60 
020;TENIS KIDY FLEX LIGHT;0200193;TENIS KIDY FLEX LIGHT PRETO/VERDE;150 
020;TENIS KIDY FLEX LIGHT;0200195;TENIS KIDY FLEX LIGHT GRAFITE/MARINHO/AMARELO NEON;24 
020;TENIS KIDY FLEX LIGHT;0200195;TENIS KIDY FLEX LIGHT GRAFITE/PRETO/VERMELHO;24 
020;TENIS KIDY FLEX LIGHT;0200195;TENIS KIDY FLEX LIGHT MARINHO/LARANJA NEON;33 
020;TENIS KIDY FLEX LIGHT;0200195;TENIS KIDY FLEX LIGHT PRETO/AMARELO NEON;60 
020;TENIS KIDY FLEX LIGHT;0200196;TENIS KIDY FLEX LIGHT CINZA/MARINHO;24 
020;TENIS KIDY FLEX LIGHT;0200196;TENIS KIDY FLEX LIGHT GRAFITE/PRETO/LRNJ.NEON;450 
020;TENIS KIDY FLEX LIGHT;0200196;TENIS KIDY FLEX LIGHT MARINHO/VERMELHO;108 
020;TENIS KIDY FLEX LIGHT;0200196;TENIS KIDY FLEX LIGHT PRETO/VERMELHO;117 
020;TENIS KIDY FLEX LIGHT;0200197;TENIS KIDY FLEX LIGHT AZUL/AMARELO NEON;24 
020;TENIS KIDY FLEX LIGHT;0200197;TENIS KIDY FLEX LIGHT MARINHO/AMARELO NEON;36 
020;TENIS KIDY FLEX LIGHT;0200197;TENIS KIDY FLEX LIGHT PRETO/AZUL;42 
020;TENIS KIDY FLEX LIGHT;0200197;TENIS KIDY FLEX LIGHT PRETO/VERMELHO/LARANJA;24 
020;TENIS KIDY FLEX LIGHT;0200198;TENIS KIDY FLEX LIGHT AZUL/MARINHO/VERDE;138 
020;TENIS KIDY FLEX LIGHT;0200198;TENIS KIDY FLEX LIGHT CINZA/MARINHO;29 
020;TENIS KIDY FLEX LIGHT;0200198;TENIS KIDY FLEX LIGHT GRAFITE/MARINHO;124 
020;TENIS KIDY FLEX LIGHT;0200198;TENIS KIDY FLEX LIGHT MARINHO/AZUL ROYAL;87 
020;TENIS KIDY FLEX LIGHT;0200198;TENIS KIDY FLEX LIGHT MARINHO/VERMELHO;135 
020;TENIS KIDY FLEX LIGHT;0200199;TENIS KIDY FLEX LIGHT GRAFITE/MARINHO;120 
020;TENIS KIDY FLEX LIGHT;0200199;TENIS KIDY FLEX LIGHT MARINHO/PRATA;24 
020;TENIS KIDY FLEX LIGHT;0200199;TENIS KIDY FLEX LIGHT PRETO/PRATA;126 
020;TENIS KIDY FLEX LIGHT;0200200;TENIS KIDY FLEX LIGHT MARINHO/VERMELHO;1.059 
020;TENIS KIDY FLEX LIGHT;0200200;TENIS KIDY FLEX LIGHT MARROM/LARANJA;201 
020;TENIS KIDY FLEX LIGHT;0200200;TENIS KIDY FLEX LIGHT PRETO/PRATA;240 
020;TENIS KIDY FLEX LIGHT;0200200;TENIS KIDY FLEX LIGHT VERDE/LARANJA;348 
020;TENIS KIDY FLEX LIGHT;0200203;TENIS KIDY FLEX LIGHT BRANCO/MARINHO;33 
020;TENIS KIDY FLEX LIGHT;0200203;TENIS KIDY FLEX LIGHT MARINHO/AMARELO NEON;147 
020;TENIS KIDY FLEX LIGHT;0200203;TENIS KIDY FLEX LIGHT MARINHO/VERMELHO;171 
020;TENIS KIDY FLEX LIGHT;0200203;TENIS KIDY FLEX LIGHT PRETO/VERMELHO;57 
020;TENIS KIDY FLEX LIGHT;0200204;TENIS KIDY FLEX LIGHT PRETO;72 
020;TENIS KIDY FLEX LIGHT;0200204;TENIS KIDY FLEX LIGHT PRETO/GRAFITE/VERDE;24 
020;TENIS KIDY FLEX LIGHT;0200205;TENIS KIDY FLEX LIGHT AZUL/VERMELHO;222 
020;TENIS KIDY FLEX LIGHT;0200205;TENIS KIDY FLEX LIGHT MARINHO/VERMELHO;117 
020;TENIS KIDY FLEX LIGHT;0200206;TENIS KIDY FLEX LIGHT PRETO/AMARELO NEON;15 
020;TENIS KIDY FLEX LIGHT;0200206;TENIS KIDY FLEX LIGHT PRETO/VERDE;96 
020;TENIS KIDY FLEX LIGHT;0200207;TENIS KIDY FLEX LIGHT MARINHO/VERDE;303 
020;TENIS KIDY FLEX LIGHT;0200207;TENIS KIDY FLEX LIGHT MARROM/CAFE;528 
020;TENIS KIDY FLEX LIGHT;0201183;TENIS KIDY FLEX LIGHT PRATA/COLORIDO;36 
020;TENIS KIDY FLEX LIGHT;0201183;TENIS KIDY FLEX LIGHT PRATA/PINK NEON;9 
020;TENIS KIDY FLEX LIGHT;0201184;TENIS KIDY FLEX LIGHT PRETO/PINK;12 
020;TENIS KIDY FLEX LIGHT;0201191;TENIS KIDY FLEX LIGHT MARFIM;24 
020;TENIS KIDY FLEX LIGHT;0201191;TENIS KIDY FLEX LIGHT ROSA;12 
020;TENIS KIDY FLEX LIGHT;0201193;TENIS KIDY FLEX LIGHT NUDE;51 
020;TENIS KIDY FLEX LIGHT;0201193;TENIS KIDY FLEX LIGHT OURO;435 
020;TENIS KIDY FLEX LIGHT;0201193;TENIS KIDY FLEX LIGHT PRATA;57 
020;TENIS KIDY FLEX LIGHT;0201193;TENIS KIDY FLEX LIGHT PRETO;87 
020;TENIS KIDY FLEX LIGHT;0201194;TENIS KIDY FLEX LIGHT BRANCO/ROSA/LILAS;2.771 
020;TENIS KIDY FLEX LIGHT;0201194;TENIS KIDY FLEX LIGHT NUDE;4.314 
020;TENIS KIDY FLEX LIGHT;0201194;TENIS KIDY FLEX LIGHT PRETO;1.617 
020;TENIS KIDY FLEX LIGHT;0201195;TENIS KIDY FLEX LIGHT MARINHO;117 
020;TENIS KIDY FLEX LIGHT;0201195;TENIS KIDY FLEX LIGHT PRETO;207 
020;TENIS KIDY FLEX LIGHT;0201196;TENIS KIDY FLEX LIGHT BRANCO;123 
020;TENIS KIDY FLEX LIGHT;0201196;TENIS KIDY FLEX LIGHT NUDE;297 
020;TENIS KIDY FLEX LIGHT;0201196;TENIS KIDY FLEX LIGHT OURO;126 
020;TENIS KIDY FLEX LIGHT;0201196;TENIS KIDY FLEX LIGHT PRETO;756 
020;TENIS KIDY FLEX LIGHT;0201198;TENIS KIDY FLEX LIGHT LILAS;396 
020;TENIS KIDY FLEX LIGHT;0201198;TENIS KIDY FLEX LIGHT NUDE;2.194 
020;TENIS KIDY FLEX LIGHT;0201198;TENIS KIDY FLEX LIGHT PRETO;2.374 
020;TENIS KIDY FLEX LIGHT;0201199;TENIS KIDY FLEX LIGHT BRANCO/COLORIDO;516 
020;TENIS KIDY FLEX LIGHT;0201199;TENIS KIDY FLEX LIGHT NUDE;1.437 
020;TENIS KIDY FLEX LIGHT;0201199;TENIS KIDY FLEX LIGHT OURO;207 
020;TENIS KIDY FLEX LIGHT;0201199;TENIS KIDY FLEX LIGHT PRETO;618 
020;TENIS KIDY FLEX LIGHT;0201201;TENIS KIDY FLEX LIGHT BRANCO;60 
020;TENIS KIDY FLEX LIGHT;0201201;TENIS KIDY FLEX LIGHT LILAS;156 
020;TENIS KIDY FLEX LIGHT;0201201;TENIS KIDY FLEX LIGHT NUDE;138 
020;TENIS KIDY FLEX LIGHT;0201201;TENIS KIDY FLEX LIGHT PINK;60 
020;TENIS KIDY FLEX LIGHT;0201202;TENIS KIDY FLEX LIGHT BRANCO/PRATA;72 
020;TENIS KIDY FLEX LIGHT;0201202;TENIS KIDY FLEX LIGHT LILAS;21 
020;TENIS KIDY FLEX LIGHT;0201202;TENIS KIDY FLEX LIGHT OURO;807 
020;TENIS KIDY FLEX LIGHT;0201202;TENIS KIDY FLEX LIGHT ROSA;300 
020;TENIS KIDY FLEX LIGHT;0201203;TENIS KIDY FLEX LIGHT BRANCO;171 
020;TENIS KIDY FLEX LIGHT;0201203;TENIS KIDY FLEX LIGHT LILAS;24 
020;TENIS KIDY FLEX LIGHT;0201203;TENIS KIDY FLEX LIGHT PRETO;72 
020;TENIS KIDY FLEX LIGHT;0201203;TENIS KIDY FLEX LIGHT ROSA;315 
020;TENIS KIDY FLEX LIGHT;0201204;TENIS KIDY FLEX LIGHT AZUL BB;135 
020;TENIS KIDY FLEX LIGHT;0201204;TENIS KIDY FLEX LIGHT LILAS;63 
020;TENIS KIDY FLEX LIGHT;0201204;TENIS KIDY FLEX LIGHT MARFIM/AMARELO;12 
020;TENIS KIDY FLEX LIGHT;0201204;TENIS KIDY FLEX LIGHT NUDE;261 
020;TENIS KIDY FLEX LIGHT;0201204;TENIS KIDY FLEX LIGHT PRETO/NUDE;45 
020;TENIS KIDY FLEX LIGHT;0201205;TENIS KIDY FLEX LIGHT MARFIM;24 
020;TENIS KIDY FLEX LIGHT;0201205;TENIS KIDY FLEX LIGHT MARINHO/ROSA;63 
020;TENIS KIDY FLEX LIGHT;0201205;TENIS KIDY FLEX LIGHT NUDE;36 
020;TENIS KIDY FLEX LIGHT;0201205;TENIS KIDY FLEX LIGHT PRETO;36 
020;TENIS KIDY FLEX LIGHT;0201206;TENIS KIDY FLEX LIGHT LILAS;105 
020;TENIS KIDY FLEX LIGHT;0201206;TENIS KIDY FLEX LIGHT MARFIM;96 
020;TENIS KIDY FLEX LIGHT;0201206;TENIS KIDY FLEX LIGHT NUDE;450 
020;TENIS KIDY FLEX LIGHT;0201206;TENIS KIDY FLEX LIGHT NUDE/BLUSH;192 
020;TENIS KIDY FLEX LIGHT;0201206;TENIS KIDY FLEX LIGHT PRETO;99 
020;TENIS KIDY FLEX LIGHT;0201209;TENIS KIDY FLEX LIGHT MARFIM;42 
020;TENIS KIDY FLEX LIGHT;0201209;TENIS KIDY FLEX LIGHT MARROM/CAFE;180 
020;TENIS KIDY FLEX LIGHT;0201209;TENIS KIDY FLEX LIGHT ROSA;657 
020;TENIS KIDY FLEX LIGHT;0201211;TENIS KIDY FLEX LIGHT BRANCO/ROSA/LILAS;21 
020;TENIS KIDY FLEX LIGHT;0201211;TENIS KIDY FLEX LIGHT MARFIM;96 
020;TENIS KIDY FLEX LIGHT;0201211;TENIS KIDY FLEX LIGHT NUDE;90 
020;TENIS KIDY FLEX LIGHT;0201211;TENIS KIDY FLEX LIGHT PRETO;159 
021;SANDALIA KIDY WAVE ANATOMICA;0210520;SANDALIA KIDY WAVE GRAFITE/VERMELHO;24 
021;SANDALIA KIDY WAVE ANATOMICA;0210520;SANDALIA KIDY WAVE MARINHO/VERDE NEON;36 
027;SAPATILHA KIDY SOFT;0270533;SAPATILHA KIDY SOFT MARINE;12 
027;SAPATILHA KIDY SOFT;0270536;SAPATILHA KIDY SOFT MARFIM;12 
027;SAPATILHA KIDY SOFT;0270537;SAPATILHA KIDY SOFT BRANCO;18 
027;SAPATILHA KIDY SOFT;0270537;SAPATILHA KIDY SOFT NUDE;12 
027;SAPATILHA KIDY SOFT;0270537;SAPATILHA KIDY SOFT OURO;12 
027;SAPATILHA KIDY SOFT;0270537;SAPATILHA KIDY SOFT PRETO;12 
027;SAPATILHA KIDY SOFT;0270551;SAPATILHA KIDY SOFT OURO;15 
027;SAPATILHA KIDY SOFT;0270554;SAPATILHA KIDY SOFT BRANCO;15 
027;SAPATILHA KIDY SOFT;0270554;SAPATILHA KIDY SOFT MARFIM;12 
027;SAPATILHA KIDY SOFT;0270554;SAPATILHA KIDY SOFT OURO;77 
027;SAPATILHA KIDY SOFT;0270554;SAPATILHA KIDY SOFT PRETO;47 
027;SAPATILHA KIDY SOFT;0270555;SAPATILHA KIDY SOFT BRANCO;47 
027;SAPATILHA KIDY SOFT;0270555;SAPATILHA KIDY SOFT MARFIM;12 
027;SAPATILHA KIDY SOFT;0270555;SAPATILHA KIDY SOFT PRETO;12 
027;SAPATILHA KIDY SOFT;0270556;SAPATILHA KIDY SOFT PRATA;15 
027;SAPATILHA KIDY SOFT;0270556;SAPATILHA KIDY SOFT PRETO;15 
027;SAPATILHA KIDY SOFT;0270557;SAPATILHA KIDY SOFT BRANCO;428 
027;SAPATILHA KIDY SOFT;0270557;SAPATILHA KIDY SOFT NUDE;111 
027;SAPATILHA KIDY SOFT;0270557;SAPATILHA KIDY SOFT PEROLA;140 
027;SAPATILHA KIDY SOFT;0270557;SAPATILHA KIDY SOFT PRETO;1.046 
027;SAPATILHA KIDY SOFT;0270557;SAPATILHA KIDY SOFT VERMELHO;150 
027;SAPATILHA KIDY SOFT;0270558;SAPATILHA KIDY SOFT BRANCO;9 
027;SAPATILHA KIDY SOFT;0270558;SAPATILHA KIDY SOFT NUDE;9 
027;SAPATILHA KIDY SOFT;0270558;SAPATILHA KIDY SOFT PRETO;6 
027;SAPATILHA KIDY SOFT;0270561;SAPATILHA KIDY SOFT BRANCO;369 
027;SAPATILHA KIDY SOFT;0270561;SAPATILHA KIDY SOFT MARFIM;426 
027;SAPATILHA KIDY SOFT;0270561;SAPATILHA KIDY SOFT NUDE;96 
027;SAPATILHA KIDY SOFT;0270561;SAPATILHA KIDY SOFT OURO;1.155 
027;SAPATILHA KIDY SOFT;0270561;SAPATILHA KIDY SOFT PRETO;1.284 
027;SAPATILHA KIDY SOFT;0270564;SAPATILHA KIDY SOFT JEANS/NUDE;12 
027;SAPATILHA KIDY SOFT;0270564;SAPATILHA KIDY SOFT JEANS/PRETO;12 
027;SAPATILHA KIDY SOFT;0270565;SAPATILHA KIDY SOFT BRANCO;680 
027;SAPATILHA KIDY SOFT;0270565;SAPATILHA KIDY SOFT NUDE;423 
027;SAPATILHA KIDY SOFT;0270565;SAPATILHA KIDY SOFT OURO;1.020 
027;SAPATILHA KIDY SOFT;0270565;SAPATILHA KIDY SOFT PRETO;1.147 
027;SAPATILHA KIDY SOFT;0270565;SAPATILHA KIDY SOFT ROSA;60 
027;SAPATILHA KIDY SOFT;0270566;SAPATILHA KIDY SOFT BRANCO;213 
027;SAPATILHA KIDY SOFT;0270566;SAPATILHA KIDY SOFT NUDE;595 
027;SAPATILHA KIDY SOFT;0270566;SAPATILHA KIDY SOFT OURO;234 
027;SAPATILHA KIDY SOFT;0270566;SAPATILHA KIDY SOFT PRETO;770 
027;SAPATILHA KIDY SOFT;0270566;SAPATILHA KIDY SOFT VERMELHO;237 
027;SAPATILHA KIDY SOFT;0270567;SAPATILHA KIDY SOFT PRETO/ONÇA;117 
027;SAPATILHA KIDY SOFT;0270568;SAPATILHA KIDY SOFT BRANCO;90 
027;SAPATILHA KIDY SOFT;0270568;SAPATILHA KIDY SOFT MARFIM;27 
027;SAPATILHA KIDY SOFT;0270568;SAPATILHA KIDY SOFT NUDE;51 
027;SAPATILHA KIDY SOFT;0270568;SAPATILHA KIDY SOFT OURO;6 
027;SAPATILHA KIDY SOFT;0270568;SAPATILHA KIDY SOFT PRETO;132 
027;SAPATILHA KIDY SOFT;0270571;SAPATILHA KIDY SOFT BRANCO;18 
027;SAPATILHA KIDY SOFT;0270571;SAPATILHA KIDY SOFT MARFIM;369 
027;SAPATILHA KIDY SOFT;0270571;SAPATILHA KIDY SOFT PRETO;36 
027;SAPATILHA KIDY SOFT;0270571;SAPATILHA KIDY SOFT ROSA;24 
027;SAPATILHA KIDY SOFT;0270572;SAPATILHA KIDY SOFT BRANCO;783 
027;SAPATILHA KIDY SOFT;0270572;SAPATILHA KIDY SOFT ROSA;84 
027;SAPATILHA KIDY SOFT;0270573;SAPATILHA KIDY SOFT OURO;165 
027;SAPATILHA KIDY SOFT;0270573;SAPATILHA KIDY SOFT PRATA;102 
027;SAPATILHA KIDY SOFT;0270573;SAPATILHA KIDY SOFT ROSA;9 
027;SAPATILHA KIDY SOFT;0270575;SAPATILHA KIDY SOFT BRANCO;63 
027;SAPATILHA KIDY SOFT;0270575;SAPATILHA KIDY SOFT MARFIM;66 
027;SAPATILHA KIDY SOFT;0270575;SAPATILHA KIDY SOFT NUDE;90 
035;TENIS KIDY LIGHT FUN;0350094;TENIS KIDY LIGHT FUN MARINHO;12 
035;TENIS KIDY LIGHT FUN;0350095;TENIS KIDY LIGHT FUN AZUL ROYAL/MARINHO/AMARELO;549 
035;TENIS KIDY LIGHT FUN;0350095;TENIS KIDY LIGHT FUN GRAFITE/AZUL;24 
035;TENIS KIDY LIGHT FUN;0350095;TENIS KIDY LIGHT FUN MARINHO;15 
035;TENIS KIDY LIGHT FUN;0350095;TENIS KIDY LIGHT FUN MARINHO/AZUL;81 
035;TENIS KIDY LIGHT FUN;0350095;TENIS KIDY LIGHT FUN MARINHO/CINZA/VERDE;2.934 
035;TENIS KIDY LIGHT FUN;0350095;TENIS KIDY LIGHT FUN PRETO/GRAFITE/AMARELO NEON;2.027 
035;TENIS KIDY LIGHT FUN;0350095;TENIS KIDY LIGHT FUN PRETO/VERMELHO;42 
035;TENIS KIDY LIGHT FUN;0350096;TENIS KIDY LIGHT FUN MARINHO/VERMELHO;12 
035;TENIS KIDY LIGHT FUN;0350097;TENIS KIDY LIGHT FUN GRAFITE/PRETO/AMARELO;72 
035;TENIS KIDY LIGHT FUN;0350097;TENIS KIDY LIGHT FUN MARINHO/LARANJA;235 
035;TENIS KIDY LIGHT FUN;0350097;TENIS KIDY LIGHT FUN MARINHO/VERDE;1.329 
035;TENIS KIDY LIGHT FUN;0350097;TENIS KIDY LIGHT FUN PRETO/VERMELHO;918 
035;TENIS KIDY LIGHT FUN;0350098;TENIS KIDY LIGHT FUN MARINHO/LARANJA NEON;381 
035;TENIS KIDY LIGHT FUN;0350098;TENIS KIDY LIGHT FUN PRETO/AZUL/AMARELO;152 
035;TENIS KIDY LIGHT FUN;0350098;TENIS KIDY LIGHT FUN PRETO/GRAFITE;751 
035;TENIS KIDY LIGHT FUN;0350099;TENIS KIDY LIGHT FUN PRETO/VERMELHO;18 
035;TENIS KIDY LIGHT FUN;0350100;TENIS KIDY LIGHT FUN MARINHO/AZUL;825 
035;TENIS KIDY LIGHT FUN;0350100;TENIS KIDY LIGHT FUN MARINHO/AZUL ROYAL/AMARELO NEON;96 
035;TENIS KIDY LIGHT FUN;0350100;TENIS KIDY LIGHT FUN PRETO/VERDE MUSGO;135 
035;TENIS KIDY LIGHT FUN;0350100;TENIS KIDY LIGHT FUN PRETO/VERMELHO;303 
035;TENIS KIDY LIGHT FUN;0350101;TENIS KIDY LIGHT FUN MARINHO/AZUL ROYAL;117 
035;TENIS KIDY LIGHT FUN;0350101;TENIS KIDY LIGHT FUN PRETO/GRAFITE/LARANJA NEON;57 
035;TENIS KIDY LIGHT FUN;0350101;TENIS KIDY LIGHT FUN PRETO/VERDE/LARANJA;795 
035;TENIS KIDY LIGHT FUN;0350101;TENIS KIDY LIGHT FUN PRETO/VERMELHO;48 
035;TENIS KIDY LIGHT FUN;0350104;TENIS KIDY LIGHT FUN CINZA/MARINHO;24 
035;TENIS KIDY LIGHT FUN;0350104;TENIS KIDY LIGHT FUN GRAFITE/PRETO/LARANJA NEON;120 
035;TENIS KIDY LIGHT FUN;0350104;TENIS KIDY LIGHT FUN MARINHO/LRNJA NEON/PRATA;1.023 
035;TENIS KIDY LIGHT FUN;0350104;TENIS KIDY LIGHT FUN PRETO/AMARELO NEON;261 
035;TENIS KIDY LIGHT FUN;0350105;TENIS KIDY LIGHT FUN MARINHO/AMARELO NEON;33 
035;TENIS KIDY LIGHT FUN;0350105;TENIS KIDY LIGHT FUN MARINHO/GRAFITE;12 
035;TENIS KIDY LIGHT FUN;0350105;TENIS KIDY LIGHT FUN MARINHO/GRAFITE/VERDE;48 
035;TENIS KIDY LIGHT FUN;0350105;TENIS KIDY LIGHT FUN PRETO/LARANJA NEON;12 
035;TENIS KIDY LIGHT FUN;0350106;TENIS KIDY LIGHT FUN MARINHO/LARANJA;120 
035;TENIS KIDY LIGHT FUN;0350106;TENIS KIDY LIGHT FUN PRETO/GRAFITE/VERMELHO;90 
035;TENIS KIDY LIGHT FUN;0350107;TENIS KIDY LIGHT FUN MARINHO;204 
035;TENIS KIDY LIGHT FUN;0350107;TENIS KIDY LIGHT FUN MARINHO/LARANJA;566 
035;TENIS KIDY LIGHT FUN;0350107;TENIS KIDY LIGHT FUN PRETO;271 
035;TENIS KIDY LIGHT FUN;0350107;TENIS KIDY LIGHT FUN PRETO/GRAFITE/VERMELHO;15 
035;TENIS KIDY LIGHT FUN;0350108;TENIS KIDY LIGHT FUN MARINHO/AZUL;219 
035;TENIS KIDY LIGHT FUN;0350108;TENIS KIDY LIGHT FUN MARINHO/AZUL ROYAL/AMARELO NEON;33 
035;TENIS KIDY LIGHT FUN;0350108;TENIS KIDY LIGHT FUN MARINHO/CINZA/VERDE;128 
035;TENIS KIDY LIGHT FUN;0350108;TENIS KIDY LIGHT FUN PRETO/VERMELHO;129 
035;TENIS KIDY LIGHT FUN;0350109;TENIS KIDY LIGHT FUN AZUL/VERMELHO;123 
035;TENIS KIDY LIGHT FUN;0350109;TENIS KIDY LIGHT FUN MARINHO/VERMELHO;168 
035;TENIS KIDY LIGHT FUN;0350109;TENIS KIDY LIGHT FUN PRETO;480 
035;TENIS KIDY LIGHT FUN;0350109;TENIS KIDY LIGHT FUN PRETO/VERMELHO;546 
035;TENIS KIDY LIGHT FUN;0351093;TENIS KIDY LIGHT FUN MARINHO;102 
035;TENIS KIDY LIGHT FUN;0351093;TENIS KIDY LIGHT FUN NUDE;108 
035;TENIS KIDY LIGHT FUN;0351093;TENIS KIDY LIGHT FUN PRETO;414 
035;TENIS KIDY LIGHT FUN;0351094;TENIS KIDY LIGHT FUN NUDE;243 
035;TENIS KIDY LIGHT FUN;0351094;TENIS KIDY LIGHT FUN PRETO;516 
035;TENIS KIDY LIGHT FUN;0351094;TENIS KIDY LIGHT FUN ROSA/LILAS;750 
035;TENIS KIDY LIGHT FUN;0351097;TENIS KIDY LIGHT FUN BRANCO/ROSA;36 
035;TENIS KIDY LIGHT FUN;0351098;TENIS KIDY LIGHT FUN NUDE;654 
035;TENIS KIDY LIGHT FUN;0351098;TENIS KIDY LIGHT FUN PRETO;1.416 
035;TENIS KIDY LIGHT FUN;0351098;TENIS KIDY LIGHT FUN ROSA/LILAS;2.268 
035;TENIS KIDY LIGHT FUN;0351099;TENIS KIDY LIGHT FUN BRANCO;1.317 
035;TENIS KIDY LIGHT FUN;0351099;TENIS KIDY LIGHT FUN NUDE;780 
035;TENIS KIDY LIGHT FUN;0351099;TENIS KIDY LIGHT FUN PRATA/ROSA;78 
035;TENIS KIDY LIGHT FUN;0351100;TENIS KIDY LIGHT FUN NUDE;746 
035;TENIS KIDY LIGHT FUN;0351100;TENIS KIDY LIGHT FUN OURO;101 
035;TENIS KIDY LIGHT FUN;0351100;TENIS KIDY LIGHT FUN PRETO;231 
035;TENIS KIDY LIGHT FUN;0351101;TENIS KIDY LIGHT FUN BRANCO/NUDE;15 
035;TENIS KIDY LIGHT FUN;0351101;TENIS KIDY LIGHT FUN BRANCO/NUDE/LAVANDA;33 
035;TENIS KIDY LIGHT FUN;0351101;TENIS KIDY LIGHT FUN MARINHO;144 
035;TENIS KIDY LIGHT FUN;0351101;TENIS KIDY LIGHT FUN NUDE;141 
035;TENIS KIDY LIGHT FUN;0351101;TENIS KIDY LIGHT FUN PRETO;123 
035;TENIS KIDY LIGHT FUN;0351102;TENIS KIDY LIGHT FUN AZUL BEBE;24 
035;TENIS KIDY LIGHT FUN;0351102;TENIS KIDY LIGHT FUN BRANCO;108 
035;TENIS KIDY LIGHT FUN;0351102;TENIS KIDY LIGHT FUN MARFIM;36 
035;TENIS KIDY LIGHT FUN;0351102;TENIS KIDY LIGHT FUN NUDE;75 
035;TENIS KIDY LIGHT FUN;0351103;TENIS KIDY LIGHT FUN BRANCO;120 
035;TENIS KIDY LIGHT FUN;0351103;TENIS KIDY LIGHT FUN NUDE;891 
035;TENIS KIDY LIGHT FUN;0351103;TENIS KIDY LIGHT FUN PINK;69 
035;TENIS KIDY LIGHT FUN;0351104;TENIS KIDY LIGHT FUN BRANCO/OURO;96 
035;TENIS KIDY LIGHT FUN;0351104;TENIS KIDY LIGHT FUN BRANCO/PRATA/ROSA;72 
035;TENIS KIDY LIGHT FUN;0351104;TENIS KIDY LIGHT FUN PRETO;678 
035;TENIS KIDY LIGHT FUN;0351104;TENIS KIDY LIGHT FUN ROSA;267 
035;TENIS KIDY LIGHT FUN;0351105;TENIS KIDY LIGHT FUN COLORIDO;30 
035;TENIS KIDY LIGHT FUN;0351105;TENIS KIDY LIGHT FUN NUDE;309 
035;TENIS KIDY LIGHT FUN;0351105;TENIS KIDY LIGHT FUN OURO;309 
035;TENIS KIDY LIGHT FUN;0351105;TENIS KIDY LIGHT FUN PRATA;153 
035;TENIS KIDY LIGHT FUN;0351105;TENIS KIDY LIGHT FUN PRETO;210 
035;TENIS KIDY LIGHT FUN;0351106;TENIS KIDY LIGHT FUN LILÁS;183 
035;TENIS KIDY LIGHT FUN;0351106;TENIS KIDY LIGHT FUN MARFIM;15 
035;TENIS KIDY LIGHT FUN;0351106;TENIS KIDY LIGHT FUN ROSA/BRANCO;144 
035;TENIS KIDY LIGHT FUN;0354002;TENIS KIDY LIGHT FUN CINZA/COLORIDO;156 
035;TENIS KIDY LIGHT FUN;0354502;TENIS KIDY LIGHT FUN PINK/COLORIDO;135 
037;TENIS K-360 ENERGY RESPI-TEC;0370090;TENIS K360 ENERGY RESPITEC PRETO;18 
037;TENIS K-360 ENERGY RESPI-TEC;0370090;TENIS K360 ENERGY RESPITEC PRETO/AZUL/VERMELHO;18 
037;TENIS K-360 ENERGY RESPI-TEC;0370090;TENIS K360 ENERGY RESPITEC PRETO/VERMELHO;30 
037;TENIS K-360 ENERGY RESPI-TEC;0370125;TENIS K360 ENERGY RESPITEC PRETO;12 
037;TENIS K-360 ENERGY RESPI-TEC;0370142;TENIS K360 ENERGY RESPITEC PRETO;348 
037;TENIS K-360 ENERGY RESPI-TEC;0370151;TENIS K360 ENERGY RESPI-TEC MARINHO/AMARELO NEON;561 
037;TENIS K-360 ENERGY RESPI-TEC;0370151;TENIS K360 ENERGY RESPI-TEC MARINHO/LARANJA NEON;21 
037;TENIS K-360 ENERGY RESPI-TEC;0370151;TENIS K360 ENERGY RESPI-TEC PRETO/AMARELO NEON;552 
037;TENIS K-360 ENERGY RESPI-TEC;0370153;TENIS K360 ENERGY RESPI-TEC MARINHO/AMARELO NEON;1.008 
037;TENIS K-360 ENERGY RESPI-TEC;0370153;TENIS K360 ENERGY RESPI-TEC PRETO/LARANJA;432 
037;TENIS K-360 ENERGY RESPI-TEC;0370153;TENIS K360 ENERGY RESPI-TEC PRETO/LARANJA/PRETO;360 
037;TENIS K-360 ENERGY RESPI-TEC;0370155;TENIS K360 ENERGY RESPITEC MARINHO/AZUL ROYAL;15 
037;TENIS K-360 ENERGY RESPI-TEC;0370156;TENIS K360 ENERGY RESPITEC MARINHO;60 
037;TENIS K-360 ENERGY RESPI-TEC;0370156;TENIS K360 ENERGY RESPITEC MARINHO/AMARELO NEON;612 
037;TENIS K-360 ENERGY RESPI-TEC;0370156;TENIS K360 ENERGY RESPITEC PRETO;384 
037;TENIS K-360 ENERGY RESPI-TEC;0370157;TENIS K360 ENERGY RESPITEC MARINHO/VERMELHO;24 
037;TENIS K-360 ENERGY RESPI-TEC;0370157;TENIS K360 ENERGY RESPITEC PRETO/GRAFITE/VERMELHO;36 
037;TENIS K-360 ENERGY RESPI-TEC;0370161;TENIS K360 ENERGY RESPITEC MARINHO/AMARELO NEON;1 
037;TENIS K-360 ENERGY RESPI-TEC;0370161;TENIS K360 ENERGY RESPITEC PRETO/LARANJA NEON;96 
037;TENIS K-360 ENERGY RESPI-TEC;0371090;TENIS K360 ENERGY RESPITEC MARINHO/GLOSS;6 
037;TENIS K-360 ENERGY RESPI-TEC;0371090;TENIS K360 ENERGY RESPITEC PRETO/PINK;12 
037;TENIS K-360 ENERGY RESPI-TEC;0371090;TENIS K360 ENERGY RESPITEC PRETO/PINK NEON;33 
037;TENIS K-360 ENERGY RESPI-TEC;0371125;TENIS K360 ENERGY RESPITEC PRETO/PINK NEON;6 
037;TENIS K-360 ENERGY RESPI-TEC;0371151;TENIS K360 ENERGY RESPI-TEC PRETO/PINK NEON;12 
037;TENIS K-360 ENERGY RESPI-TEC;0371153;TENIS K360 ENERGY RESPI-TEC PRETO/PINK;24 
037;TENIS K-360 ENERGY RESPI-TEC;0371153;TENIS K360 ENERGY RESPI-TEC PRETO/PINK NEON;36 
037;TENIS K-360 ENERGY RESPI-TEC;0371157;TENIS K360 ENERGY RESPITEC MARINHO/PINK NEON;12 
037;TENIS K-360 ENERGY RESPI-TEC;0371159;TENIS K360 ENERGY RESPITEC MARINHO/PINK NEON;12 
037;TENIS K-360 ENERGY RESPI-TEC;0371161;TENIS K360 ENERGY RESPITEC NUDE/ROSA;24 
037;TENIS K-360 ENERGY RESPI-TEC;0371161;TENIS K360 ENERGY RESPITEC PRETO/PINK NEON;75 
037;TENIS K-360 ENERGY RESPI-TEC;0375502;TENIS K360 ENERGY IMPULSO PRETO/AMARELO NEON;96 
037;TENIS K-360 ENERGY RESPI-TEC;0375502;TENIS K360 ENERGY IMPULSO PRETO/VERMELHO;216 
037;TENIS K-360 ENERGY RESPI-TEC;0375509;TENIS K360 ENERGY IMPULSO MARINHO/AMARELO NEON;252 
037;TENIS K-360 ENERGY RESPI-TEC;0375509;TENIS K360 ENERGY IMPULSO PRETO/LARANJA;24 
037;TENIS K-360 ENERGY RESPI-TEC;0375511;TENIS K360 ENERGY IMPULSO MARINHO/AMARELO NEON;12 
037;TENIS K-360 ENERGY RESPI-TEC;0375512;TENIS K360 ENERGY RESPITEC PRETO/AMARELO NEON;12 
037;TENIS K-360 ENERGY RESPI-TEC;0375515;TENIS K360 ENERGY IMPULSO MARINHO/AMRL.NEON;15 
037;TENIS K-360 ENERGY RESPI-TEC;0375516;TENIS K360 ENERGY IMPULSO PRETO/GRAFITE/VERMELHO;6 
037;TENIS K-360 ENERGY RESPI-TEC;0375517;TENIS K360 ENERGY IMPULSO MARINHO/AMARELO NEON;12 
037;TENIS K-360 ENERGY RESPI-TEC;0375518;TENIS K360 ENERGY IMPULSO GRAFITE/AMARELO NEON/GELO;12 
037;TENIS K-360 ENERGY RESPI-TEC;0375518;TENIS K360 ENERGY IMPULSO MARINHO/AMARELO NEON;252 
037;TENIS K-360 ENERGY RESPI-TEC;0375518;TENIS K360 ENERGY IMPULSO PRETO/AZUL ROYAL;84 
037;TENIS K-360 ENERGY RESPI-TEC;0375519;TENIS K360 ENERGY IMPULSO GRAFITE/PRETO/VERMELHO;252 
037;TENIS K-360 ENERGY RESPI-TEC;0375519;TENIS K360 ENERGY IMPULSO MARINHO/AZUL ROYAL;303 
037;TENIS K-360 ENERGY RESPI-TEC;0375519;TENIS K360 ENERGY IMPULSO MARINHO/LARANJA NEON;69 
037;TENIS K-360 ENERGY RESPI-TEC;0375519;TENIS K360 ENERGY IMPULSO PRETO/LARANJA/PRETO;633 
037;TENIS K-360 ENERGY RESPI-TEC;0375523;TENIS K360 ENERGY IMPULSO CINZA/PRETO;276 
037;TENIS K-360 ENERGY RESPI-TEC;0375523;TENIS K360 ENERGY IMPULSO GRAFITE/PRETO/AMARELO NEON;114 
037;TENIS K-360 ENERGY RESPI-TEC;0375523;TENIS K360 ENERGY IMPULSO MARINHO/AMARELO NEON;9 
037;TENIS K-360 ENERGY RESPI-TEC;0375523;TENIS K360 ENERGY IMPULSO MARINHO/AZUL JEANS;1.665 
037;TENIS K-360 ENERGY RESPI-TEC;0375523;TENIS K360 ENERGY IMPULSO PRETO/BRANCO;1.908 
037;TENIS K-360 ENERGY RESPI-TEC;0375524;TENIS K360 ENERGY IMPULSO CINZA/MARINHO/LARANJA NEON;9 
037;TENIS K-360 ENERGY RESPI-TEC;0375524;TENIS K360 ENERGY IMPULSO GRAFITE/PRETO/AMARELO NEON;132 
037;TENIS K-360 ENERGY RESPI-TEC;0375524;TENIS K360 ENERGY IMPULSO MARINHO/AMARELO NEON;234 
037;TENIS K-360 ENERGY RESPI-TEC;0375524;TENIS K360 ENERGY IMPULSO PRETO/BRANCO;957 
037;TENIS K-360 ENERGY RESPI-TEC;0375524;TENIS K360 ENERGY IMPULSO PRETO/CASTANHO/LARANJA;1.305 
037;TENIS K-360 ENERGY RESPI-TEC;0375524;TENIS K360 ENERGY IMPULSO PRETO/VERDE/LARANJA;1.470 
037;TENIS K-360 ENERGY RESPI-TEC;0375525;TENIS K360 ENERGY IMPULSO CINZA/PRETO;45 
037;TENIS K-360 ENERGY RESPI-TEC;0375525;TENIS K360 ENERGY IMPULSO GRAFITE/AMARELO NEON;1.335 
037;TENIS K-360 ENERGY RESPI-TEC;0375525;TENIS K360 ENERGY IMPULSO MARINHO/AMARELO NEON;651 
037;TENIS K-360 ENERGY RESPI-TEC;0375525;TENIS K360 ENERGY IMPULSO PRETO/AMARELO NEON;105 
037;TENIS K-360 ENERGY RESPI-TEC;0375525;TENIS K360 ENERGY IMPULSO PRETO/BRONZE;228 
037;TENIS K-360 ENERGY RESPI-TEC;0375526;TENIS K360 ENERGY IMPULSO MARINHO/AMARELO;30 
037;TENIS K-360 ENERGY RESPI-TEC;0375526;TENIS K360 ENERGY IMPULSO MARINHO/LARANJA;24 
037;TENIS K-360 ENERGY RESPI-TEC;0375526;TENIS K360 ENERGY IMPULSO PRETO/CASTANHO;141 
037;TENIS K-360 ENERGY RESPI-TEC;0376005;TENIS K360 RESPITEC INFINITY PRETO/LARANJA NEON;11 
037;TENIS K-360 ENERGY RESPI-TEC;0376512;TENIS K360 ENERGY RESPITEC MARINHO/PINK NEON;12 
037;TENIS K-360 ENERGY RESPI-TEC;0376512;TENIS K360 ENERGY RESPITEC PRETO/LILAS;10 
037;TENIS K-360 ENERGY RESPI-TEC;0376516;TENIS K360 ENERGY IMPULSO CINZA/PINK;12 
037;TENIS K-360 ENERGY RESPI-TEC;0376518;TENIS K360 ENERGY IMPULSO NUDE/ROSA;36 
037;TENIS K-360 ENERGY RESPI-TEC;0376519;TENIS K360 ENERGY IMPULSO AZALEIA;12 
037;TENIS K-360 ENERGY RESPI-TEC;0376519;TENIS K360 ENERGY IMPULSO MARINHO/ROSA;30 
037;TENIS K-360 ENERGY RESPI-TEC;0376519;TENIS K360 ENERGY IMPULSO PRETO/PINK NEON;48 
037;TENIS K-360 ENERGY RESPI-TEC;0376523;TENIS K360 ENERGY IMPULSO GRAFITE/VERDE ACQUA/PINK;567 
037;TENIS K-360 ENERGY RESPI-TEC;0376523;TENIS K360 ENERGY IMPULSO MARFIM/BRONZE;108 
037;TENIS K-360 ENERGY RESPI-TEC;0376523;TENIS K360 ENERGY IMPULSO MARINHO/MAGENTA;153 
037;TENIS K-360 ENERGY RESPI-TEC;0376523;TENIS K360 ENERGY IMPULSO PRETO/AZALEIA;1.128 
037;TENIS K-360 ENERGY RESPI-TEC;0376524;TENIS K360 ENERGY IMPULSO BRANCO/PINK/LILAS;57 
037;TENIS K-360 ENERGY RESPI-TEC;0376524;TENIS K360 ENERGY IMPULSO MARINHO/VERDE AGUA;297 
037;TENIS K-360 ENERGY RESPI-TEC;0376524;TENIS K360 ENERGY IMPULSO PRETO/AZALEIA;552 
037;TENIS K-360 ENERGY RESPI-TEC;0376524;TENIS K360 ENERGY IMPULSO PRETO/LILAS;531 
037;TENIS K-360 ENERGY RESPI-TEC;0376525;TENIS K360 ENERGY IMPULSO MARFIM/BRONZE;12 
037;TENIS K-360 ENERGY RESPI-TEC;0376525;TENIS K360 ENERGY IMPULSO MARINHO/MAGENTA;132 
037;TENIS K-360 ENERGY RESPI-TEC;0376525;TENIS K360 ENERGY IMPULSO PRETO/MAGENTA;258 
037;TENIS K-360 ENERGY RESPI-TEC;0376525;TENIS K360 ENERGY IMPULSO PRETO/PINK;120 
037;TENIS K-360 ENERGY RESPI-TEC;0376526;TENIS K360 ENERGY IMPULSO MARINHO/NUDE;72 
037;TENIS K-360 ENERGY RESPI-TEC;0376526;TENIS K360 ENERGY IMPULSO PRETO/PINK NEON;24 
041;TENIS KIDY ENERGY BABY RESPITEC;0410019;TÊNIS K.ENERGY BB RESPI-TEC AZUL/LARANJA;516 
041;TENIS KIDY ENERGY BABY RESPITEC;0410022;T.KIDY ENERGY BABY RESPI-TEC PRETO/AZUL PETROLEO;12 
041;TENIS KIDY ENERGY BABY RESPITEC;0410044;TÊNIS K.ENERGY BB RESPI-TEC AZUL/PRETO/AMARELO;12 
041;TENIS KIDY ENERGY BABY RESPITEC;0410045;TÊNIS K.ENERGY BB RESPI-TEC MARINHO/VERMELHO;12 
041;TENIS KIDY ENERGY BABY RESPITEC;0410051;TÊNIS KIDY ENERGY BABY RESPI-TEC MARINHO/AZUL/VERMELHO;42 
041;TENIS KIDY ENERGY BABY RESPITEC;0410051;TÊNIS KIDY ENERGY BABY RESPI-TEC PRETO/AMARELO;96 
041;TENIS KIDY ENERGY BABY RESPITEC;0410051;TÊNIS KIDY ENERGY BABY RESPI-TEC PRETO/VERMELHO;30 
041;TENIS KIDY ENERGY BABY RESPITEC;0410169;TÊNIS K.ENERGY BABY RESPI-TEC MARINHO/LARANJA NEON;24 
041;TENIS KIDY ENERGY BABY RESPITEC;0410169;TÊNIS K.ENERGY BABY RESPI-TEC PRETO/AZUL ROYAL/AMARELO NEON;24 
041;TENIS KIDY ENERGY BABY RESPITEC;0410170;TÊNIS K.ENERGY BABY RESPITEC BRANCO/AMARELO NEON/PRETO;12 
041;TENIS KIDY ENERGY BABY RESPITEC;0410170;TÊNIS K.ENERGY BABY RESPITEC GRAFITE/PRETO/AMARELO NEON;12 
041;TENIS KIDY ENERGY BABY RESPITEC;0410170;TÊNIS K.ENERGY BABY RESPITEC MARINHO;12 
041;TENIS KIDY ENERGY BABY RESPITEC;0410170;TÊNIS K.ENERGY BABY RESPITEC MARINHO/LARANJA/AMRL.NEON;12 
041;TENIS KIDY ENERGY BABY RESPITEC;0410170;TÊNIS K.ENERGY BABY RESPITEC PRETO;24 
041;TENIS KIDY ENERGY BABY RESPITEC;0410171;TÊNIS K.ENERGY BABY RESPITEC PRETO/AZUL/GELO;12 
041;TENIS KIDY ENERGY BABY RESPITEC;0410173;TÊNIS K.ENERGY BABY RESPITEC PRETO/AMARELO NEW;12 
041;TENIS KIDY ENERGY BABY RESPITEC;0410175;TÊNIS K.ENERGY BABY RESPITEC MARINHO/VERMELHO;21 
041;TENIS KIDY ENERGY BABY RESPITEC;0410176;TÊNIS KIDY ENERGY BABY RESPITEC PRETO;12 
041;TENIS KIDY ENERGY BABY RESPITEC;0410177;TÊNIS KIDY ENERGY BABY RESPITEC GRAFITE/LARANJA NEON;246 
041;TENIS KIDY ENERGY BABY RESPITEC;0410177;TÊNIS KIDY ENERGY BABY RESPITEC MARINHO/LARANJA NEON;1.881 
041;TENIS KIDY ENERGY BABY RESPITEC;0410177;TÊNIS KIDY ENERGY BABY RESPITEC PRETO/AMARELO NEON;375 
041;TENIS KIDY ENERGY BABY RESPITEC;0410177;TÊNIS KIDY ENERGY BABY RESPITEC PRETO/AZUL ROYAL;885 
041;TENIS KIDY ENERGY BABY RESPITEC;0410177;TÊNIS KIDY ENERGY BABY RESPITEC PRETO/VERMELHO;6 
041;TENIS KIDY ENERGY BABY RESPITEC;0410178;TÊNIS KIDY ENERGY BABY RESPITEC CINZA/AZUL ROYAL;39 
041;TENIS KIDY ENERGY BABY RESPITEC;0410178;TÊNIS KIDY ENERGY BABY RESPITEC CINZA/PRETO;21 
041;TENIS KIDY ENERGY BABY RESPITEC;0410178;TÊNIS KIDY ENERGY BABY RESPITEC GRAFITE/LARANJA NEON;66 
041;TENIS KIDY ENERGY BABY RESPITEC;0410178;TÊNIS KIDY ENERGY BABY RESPITEC GRAFITE/MARINHO;12 
041;TENIS KIDY ENERGY BABY RESPITEC;0410178;TÊNIS KIDY ENERGY BABY RESPITEC MARINHO/AMARELO NEON;75 
041;TENIS KIDY ENERGY BABY RESPITEC;0410178;TÊNIS KIDY ENERGY BABY RESPITEC MARINHO/AZUL ROYAL;1.053 
041;TENIS KIDY ENERGY BABY RESPITEC;0410178;TÊNIS KIDY ENERGY BABY RESPITEC PRETO/BRONZE;564 
041;TENIS KIDY ENERGY BABY RESPITEC;0410178;TÊNIS KIDY ENERGY BABY RESPITEC PRETO/PRATA;1.990 
041;TENIS KIDY ENERGY BABY RESPITEC;0410178;TÊNIS KIDY ENERGY BABY RESPITEC PRETO/VERMELHO;516 
041;TENIS KIDY ENERGY BABY RESPITEC;0410178;TÊNIS KIDY ENERGY BABY RESPITEC PRETO/VERMELHO/BRANCO;240 
041;TENIS KIDY ENERGY BABY RESPITEC;0410180;TÊNIS KIDY ENERGY BABY RESPITEC CINZA/AZUL PISCINA;15 
041;TENIS KIDY ENERGY BABY RESPITEC;0410180;TÊNIS KIDY ENERGY BABY RESPITEC GRAFITE/AMARELO NEON;1.391 
041;TENIS KIDY ENERGY BABY RESPITEC;0410180;TÊNIS KIDY ENERGY BABY RESPITEC MARINHO/DOURADO;4.389 
041;TENIS KIDY ENERGY BABY RESPITEC;0410180;TÊNIS KIDY ENERGY BABY RESPITEC MARINHO/GRAFITE;33 
041;TENIS KIDY ENERGY BABY RESPITEC;0410180;TÊNIS KIDY ENERGY BABY RESPITEC MARINHO/LARANJA NEON;639 
041;TENIS KIDY ENERGY BABY RESPITEC;0410180;TÊNIS KIDY ENERGY BABY RESPITEC PRETO/AZUL/VERDE NEON;572 
041;TENIS KIDY ENERGY BABY RESPITEC;0410180;TÊNIS KIDY ENERGY BABY RESPITEC PRETO/LARANJA;12 
041;TENIS KIDY ENERGY BABY RESPITEC;0410180;TÊNIS KIDY ENERGY BABY RESPITEC PRETO/VERMELHO;675 
041;TENIS KIDY ENERGY BABY RESPITEC;0410181;TÊNIS KIDY ENERGY BABY RESPITEC GRAFITE/MARINHO;498 
041;TENIS KIDY ENERGY BABY RESPITEC;0410181;TÊNIS KIDY ENERGY BABY RESPITEC GRAFITE/PRETO;12 
041;TENIS KIDY ENERGY BABY RESPITEC;0410181;TÊNIS KIDY ENERGY BABY RESPITEC MARINHO;15 
041;TENIS KIDY ENERGY BABY RESPITEC;0410181;TÊNIS KIDY ENERGY BABY RESPITEC MARINHO/VERMELHO;288 
041;TENIS KIDY ENERGY BABY RESPITEC;0410181;TÊNIS KIDY ENERGY BABY RESPITEC PRETO/AMARELO NEON;497 
041;TENIS KIDY ENERGY BABY RESPITEC;0410181;TÊNIS KIDY ENERGY BABY RESPITEC PRETO/BRONZE;783 
041;TENIS KIDY ENERGY BABY RESPITEC;0410181;TÊNIS KIDY ENERGY BABY RESPITEC PRETO/VERDE;1.533 
041;TENIS KIDY ENERGY BABY RESPITEC;0410182;TENIS KIDY ENERGY BABY RESPITEC MARINHO/VERMELHO;108 
041;TENIS KIDY ENERGY BABY RESPITEC;0410182;TENIS KIDY ENERGY BABY RESPITEC PRETO/AMARELO NEON;15 
041;TENIS KIDY ENERGY BABY RESPITEC;0410182;TENIS KIDY ENERGY BABY RESPITEC PRETO/BRONZE;344 
041;TENIS KIDY ENERGY BABY RESPITEC;0410182;TENIS KIDY ENERGY BABY RESPITEC PRETO/VERDE;123 
041;TENIS KIDY ENERGY BABY RESPITEC;0410183;TENIS KIDY ENERGY BABY RESPITEC GRAFITE/PRETO;69 
041;TENIS KIDY ENERGY BABY RESPITEC;0410183;TENIS KIDY ENERGY BABY RESPITEC MARINHO/GRAFITE;198 
041;TENIS KIDY ENERGY BABY RESPITEC;0410183;TENIS KIDY ENERGY BABY RESPITEC PRETO/AZUL ROYAL;24 
041;TENIS KIDY ENERGY BABY RESPITEC;0410183;TENIS KIDY ENERGY BABY RESPITEC PRETO/LARANJA NEON;36 
041;TENIS KIDY ENERGY BABY RESPITEC;0410183;TENIS KIDY ENERGY BABY RESPITEC PRETO/VERDE;204 
041;TENIS KIDY ENERGY BABY RESPITEC;0410184;TÊNIS KIDY ENERGY BABY RESPITEC MARINHO/VERMELHO;480 
041;TENIS KIDY ENERGY BABY RESPITEC;0410184;TÊNIS KIDY ENERGY BABY RESPITEC PRETO/BRONZE;480 
041;TENIS KIDY ENERGY BABY RESPITEC;0410185;TÊNIS KIDY ENERGY BABY RESPITEC AZUL ROYAL/MARINHO;24 
041;TENIS KIDY ENERGY BABY RESPITEC;0410185;TÊNIS KIDY ENERGY BABY RESPITEC GRAFITE/PRETO;54 
041;TENIS KIDY ENERGY BABY RESPITEC;0410185;TÊNIS KIDY ENERGY BABY RESPITEC MARINHO/VERMELHO;84 
041;TENIS KIDY ENERGY BABY RESPITEC;0410185;TÊNIS KIDY ENERGY BABY RESPITEC PRETO/BRONZE;78 
041;TENIS KIDY ENERGY BABY RESPITEC;0410185;TÊNIS KIDY ENERGY BABY RESPITEC PRETO/LARANJA NEON;48 
041;TENIS KIDY ENERGY BABY RESPITEC;0410186;TÊNIS KIDY ENERGY BABY RESPITEC BRANCO/MARINHO;30 
041;TENIS KIDY ENERGY BABY RESPITEC;0410186;TÊNIS KIDY ENERGY BABY RESPITEC MARINHO/VERMELHO;45 
041;TENIS KIDY ENERGY BABY RESPITEC;0410186;TÊNIS KIDY ENERGY BABY RESPITEC PRETO;72 
041;TENIS KIDY ENERGY BABY RESPITEC;0410186;TÊNIS KIDY ENERGY BABY RESPITEC PRETO/AZUL/AMARELO NEON;498 
041;TENIS KIDY ENERGY BABY RESPITEC;0411051;TÊNIS KIDY ENERGY BABY RESPI-TEC CINZA/ROSA;12 
041;TENIS KIDY ENERGY BABY RESPITEC;0411051;TÊNIS KIDY ENERGY BABY RESPI-TEC MARINHO/NUDE;12 
041;TENIS KIDY ENERGY BABY RESPITEC;0411051;TÊNIS KIDY ENERGY BABY RESPI-TEC MARINHO/PINK;12 
041;TENIS KIDY ENERGY BABY RESPITEC;0411051;TÊNIS KIDY ENERGY BABY RESPI-TEC PRETO/ACQUA/PINK;12 
041;TENIS KIDY ENERGY BABY RESPITEC;0411051;TÊNIS KIDY ENERGY BABY RESPI-TEC PRETO/LILAS;12 
041;TENIS KIDY ENERGY BABY RESPITEC;0411170;TÊNIS K.ENERGY BABY RESPITEC PRETO/PINK NEON;36 
041;TENIS KIDY ENERGY BABY RESPITEC;0411172;TÊNIS K.ENERGY BABY RESPITEC MARINHO/ROSA/PINK;6 
041;TENIS KIDY ENERGY BABY RESPITEC;0411175;TÊNIS KIDY ENERGY BABY RESPITEC NUDE;33 
041;TENIS KIDY ENERGY BABY RESPITEC;0411175;TÊNIS KIDY ENERGY BABY RESPITEC PRETO;24 
041;TENIS KIDY ENERGY BABY RESPITEC;0411176;TÊNIS KIDY ENERGY BABY RESPITEC MARINHO/PINK NEON;12 
041;TENIS KIDY ENERGY BABY RESPITEC;0411176;TÊNIS KIDY ENERGY BABY RESPITEC PRETO/PINK NEON;12 
041;TENIS KIDY ENERGY BABY RESPITEC;0411177;TÊNIS KIDY ENERGY BABY RESPITEC GRAFITE/PINK;30 
041;TENIS KIDY ENERGY BABY RESPITEC;0411177;TÊNIS KIDY ENERGY BABY RESPITEC MARINHO/LILAS;165 
041;TENIS KIDY ENERGY BABY RESPITEC;0411177;TÊNIS KIDY ENERGY BABY RESPITEC PRETO/PINK NEON;1.845 
041;TENIS KIDY ENERGY BABY RESPITEC;0411177;TÊNIS KIDY ENERGY BABY RESPITEC PRETO/ROSA;366 
041;TENIS KIDY ENERGY BABY RESPITEC;0411177;TÊNIS KIDY ENERGY BABY RESPITEC ROSA/GLOSS;225 
041;TENIS KIDY ENERGY BABY RESPITEC;0411178;TÊNIS KIDY ENERGY BABY RESPITEC CINZA/ROSA;66 
041;TENIS KIDY ENERGY BABY RESPITEC;0411178;TÊNIS KIDY ENERGY BABY RESPITEC GRAFITE/VD ACQUA/GLOSS;134 
041;TENIS KIDY ENERGY BABY RESPITEC;0411178;TÊNIS KIDY ENERGY BABY RESPITEC MARFIM/DOURADO;372 
041;TENIS KIDY ENERGY BABY RESPITEC;0411178;TÊNIS KIDY ENERGY BABY RESPITEC MARINHO/AZALEIA;1.358 
041;TENIS KIDY ENERGY BABY RESPITEC;0411178;TÊNIS KIDY ENERGY BABY RESPITEC MARINHO/ROSA DOLCE;30 
041;TENIS KIDY ENERGY BABY RESPITEC;0411178;TÊNIS KIDY ENERGY BABY RESPITEC NUDE/ROSA;324 
041;TENIS KIDY ENERGY BABY RESPITEC;0411178;TÊNIS KIDY ENERGY BABY RESPITEC PRETO/AZALEIA;6 
041;TENIS KIDY ENERGY BABY RESPITEC;0411178;TÊNIS KIDY ENERGY BABY RESPITEC PRETO/GLOSS;1.539 
041;TENIS KIDY ENERGY BABY RESPITEC;0411178;TÊNIS KIDY ENERGY BABY RESPITEC PRETO/PINK NEON;414 
041;TENIS KIDY ENERGY BABY RESPITEC;0411180;TÊNIS KIDY ENERGY BABY RESPITEC CINZA/LILAS;2.637 
041;TENIS KIDY ENERGY BABY RESPITEC;0411180;TÊNIS KIDY ENERGY BABY RESPITEC GRAFITE/PRETO/PINK;302 
041;TENIS KIDY ENERGY BABY RESPITEC;0411180;TÊNIS KIDY ENERGY BABY RESPITEC MARINHO/MAGENTA;2.024 
041;TENIS KIDY ENERGY BABY RESPITEC;0411180;TÊNIS KIDY ENERGY BABY RESPITEC PRETO/ROSA;39 
041;TENIS KIDY ENERGY BABY RESPITEC;0411180;TÊNIS KIDY ENERGY BABY RESPITEC PRETO/ROSA/AZUL;576 
041;TENIS KIDY ENERGY BABY RESPITEC;0411181;TÊNIS KIDY ENERGY BABY RESPITEC BLUSH/ROSA;471 
041;TENIS KIDY ENERGY BABY RESPITEC;0411181;TÊNIS KIDY ENERGY BABY RESPITEC CINZA/VERDE ACQUA;48 
041;TENIS KIDY ENERGY BABY RESPITEC;0411181;TÊNIS KIDY ENERGY BABY RESPITEC MARFIM/BRONZE;72 
041;TENIS KIDY ENERGY BABY RESPITEC;0411181;TÊNIS KIDY ENERGY BABY RESPITEC MARINHO/ROSA/PINK;417 
041;TENIS KIDY ENERGY BABY RESPITEC;0411181;TÊNIS KIDY ENERGY BABY RESPITEC PRETO/ACQUA/PINK;489 
041;TENIS KIDY ENERGY BABY RESPITEC;0411181;TÊNIS KIDY ENERGY BABY RESPITEC PRETO/MAGENTA;814 
041;TENIS KIDY ENERGY BABY RESPITEC;0411181;TÊNIS KIDY ENERGY BABY RESPITEC PRETO/ROSA;42 
041;TENIS KIDY ENERGY BABY RESPITEC;0411182;TENIS KIDY ENERGY BABY RESPITEC MARFIM/BRONZE;18 
041;TENIS KIDY ENERGY BABY RESPITEC;0411182;TENIS KIDY ENERGY BABY RESPITEC MARINHO/MAGENTA;165 
041;TENIS KIDY ENERGY BABY RESPITEC;0411182;TENIS KIDY ENERGY BABY RESPITEC PRETO/ACQUA/PINK;24 
041;TENIS KIDY ENERGY BABY RESPITEC;0411182;TENIS KIDY ENERGY BABY RESPITEC PRETO/ROSA/PINK;126 
041;TENIS KIDY ENERGY BABY RESPITEC;0411183;TENIS KIDY ENERGY BABY RESPITEC MARFIM/DOURADO;63 
041;TENIS KIDY ENERGY BABY RESPITEC;0411183;TENIS KIDY ENERGY BABY RESPITEC MARINHO/GLOSS;81 
041;TENIS KIDY ENERGY BABY RESPITEC;0411183;TENIS KIDY ENERGY BABY RESPITEC MARINHO/ROSA;48 
041;TENIS KIDY ENERGY BABY RESPITEC;0411183;TENIS KIDY ENERGY BABY RESPITEC PRETO/AZALEIA;102 
041;TENIS KIDY ENERGY BABY RESPITEC;0411183;TENIS KIDY ENERGY BABY RESPITEC ROSA/BLUSH;201 
041;TENIS KIDY ENERGY BABY RESPITEC;0411184;TÊNIS KIDY ENERGY BABY RESPITEC BLUSH/ROSA;396 
041;TENIS KIDY ENERGY BABY RESPITEC;0411185;TÊNIS KIDY ENERGY BABY RESPITEC AZUL CLARO/ROSA;72 
041;TENIS KIDY ENERGY BABY RESPITEC;0411185;TÊNIS KIDY ENERGY BABY RESPITEC BRANCO/ROSA;12 
041;TENIS KIDY ENERGY BABY RESPITEC;0411185;TÊNIS KIDY ENERGY BABY RESPITEC MARFIM/OURO;54 
041;TENIS KIDY ENERGY BABY RESPITEC;0411185;TÊNIS KIDY ENERGY BABY RESPITEC PRETO/ROSA;72 
041;TENIS KIDY ENERGY BABY RESPITEC;0411185;TÊNIS KIDY ENERGY BABY RESPITEC ROSA/PRATA;54 
041;TENIS KIDY ENERGY BABY RESPITEC;0411186;TÊNIS KIDY ENERGY BABY RESPITEC BRANCO/ROSA;21 
041;TENIS KIDY ENERGY BABY RESPITEC;0411186;TÊNIS KIDY ENERGY BABY RESPITEC MARFIM/OURO;18 
041;TENIS KIDY ENERGY BABY RESPITEC;0411186;TÊNIS KIDY ENERGY BABY RESPITEC MARINHO/GLOSS;102 
041;TENIS KIDY ENERGY BABY RESPITEC;0411186;TÊNIS KIDY ENERGY BABY RESPITEC PRETO/GLOSS;24 
041;TENIS KIDY ENERGY BABY RESPITEC;0411186;TÊNIS KIDY ENERGY BABY RESPITEC PRETO/MAGENTA;333 
041;TENIS KIDY ENERGY BABY RESPITEC;0411186;TÊNIS KIDY ENERGY BABY RESPITEC ROSA/PINK;150 
041;TENIS KIDY ENERGY BABY RESPITEC;0413508;TÊNIS KIDY ENERGY IMPULSO BABY AZUL/PRETO/AMARELO;12 
041;TENIS KIDY ENERGY BABY RESPITEC;0413508;TÊNIS KIDY ENERGY IMPULSO BABY PRETO/AMARELO NEON;12 
041;TENIS KIDY ENERGY BABY RESPITEC;0413512;TÊNIS KIDY ENERGY IMPULSO BABY PRETO/AZUL ROYAL;12 
041;TENIS KIDY ENERGY BABY RESPITEC;0413514;TÊNIS KIDY ENERGY IMPULSO BABY PRETO/GRAFITE/LRNJ.NEON;6 
041;TENIS KIDY ENERGY BABY RESPITEC;0414508;TÊNIS KIDY ENERGY IMPULSO BABY MARINHO/ACQUA/PINK;12 
069;SAND.KIDY FLEX ANATÔMICA;0699495;SANDALIA KIDY FLEX ANATOMICA MARINHO/AZUL STONE;45 
069;SAND.KIDY FLEX ANATÔMICA;0699498;SANDALIA KIDY FLEX ANATOMICA MARINHO;6 
069;SAND.KIDY FLEX ANATÔMICA;0699498;SANDALIA KIDY FLEX ANATOMICA PRETO;6 
069;SAND.KIDY FLEX ANATÔMICA;0699498;SANDALIA KIDY FLEX ANATOMICA PRETO/VERDE;12 
069;SAND.KIDY FLEX ANATÔMICA;0699499;SANDALIA KIDY FLEX ANATOMICA CAFE;12 
069;SAND.KIDY FLEX ANATÔMICA;0699499;SANDALIA KIDY FLEX ANATOMICA CASTOR;255 
069;SAND.KIDY FLEX ANATÔMICA;0699499;SANDALIA KIDY FLEX ANATOMICA MARINHO;588 
069;SAND.KIDY FLEX ANATÔMICA;0699499;SANDALIA KIDY FLEX ANATOMICA NATURAL;6 
069;SAND.KIDY FLEX ANATÔMICA;0699500;SANDALIA KIDY FLEX ANATOMICA CAFE/CASTANHO;24 
069;SAND.KIDY FLEX ANATÔMICA;0699500;SANDALIA KIDY FLEX ANATOMICA CASTOR/LARANJA;12 
069;SAND.KIDY FLEX ANATÔMICA;0699500;SANDALIA KIDY FLEX ANATOMICA MARINHO/CARAMELO;12 
069;SAND.KIDY FLEX ANATÔMICA;0699500;SANDALIA KIDY FLEX ANATOMICA MARINHO/VERMELHO/AREIA;12 
069;SAND.KIDY FLEX ANATÔMICA;0699500;SANDALIA KIDY FLEX ANATOMICA NATURAL/CARAMELO;12 
069;SAND.KIDY FLEX ANATÔMICA;0699502;SANDALIA KIDY FLEX ANATOMICA CARAMELO;123 
069;SAND.KIDY FLEX ANATÔMICA;0699502;SANDALIA KIDY FLEX ANATOMICA CASTANHO;600 
069;SAND.KIDY FLEX ANATÔMICA;0699502;SANDALIA KIDY FLEX ANATOMICA MARINHO;84 
069;SAND.KIDY FLEX ANATÔMICA;0699502;SANDALIA KIDY FLEX ANATOMICA PRETO;516 
069;SAND.KIDY FLEX ANATÔMICA;0699503;SANDALIA KIDY FLEX ANATOMICA CARAMELO;1.735 
069;SAND.KIDY FLEX ANATÔMICA;0699503;SANDALIA KIDY FLEX ANATOMICA CASTANHO;219 
069;SAND.KIDY FLEX ANATÔMICA;0699503;SANDALIA KIDY FLEX ANATOMICA MARINHO;75 
069;SAND.KIDY FLEX ANATÔMICA;0699503;SANDALIA KIDY FLEX ANATOMICA PRETO;249 
069;SAND.KIDY FLEX ANATÔMICA;0699505;SANDALIA KIDY FLEX ANATOMICA PRETO/VERDE MILITAR;12 
069;SAND.KIDY FLEX ANATÔMICA;0699507;SANDALIA KIDY FLEX ANATOMICA GRAFITE/MARINHO;90 
069;SAND.KIDY FLEX ANATÔMICA;0699507;SANDALIA KIDY FLEX ANATOMICA MARINHO/TELHA;918 
069;SAND.KIDY FLEX ANATÔMICA;0699507;SANDALIA KIDY FLEX ANATOMICA MARROM/CARAMELO;761 
069;SAND.KIDY FLEX ANATÔMICA;0699507;SANDALIA KIDY FLEX ANATOMICA MOSTARDA/VERDE;162 
069;SAND.KIDY FLEX ANATÔMICA;0699507;SANDALIA KIDY FLEX ANATOMICA NATURAL/CARAMELO;2.708 
069;SAND.KIDY FLEX ANATÔMICA;0699508;SANDALIA KIDY FLEX ANATOMICA CARAMELO;550 
069;SAND.KIDY FLEX ANATÔMICA;0699508;SANDALIA KIDY FLEX ANATOMICA MARINHO;116 
069;SAND.KIDY FLEX ANATÔMICA;0699508;SANDALIA KIDY FLEX ANATOMICA MARINHO/CAFE;1.161 
069;SAND.KIDY FLEX ANATÔMICA;0699508;SANDALIA KIDY FLEX ANATOMICA MARROM/CARAMELO;1.742 
069;SAND.KIDY FLEX ANATÔMICA;0699508;SANDALIA KIDY FLEX ANATOMICA PRETO;126 
069;SAND.KIDY FLEX ANATÔMICA;0699509;SANDALIA KIDY FLEX ANATOMICA CARAMELO/BEGE;1.245 
069;SAND.KIDY FLEX ANATÔMICA;0699509;SANDALIA KIDY FLEX ANATOMICA MARINHO/GRAFITE;117 
069;SAND.KIDY FLEX ANATÔMICA;0699509;SANDALIA KIDY FLEX ANATOMICA MARROM/CANELA;443 
069;SAND.KIDY FLEX ANATÔMICA;0699509;SANDALIA KIDY FLEX ANATOMICA NATURAL/CARAMELO;258 
069;SAND.KIDY FLEX ANATÔMICA;0699509;SANDALIA KIDY FLEX ANATOMICA PRETO;201 
069;SAND.KIDY FLEX ANATÔMICA;0699509;SANDALIA KIDY FLEX ANATOMICA PRETO/CAFE;81 
069;SAND.KIDY FLEX ANATÔMICA;0699511;SANDALIA KIDY FLEX CASTANHO/TAUPE;84 
069;SAND.KIDY FLEX ANATÔMICA;0699511;SANDALIA KIDY FLEX MARINHO/GRAFITE;66 
069;SAND.KIDY FLEX ANATÔMICA;0699511;SANDALIA KIDY FLEX MARROM/CANELA;36 
069;SAND.KIDY FLEX ANATÔMICA;0699511;SANDALIA KIDY FLEX TAUPE/CARAMELO;273 
069;SAND.KIDY FLEX ANATÔMICA;0699512;SANDALIA KIDY FLEX ANATOMICA CASTANHO/TAUPE;87 
069;SAND.KIDY FLEX ANATÔMICA;0699512;SANDALIA KIDY FLEX ANATOMICA MARROM/CARAMELO;24 
069;SAND.KIDY FLEX ANATÔMICA;0699512;SANDALIA KIDY FLEX ANATOMICA PRETO/GRAFITE;24 
069;SAND.KIDY FLEX ANATÔMICA;0699512;SANDALIA KIDY FLEX ANATOMICA TAUPE/CARAMELO;12 
087;TENIS KIDY USEFULL COLLEGE;0870021;TÊNIS KIDY USEFULL COLLEGE PRETO;34.779 
087;TENIS KIDY USEFULL COLLEGE;0870021;TÊNIS KIDY USEFULL COLLEGE PRETO/PINK;850 
087;TENIS KIDY USEFULL COLLEGE;0870043;TÊNIS KIDY USEFULL COLLEGE MARINHO;15 
087;TENIS KIDY USEFULL COLLEGE;0870043;TÊNIS KIDY USEFULL COLLEGE PRETO;3.579 
087;TENIS KIDY USEFULL COLLEGE;0870044;TÊNIS KIDY USEFULL COLLEGE PRETO;4.689 
087;TENIS KIDY USEFULL COLLEGE;0871043;TÊNIS KIDY USEFULL COLLEGE PRETO/PINK;3.966 
087;TENIS KIDY USEFULL COLLEGE;0871044;TÊNIS KIDY USEFULL COLLEGE PRETO/PINK;900 
088;TENIS KIDY USEFULL MIAMI;0880090;TENIS KIDY USEFULL MIAMI BRANCO;57 
088;TENIS KIDY USEFULL MIAMI;0880090;TENIS KIDY USEFULL MIAMI PRETO;13.996 
088;TENIS KIDY USEFULL MIAMI;0880090;TENIS KIDY USEFULL MIAMI PRETO/LARANJA;12 
088;TENIS KIDY USEFULL MIAMI;0880090;TENIS KIDY USEFULL MIAMI PRETO/PINK;6.897 
088;TENIS KIDY USEFULL MIAMI;0880103;TENIS KIDY USEFULL MIAMI BRANCO;156 
088;TENIS KIDY USEFULL MIAMI;0880103;TENIS KIDY USEFULL MIAMI PRETO;144 
088;TENIS KIDY USEFULL MIAMI;0880104;TENIS KIDY USEFULL MIAMI PRETO;3.600 
088;TENIS KIDY USEFULL MIAMI;0881103;TENIS KIDY USEFULL MIAMI NUDE;36 
088;TENIS KIDY USEFULL MIAMI;0881103;TENIS KIDY USEFULL MIAMI PRETO/PINK;129 
088;TENIS KIDY USEFULL MIAMI;0881104;TENIS KIDY USEFULL MIAMI PRETO/PINK;1.374 
091;TENIS K360 ALPHA-AIR;0910023;TENIS K360 ALPHA AIR PRETO/PRATA;12 
091;TENIS K360 ALPHA-AIR;0910024;TÊNIS K360 ALPHA AIR CINZA/AZUL ROYAL/AMARELO NEON;12 
091;TENIS K360 ALPHA-AIR;0910024;TÊNIS K360 ALPHA AIR GRAFITE/PRETO/VERMELHO;12 
091;TENIS K360 ALPHA-AIR;0910024;TÊNIS K360 ALPHA AIR MARINHO/AZUL STONE;39 
091;TENIS K360 ALPHA-AIR;0910024;TÊNIS K360 ALPHA AIR MARINHO/GRAFITE;27 
091;TENIS K360 ALPHA-AIR;0910024;TÊNIS K360 ALPHA AIR PRETO/GRAFITE/LARANJA;87 
091;TENIS K360 ALPHA-AIR;0910024;TÊNIS K360 ALPHA AIR PRETO/GRAFITE/VERDE;51 
091;TENIS K360 ALPHA-AIR;0910024;TÊNIS K360 ALPHA AIR PRETO/VERDE MILITAR;12 
091;TENIS K360 ALPHA-AIR;0910024;TÊNIS K360 ALPHA AIR PRETO/VERDE NEON;9 
091;TENIS K360 ALPHA-AIR;0910028;TÊNIS K360 ALPHA AIR GRAFITE/AMARELO NEON;18 
091;TENIS K360 ALPHA-AIR;0910028;TÊNIS K360 ALPHA AIR MARINHO/PRATA;60 
091;TENIS K360 ALPHA-AIR;0910028;TÊNIS K360 ALPHA AIR PRETO/BRONZE;369 
091;TENIS K360 ALPHA-AIR;0910030;TÊNIS K360 ALPHA AIR MARINHO/AMARELO NEON;258 
091;TENIS K360 ALPHA-AIR;0910030;TÊNIS K360 ALPHA AIR PRETO/BRONZE;231 
091;TENIS K360 ALPHA-AIR;0910030;TÊNIS K360 ALPHA AIR PRETO/PRATA;75 
091;TENIS K360 ALPHA-AIR;0911024;TÊNIS K360 ALPHA AIR AZUL/ROSA;90 
091;TENIS K360 ALPHA-AIR;0911024;TÊNIS K360 ALPHA AIR CINZA/GRAFITE/TURQUESA;12 
091;TENIS K360 ALPHA-AIR;0911024;TÊNIS K360 ALPHA AIR GRAFITE/PRETO/PINK;144 
091;TENIS K360 ALPHA-AIR;0911024;TÊNIS K360 ALPHA AIR MARINHO/PINK NEON;33 
091;TENIS K360 ALPHA-AIR;0911024;TÊNIS K360 ALPHA AIR PRETO/CHUMBO/ROSA;21 
091;TENIS K360 ALPHA-AIR;0911024;TÊNIS K360 ALPHA AIR PRETO/GRAFITE;24 
091;TENIS K360 ALPHA-AIR;0911024;TÊNIS K360 ALPHA AIR PRETO/ROSA;33 
091;TENIS K360 ALPHA-AIR;0911028;TÊNIS K360 ALPHA AIR CINZA/AZUL PISCINA;18 
091;TENIS K360 ALPHA-AIR;0911028;TÊNIS K360 ALPHA AIR GRAFITE/ROSA;12 
091;TENIS K360 ALPHA-AIR;0911028;TÊNIS K360 ALPHA AIR MARINHO/PINK NEON;18 
091;TENIS K360 ALPHA-AIR;0911028;TÊNIS K360 ALPHA AIR PRETO/VERDE ACQUA;12 
091;TENIS K360 ALPHA-AIR;0911030;TÊNIS K360 ALPHA AIR GRAFITE/PRETO/PINK;93 
091;TENIS K360 ALPHA-AIR;0911030;TÊNIS K360 ALPHA AIR NUDE/BRONZE;36 
091;TENIS K360 ALPHA-AIR;0911030;TÊNIS K360 ALPHA AIR PRETO/ROSA;189 
096;TENIS KIDY FREE;0960203;TENIS KIDY FREE MARINHO/LARANJA;12 
097;TENIS K360 STYLE;0970183;TENIS KIDY STYLE TAUPE/MARINHO;12 
113;TÊNIS KIDY ILLUSION-TEC;1130010;TENIS KIDY ILLUSION-TEC AZUL ROYAL/AZUL/LARANJA;12 
116;TÊNIS KIDY IT BOY RESPITEC;1160001;TÊNIS KIDY IT BOY RESPITEC PRETO/CINZA/VERMELHO;12 
117;SAPATENIS KIDY MILAO RESPITEC;1170256;SAPATÊNIS KIDY FLEX NATURAL/GRAFITE;12 
117;SAPATENIS KIDY MILAO RESPITEC;1170261;SAPATÊNIS KIDY MILAO RESPITEC CINZA/MARINHO;12 
117;SAPATENIS KIDY MILAO RESPITEC;1170272;SAPATÊNIS KIDY MILAO PRETO/CHUMBO;12 
117;SAPATENIS KIDY MILAO RESPITEC;1170297;SAPATÊNIS KIDY MILÃO RESPITEC CAFE/PRETO;48 
117;SAPATENIS KIDY MILAO RESPITEC;1170297;SAPATÊNIS KIDY MILÃO RESPITEC NATURAL;12 
117;SAPATENIS KIDY MILAO RESPITEC;1170297;SAPATÊNIS KIDY MILÃO RESPITEC PRETO/LARANJA;24 
117;SAPATENIS KIDY MILAO RESPITEC;1170298;SAPATÊNIS KIDY MILÃO RESPITEC CAFE/PRETO;6 
117;SAPATENIS KIDY MILAO RESPITEC;1170299;SAPATÊNIS KIDY MILAO RESPITEC CARAMELO/MARINHO;228 
117;SAPATENIS KIDY MILAO RESPITEC;1170300;SAPATÊNIS KIDY MILÃO MARINHO/MARROM;36 
117;SAPATENIS KIDY MILAO RESPITEC;1170300;SAPATÊNIS KIDY MILÃO NATURAL;12 
117;SAPATENIS KIDY MILAO RESPITEC;1170301;SAPATÊNIS KIDY MILAO RESPITEC CAFÉ;12 
117;SAPATENIS KIDY MILAO RESPITEC;1170301;SAPATÊNIS KIDY MILAO RESPITEC NATURAL;6 
117;SAPATENIS KIDY MILAO RESPITEC;1170301;SAPATÊNIS KIDY MILAO RESPITEC PRETO;9 
117;SAPATENIS KIDY MILAO RESPITEC;1170302;SAPATÊNIS KIDY MILAO RESPITEC BRANCO/CINZA/MARINHO;24 
117;SAPATENIS KIDY MILAO RESPITEC;1170303;SAPATÊNIS KIDY MILAO RESPITEC MARINHO/VERMELHO;24 
117;SAPATENIS KIDY MILAO RESPITEC;1170304;SAPATÊNIS KIDY MILAO RESPITEC MARINHO/VERMELHO;12 
117;SAPATENIS KIDY MILAO RESPITEC;1170304;SAPATÊNIS KIDY MILAO RESPITEC NATURAL/LARANJA;21 
117;SAPATENIS KIDY MILAO RESPITEC;1171048;SAPATÊNIS KIDY MILAO CINZA/MARINHO;12 
140;TÊNIS K360 NOVA YORK;1400051;TÊNIS KIDY NOVA YORK PTO/VD.MILITAR/MRN/BEGE;12 
140;TÊNIS K360 NOVA YORK;1400061;TÊNIS KIDY NOVA YORK MARINHO/VERMELHO;12 
140;TÊNIS K360 NOVA YORK;1400085;TENIS K360 NOVA YORK BRANCO;2.059 
140;TÊNIS K360 NOVA YORK;1400085;TENIS K360 NOVA YORK CARAMELO;222 
140;TÊNIS K360 NOVA YORK;1400085;TENIS K360 NOVA YORK MARINHO;126 
140;TÊNIS K360 NOVA YORK;1400085;TENIS K360 NOVA YORK PRETO;273 
140;TÊNIS K360 NOVA YORK;1400086;TENIS K360 NOVA YORK BRANCO/PRETO;294 
140;TÊNIS K360 NOVA YORK;1400086;TENIS K360 NOVA YORK MARINHO;609 
140;TÊNIS K360 NOVA YORK;1400086;TENIS K360 NOVA YORK PRETO;222 
140;TÊNIS K360 NOVA YORK;1400086;TENIS K360 NOVA YORK PRETO/BRANCO;18 
140;TÊNIS K360 NOVA YORK;1400087;TENIS K360 NOVA YORK PRETO/CARAMELO;12 
140;TÊNIS K360 NOVA YORK;1400088;TENIS K360 NOVA YORK BRANCO/PRETO;111 
140;TÊNIS K360 NOVA YORK;1400088;TENIS K360 NOVA YORK MARINHO;201 
140;TÊNIS K360 NOVA YORK;1400088;TENIS K360 NOVA YORK PRETO;192 
140;TÊNIS K360 NOVA YORK;1400089;TENIS K360 NOVA YORK BRANCO/BEGE/MARINHO;1.850 
140;TÊNIS K360 NOVA YORK;1400089;TENIS K360 NOVA YORK BRANCO/MARINHO;15 
140;TÊNIS K360 NOVA YORK;1400089;TENIS K360 NOVA YORK BRANCO/PRETO;2.180 
140;TÊNIS K360 NOVA YORK;1400089;TENIS K360 NOVA YORK CARAMELO;435 
140;TÊNIS K360 NOVA YORK;1400089;TENIS K360 NOVA YORK PRETO/CREPE;216 
140;TÊNIS K360 NOVA YORK;1400092;TENIS K360 NOVA YORK BRANCO/TAUPE;764 
140;TÊNIS K360 NOVA YORK;1400092;TENIS K360 NOVA YORK MARINHO;228 
140;TÊNIS K360 NOVA YORK;1400092;TENIS K360 NOVA YORK PRETO;378 
140;TÊNIS K360 NOVA YORK;1400092;TENIS K360 NOVA YORK PRETO/BRANCO;860 
140;TÊNIS K360 NOVA YORK;1401085;TENIS K360 NOVA YORK BRANCO;795 
140;TÊNIS K360 NOVA YORK;1401085;TENIS K360 NOVA YORK NUDE/BRANCO;183 
140;TÊNIS K360 NOVA YORK;1401085;TENIS K360 NOVA YORK PRATA;12 
140;TÊNIS K360 NOVA YORK;1401085;TENIS K360 NOVA YORK PRETO;45 
140;TÊNIS K360 NOVA YORK;1401086;TENIS K360 NOVA YORK BRANCO;192 
140;TÊNIS K360 NOVA YORK;1401086;TENIS K360 NOVA YORK BRANCO/OURO;419 
140;TÊNIS K360 NOVA YORK;1401086;TENIS K360 NOVA YORK PRETO;76 
140;TÊNIS K360 NOVA YORK;1401087;TENIS K360 NOVA YORK NUDE;72 
140;TÊNIS K360 NOVA YORK;1401101;TENIS K360 NOVA YORK BRANCO;1.191 
140;TÊNIS K360 NOVA YORK;1401101;TENIS K360 NOVA YORK NUDE;135 
140;TÊNIS K360 NOVA YORK;1401101;TENIS K360 NOVA YORK OURO;87 
140;TÊNIS K360 NOVA YORK;1401101;TENIS K360 NOVA YORK PRATA;93 
140;TÊNIS K360 NOVA YORK;1401101;TENIS K360 NOVA YORK PRETO;360 
140;TÊNIS K360 NOVA YORK;1401104;TENIS K360 NOVA YORK BRANCO/ROSA;24 
140;TÊNIS K360 NOVA YORK;1401104;TENIS K360 NOVA YORK PRETO/BRANCO/PINK;24 
140;TÊNIS K360 NOVA YORK;1401104;TENIS K360 NOVA YORK PRETO/PINK;42 
140;TÊNIS K360 NOVA YORK;1403006;TENIS K360 NOVA YORK BRANCO;39 
140;TÊNIS K360 NOVA YORK;1403006;TENIS K360 NOVA YORK BRANCO/LILAS;537 
140;TÊNIS K360 NOVA YORK;1403006;TENIS K360 NOVA YORK BRANCO/NUDE;345 
140;TÊNIS K360 NOVA YORK;1403006;TENIS K360 NOVA YORK NUDE;27 
140;TÊNIS K360 NOVA YORK;1403006;TENIS K360 NOVA YORK PINK;18 
140;TÊNIS K360 NOVA YORK;1405050;TÊNIS KIDY NOVA YORK MARINHO/BRANCO/AZUL (B.G);12 
140;TÊNIS K360 NOVA YORK;1405053;TÊNIS KIDY NOVA YORK PRETO/BRANCO/LARANJA (B.G);12 
140;TÊNIS K360 NOVA YORK;1407052;TÊNIS KIDY NOVA YORK BRANCO/VIOLETA (B.G);12 
145;SANDALIA KIDY FLAT FORM;1450043;SANDÁLIA KIDY ANABELA PRETO;12 
146;SANDÁLIA KIDY IBIZA FOLIA;1460171;SANDÁLIA KIDY FLAT IBIZA PINK/COLORIDO;12 
146;SANDÁLIA KIDY IBIZA FOLIA;1460205;SANDÁLIA KIDY FLAT IBIZA NUDE;12 
146;SANDÁLIA KIDY IBIZA FOLIA;1460208;SANDÁLIA KIDY FLAT IBIZA PRATA;27 
146;SANDÁLIA KIDY IBIZA FOLIA;1460209;SANDÁLIA KIDY FLAT IBIZA BRANCO;24 
146;SANDÁLIA KIDY IBIZA FOLIA;1460209;SANDÁLIA KIDY FLAT IBIZA NUDE;45 
146;SANDÁLIA KIDY IBIZA FOLIA;1460210;SANDÁLIA KIDY FLAT IBIZA PRETO;12 
146;SANDÁLIA KIDY IBIZA FOLIA;1460211;SANDÁLIA KIDY FLAT IBIZA BRANCO;9 
146;SANDÁLIA KIDY IBIZA FOLIA;1460214;SANDÁLIA KIDY FLAT IBIZA BRANCO;27 
146;SANDÁLIA KIDY IBIZA FOLIA;1460214;SANDÁLIA KIDY FLAT IBIZA LILAS;18 
146;SANDÁLIA KIDY IBIZA FOLIA;1460214;SANDÁLIA KIDY FLAT IBIZA MARFIM;48 
146;SANDÁLIA KIDY IBIZA FOLIA;1460214;SANDÁLIA KIDY FLAT IBIZA NUDE;63 
146;SANDÁLIA KIDY IBIZA FOLIA;1460214;SANDÁLIA KIDY FLAT IBIZA OURO;75 
146;SANDÁLIA KIDY IBIZA FOLIA;1460214;SANDÁLIA KIDY FLAT IBIZA PINK;267 
146;SANDÁLIA KIDY IBIZA FOLIA;1460214;SANDÁLIA KIDY FLAT IBIZA PRETO;234 
146;SANDÁLIA KIDY IBIZA FOLIA;1460215;SANDÁLIA KIDY FLAT IBIZA AMARELO;12 
146;SANDÁLIA KIDY IBIZA FOLIA;1460215;SANDÁLIA KIDY FLAT IBIZA LILAS;45 
146;SANDÁLIA KIDY IBIZA FOLIA;1460215;SANDÁLIA KIDY FLAT IBIZA MARFIM;84 
146;SANDÁLIA KIDY IBIZA FOLIA;1460215;SANDÁLIA KIDY FLAT IBIZA NUDE;279 
146;SANDÁLIA KIDY IBIZA FOLIA;1460215;SANDÁLIA KIDY FLAT IBIZA OURO;45 
146;SANDÁLIA KIDY IBIZA FOLIA;1460215;SANDÁLIA KIDY FLAT IBIZA PINK;24 
146;SANDÁLIA KIDY IBIZA FOLIA;1460215;SANDÁLIA KIDY FLAT IBIZA PRETO;300 
146;SANDÁLIA KIDY IBIZA FOLIA;1460216;SANDÁLIA KIDY FLAT IBIZA AMARELO;12 
146;SANDÁLIA KIDY IBIZA FOLIA;1460216;SANDÁLIA KIDY FLAT IBIZA BRANCO;93 
146;SANDÁLIA KIDY IBIZA FOLIA;1460216;SANDÁLIA KIDY FLAT IBIZA LILAS;30 
146;SANDÁLIA KIDY IBIZA FOLIA;1460216;SANDÁLIA KIDY FLAT IBIZA MARFIM;399 
146;SANDÁLIA KIDY IBIZA FOLIA;1460216;SANDÁLIA KIDY FLAT IBIZA NUDE;591 
146;SANDÁLIA KIDY IBIZA FOLIA;1460216;SANDÁLIA KIDY FLAT IBIZA OURO;273 
146;SANDÁLIA KIDY IBIZA FOLIA;1460216;SANDÁLIA KIDY FLAT IBIZA PINK;204 
146;SANDÁLIA KIDY IBIZA FOLIA;1460216;SANDÁLIA KIDY FLAT IBIZA PRETO;594 
146;SANDÁLIA KIDY IBIZA FOLIA;1460217;SANDÁLIA KIDY FLAT IBIZA BRANCO;12 
146;SANDÁLIA KIDY IBIZA FOLIA;1460217;SANDÁLIA KIDY FLAT IBIZA MARFIM;78 
146;SANDÁLIA KIDY IBIZA FOLIA;1460217;SANDÁLIA KIDY FLAT IBIZA NUDE;51 
146;SANDÁLIA KIDY IBIZA FOLIA;1460217;SANDÁLIA KIDY FLAT IBIZA OURO;36 
146;SANDÁLIA KIDY IBIZA FOLIA;1460217;SANDÁLIA KIDY FLAT IBIZA PINK;18 
146;SANDÁLIA KIDY IBIZA FOLIA;1460217;SANDÁLIA KIDY FLAT IBIZA PRETO;36 
146;SANDÁLIA KIDY IBIZA FOLIA;1460218;SANDÁLIA KIDY FLAT IBIZA BRANCO;9 
146;SANDÁLIA KIDY IBIZA FOLIA;1460218;SANDÁLIA KIDY FLAT IBIZA LILAS;12 
146;SANDÁLIA KIDY IBIZA FOLIA;1460218;SANDÁLIA KIDY FLAT IBIZA MARFIM;30 
146;SANDÁLIA KIDY IBIZA FOLIA;1460218;SANDÁLIA KIDY FLAT IBIZA NUDE;150 
146;SANDÁLIA KIDY IBIZA FOLIA;1460218;SANDÁLIA KIDY FLAT IBIZA OURO;72 
146;SANDÁLIA KIDY IBIZA FOLIA;1460218;SANDÁLIA KIDY FLAT IBIZA PINK;33 
146;SANDÁLIA KIDY IBIZA FOLIA;1460218;SANDÁLIA KIDY FLAT IBIZA PRETO;192 
156;SANDALIA KIDY AMAR E COMFORT;1560446;SANDALIA KIDY AMAR É COMFORT BRANCO;6 
156;SANDALIA KIDY AMAR E COMFORT;1560446;SANDALIA KIDY AMAR É COMFORT NUDE;12 
156;SANDALIA KIDY AMAR E COMFORT;1560446;SANDALIA KIDY AMAR É COMFORT OURO;12 
156;SANDALIA KIDY AMAR E COMFORT;1560452;SANDALIA KIDY AMAR É COMFORT BRANCO;201 
156;SANDALIA KIDY AMAR E COMFORT;1560452;SANDALIA KIDY AMAR É COMFORT LILAS;12 
156;SANDALIA KIDY AMAR E COMFORT;1560452;SANDALIA KIDY AMAR É COMFORT MARFIM;294 
156;SANDALIA KIDY AMAR E COMFORT;1560452;SANDALIA KIDY AMAR É COMFORT NUDE;597 
156;SANDALIA KIDY AMAR E COMFORT;1560452;SANDALIA KIDY AMAR É COMFORT OURO;1.355 
156;SANDALIA KIDY AMAR E COMFORT;1560455;SANDALIA KIDY AMAR É COMFORT BRANCO;6 
156;SANDALIA KIDY AMAR E COMFORT;1560456;SANDALIA KIDY AMAR É COMFORT MARFIM;182 
156;SANDALIA KIDY AMAR E COMFORT;1560456;SANDALIA KIDY AMAR É COMFORT NUDE;401 
156;SANDALIA KIDY AMAR E COMFORT;1560456;SANDALIA KIDY AMAR É COMFORT OURO;120 
156;SANDALIA KIDY AMAR E COMFORT;1560456;SANDALIA KIDY AMAR É COMFORT PRATA;8 
156;SANDALIA KIDY AMAR E COMFORT;1560456;SANDALIA KIDY AMAR É COMFORT PRETO;12 
156;SANDALIA KIDY AMAR E COMFORT;1560458;SANDALIA KIDY AMAR É COMFORT BRANCO/PRATA;242 
156;SANDALIA KIDY AMAR E COMFORT;1560458;SANDALIA KIDY AMAR É COMFORT MARFIM/OURO;4.399 
156;SANDALIA KIDY AMAR E COMFORT;1560458;SANDALIA KIDY AMAR É COMFORT NUDE;924 
156;SANDALIA KIDY AMAR E COMFORT;1560458;SANDALIA KIDY AMAR É COMFORT PRETO;140 
156;SANDALIA KIDY AMAR E COMFORT;1561277;SANDALIA AMAR É BABY PRETO;12 
156;SANDALIA KIDY AMAR E COMFORT;1561277;SANDALIA AMAR É BABY VERMELHO;24 
156;SANDALIA KIDY AMAR E COMFORT;1562003;SANDALIA KIDY AMAR É COMFORT BRANCO;21 
156;SANDALIA KIDY AMAR E COMFORT;1562004;SANDALIA KIDY AMAR É COMFORT NUDE;135 
156;SANDALIA KIDY AMAR E COMFORT;1562004;SANDALIA KIDY AMAR É COMFORT OURO;222 
156;SANDALIA KIDY AMAR E COMFORT;1562004;SANDALIA KIDY AMAR É COMFORT PINK;171 
156;SANDALIA KIDY AMAR E COMFORT;1562004;SANDALIA KIDY AMAR É COMFORT PRATA/COLORIDO;111 
156;SANDALIA KIDY AMAR E COMFORT;1562004;SANDALIA KIDY AMAR É COMFORT PRETO;366 
156;SANDALIA KIDY AMAR E COMFORT;1562005;SANDALIA KIDY AMAR É COMFORT BRANCO;9 
156;SANDALIA KIDY AMAR E COMFORT;1562005;SANDALIA KIDY AMAR É COMFORT MARFIM;57 
156;SANDALIA KIDY AMAR E COMFORT;1562005;SANDALIA KIDY AMAR É COMFORT NUDE;111 
156;SANDALIA KIDY AMAR E COMFORT;1562005;SANDALIA KIDY AMAR É COMFORT OURO;135 
156;SANDALIA KIDY AMAR E COMFORT;1562006;SANDALIA KIDY AMAR É COMFORT NUDE;24 
156;SANDALIA KIDY AMAR E COMFORT;1562006;SANDALIA KIDY AMAR É COMFORT OURO;33 
156;SANDALIA KIDY AMAR E COMFORT;1562006;SANDALIA KIDY AMAR É COMFORT PRATA;108 
156;SANDALIA KIDY AMAR E COMFORT;1562006;SANDALIA KIDY AMAR É COMFORT PRETO;36 
156;SANDALIA KIDY AMAR E COMFORT;1562008;SANDALIA KIDY AMAR É COMFORT BRANCO;30 
156;SANDALIA KIDY AMAR E COMFORT;1562008;SANDALIA KIDY AMAR É COMFORT MARFIM;45 
156;SANDALIA KIDY AMAR E COMFORT;1562008;SANDALIA KIDY AMAR É COMFORT NUDE;78 
156;SANDALIA KIDY AMAR E COMFORT;1562008;SANDALIA KIDY AMAR É COMFORT OURO;443 
159;SAND.KIDY COMFORT;1599362;SANDÁLIA KIDY COMFORT MARROM/BEGE;252 
159;SAND.KIDY COMFORT;1599362;SANDÁLIA KIDY COMFORT PRETO/MARINHO;252 
159;SAND.KIDY COMFORT;1599363;SANDÁLIA KIDY COMFORT CAFÉ;906 
159;SAND.KIDY COMFORT;1599363;SANDÁLIA KIDY COMFORT MARINHO;123 
159;SAND.KIDY COMFORT;1599363;SANDÁLIA KIDY COMFORT NATURAL;171 
159;SAND.KIDY COMFORT;1599363;SANDÁLIA KIDY COMFORT PRETO/GRAFITE;912 
159;SAND.KIDY COMFORT;1599364;SANDÁLIA KIDY COMFORT CASTANHO;9 
159;SAND.KIDY COMFORT;1599364;SANDÁLIA KIDY COMFORT MARINHO;330 
159;SAND.KIDY COMFORT;1599364;SANDÁLIA KIDY COMFORT NATURAL;12 
159;SAND.KIDY COMFORT;1599365;SANDÁLIA KIDY COMFORT CAFÉ;24 
159;SAND.KIDY COMFORT;1599365;SANDÁLIA KIDY COMFORT MARINHO;60 
159;SAND.KIDY COMFORT;1599365;SANDÁLIA KIDY COMFORT NATURAL;12 
159;SAND.KIDY COMFORT;1599366;SANDÁLIA KIDY COMFORT CAFE;12 
159;SAND.KIDY COMFORT;1599366;SANDÁLIA KIDY COMFORT CASTOR;24 
159;SAND.KIDY COMFORT;1599366;SANDÁLIA KIDY COMFORT MARINHO;12 
159;SAND.KIDY COMFORT;1599366;SANDÁLIA KIDY COMFORT NATURAL;12 
159;SAND.KIDY COMFORT;1599367;SANDÁLIA KIDY COMFORT MARINHO;12 
159;SAND.KIDY COMFORT;1599367;SANDÁLIA KIDY COMFORT MARROM;12 
159;SAND.KIDY COMFORT;1599368;SANDÁLIA KIDY CONFORT CARAMELO;714 
159;SAND.KIDY COMFORT;1599368;SANDÁLIA KIDY CONFORT CASTANHO;498 
159;SAND.KIDY COMFORT;1599368;SANDÁLIA KIDY CONFORT MARINHO;87 
159;SAND.KIDY COMFORT;1599368;SANDÁLIA KIDY CONFORT PRETO;318 
159;SAND.KIDY COMFORT;1599369;SANDÁLIA KIDY COMFORT PRETO;18 
159;SAND.KIDY COMFORT;1599371;SANDÁLIA KIDY COMFORT MARROM/TAUPE;12 
159;SAND.KIDY COMFORT;1599371;SANDÁLIA KIDY COMFORT PRETO/VERMELHO/CINZA;24 
159;SAND.KIDY COMFORT;1599372;SANDÁLIA KIDY COMFORT CARAMELO;979 
159;SAND.KIDY COMFORT;1599372;SANDÁLIA KIDY COMFORT MARINHO;126 
159;SAND.KIDY COMFORT;1599372;SANDÁLIA KIDY COMFORT MARROM;597 
159;SAND.KIDY COMFORT;1599372;SANDÁLIA KIDY COMFORT NATURAL;141 
159;SAND.KIDY COMFORT;1599372;SANDÁLIA KIDY COMFORT PRETO;144 
159;SAND.KIDY COMFORT;1599373;SANDÁLIA KIDY COMFORT CAFE/CANELA;2.162 
159;SAND.KIDY COMFORT;1599373;SANDÁLIA KIDY COMFORT CARAMELO;414 
159;SAND.KIDY COMFORT;1599373;SANDÁLIA KIDY COMFORT MARINHO;201 
159;SAND.KIDY COMFORT;1599373;SANDÁLIA KIDY COMFORT MARINHO/CAFE;150 
159;SAND.KIDY COMFORT;1599373;SANDÁLIA KIDY COMFORT PRETO;447 
159;SAND.KIDY COMFORT;1599376;SANDÁLIA KIDY COMFORT CARAMELO/BEGE;678 
159;SAND.KIDY COMFORT;1599376;SANDÁLIA KIDY COMFORT MARINHO/GRAFITE;36 
159;SAND.KIDY COMFORT;1599376;SANDÁLIA KIDY COMFORT MARROM/CANELA;72 
159;SAND.KIDY COMFORT;1599376;SANDÁLIA KIDY COMFORT NATURAL/CARAMELO;90 
159;SAND.KIDY COMFORT;1599376;SANDÁLIA KIDY COMFORT PRETO;72 
159;SAND.KIDY COMFORT;1599376;SANDÁLIA KIDY COMFORT PRETO/CAFE;30 
159;SAND.KIDY COMFORT;1599377;SANDÁLIA KIDY COMFORT CASTANHO/TAUPE;489 
159;SAND.KIDY COMFORT;1599377;SANDÁLIA KIDY COMFORT MARROM/CANELA;57 
159;SAND.KIDY COMFORT;1599377;SANDÁLIA KIDY COMFORT PRETO/GRAFITE;45 
159;SAND.KIDY COMFORT;1599377;SANDÁLIA KIDY COMFORT TAUPE/CARAMELO;117 
159;SAND.KIDY COMFORT;1599378;SANDÁLIA KIDY COMFORT CAFE/MARINHO;135 
159;SAND.KIDY COMFORT;1599378;SANDÁLIA KIDY COMFORT CASTANHO/TAUPE;6 
159;SAND.KIDY COMFORT;1599378;SANDÁLIA KIDY COMFORT MARROM/CARAMELO;90 
159;SAND.KIDY COMFORT;1599378;SANDÁLIA KIDY COMFORT PRETO/GRAFITE;96 
159;SAND.KIDY COMFORT;1599378;SANDÁLIA KIDY COMFORT TAUPE/CARAMELO;6 
163;SANDALIA KIDY FLEX LIGHT;1630113;SANDALIA KIDY FLEX LIGHT AZUL ROYAL/LARANJA;12 
163;SANDALIA KIDY FLEX LIGHT;1630113;SANDALIA KIDY FLEX LIGHT MARINHO/VERDE NEON;12 
163;SANDALIA KIDY FLEX LIGHT;1630113;SANDALIA KIDY FLEX LIGHT PRETO/VERMELHO;12 
163;SANDALIA KIDY FLEX LIGHT;1630114;SANDALIA KIDY FLEX LIGHT MARINHO/AMARELO;36 
163;SANDALIA KIDY FLEX LIGHT;1630115;SANDALIA KIDY FLEX LIGHT GRAFITE/MARINHO;45 
163;SANDALIA KIDY FLEX LIGHT;1630115;SANDALIA KIDY FLEX LIGHT MARINHO;1.218 
163;SANDALIA KIDY FLEX LIGHT;1630115;SANDALIA KIDY FLEX LIGHT MARINHO/AMARELO NEON;24 
163;SANDALIA KIDY FLEX LIGHT;1630115;SANDALIA KIDY FLEX LIGHT MARINHO/LARANJA;192 
163;SANDALIA KIDY FLEX LIGHT;1630115;SANDALIA KIDY FLEX LIGHT PRETO;495 
163;SANDALIA KIDY FLEX LIGHT;1630115;SANDALIA KIDY FLEX LIGHT PRETO/AMARELO NEON;180 
163;SANDALIA KIDY FLEX LIGHT;1630115;SANDALIA KIDY FLEX LIGHT PRETO/AZUL;93 
163;SANDALIA KIDY FLEX LIGHT;1630115;SANDALIA KIDY FLEX LIGHT PRETO/VERDE;177 
163;SANDALIA KIDY FLEX LIGHT;1630116;SANDALIA KIDY FLEX LIGHT AZUL/LARANJA;183 
163;SANDALIA KIDY FLEX LIGHT;1630116;SANDALIA KIDY FLEX LIGHT MARINHO/AZUL ROYAL;114 
163;SANDALIA KIDY FLEX LIGHT;1630116;SANDALIA KIDY FLEX LIGHT MARINHO/VERMELHO/PRATA;147 
163;SANDALIA KIDY FLEX LIGHT;1630116;SANDALIA KIDY FLEX LIGHT PRETO/LARANJA/AMARELO;357 
163;SANDALIA KIDY FLEX LIGHT;1630117;SANDALIA KIDY FLEX LIGHT MARINHO/AMARELO NEON;120 
163;SANDALIA KIDY FLEX LIGHT;1630117;SANDALIA KIDY FLEX LIGHT MARINHO/GRAFITE/LRNJ.NEON;690 
163;SANDALIA KIDY FLEX LIGHT;1630117;SANDALIA KIDY FLEX LIGHT PRETO/CARAMELO;153 
163;SANDALIA KIDY FLEX LIGHT;1630117;SANDALIA KIDY FLEX LIGHT PRETO/LARANJA NEON;177 
163;SANDALIA KIDY FLEX LIGHT;1631115;SANDALIA KIDY FLEX LIGHT NUDE;12 
163;SANDALIA KIDY FLEX LIGHT;1631115;SANDALIA KIDY FLEX LIGHT PINK;540 
163;SANDALIA KIDY FLEX LIGHT;1631115;SANDALIA KIDY FLEX LIGHT PRATA/COLORIDO;93 
163;SANDALIA KIDY FLEX LIGHT;1631115;SANDALIA KIDY FLEX LIGHT PRETO/PINK;21 
163;SANDALIA KIDY FLEX LIGHT;1631116;SANDALIA KIDY FLEX LIGHT NUDE;6 
163;SANDALIA KIDY FLEX LIGHT;1631117;SANDALIA KIDY FLEX LIGHT LILAS;99 
163;SANDALIA KIDY FLEX LIGHT;1631117;SANDALIA KIDY FLEX LIGHT NUDE;162 
163;SANDALIA KIDY FLEX LIGHT;1631117;SANDALIA KIDY FLEX LIGHT PINK;201 
163;SANDALIA KIDY FLEX LIGHT;1631117;SANDALIA KIDY FLEX LIGHT ROSA;12 
163;SANDALIA KIDY FLEX LIGHT;1631118;SANDALIA KIDY FLEX LIGHT BRANCO/NUDE;99 
163;SANDALIA KIDY FLEX LIGHT;1631118;SANDALIA KIDY FLEX LIGHT LILAS;93 
163;SANDALIA KIDY FLEX LIGHT;1631118;SANDALIA KIDY FLEX LIGHT NUDE;96 
163;SANDALIA KIDY FLEX LIGHT;1631118;SANDALIA KIDY FLEX LIGHT PINK;96 
163;SANDALIA KIDY FLEX LIGHT;1631119;SANDALIA KIDY FLEX LIGHT ANIS;24 
163;SANDALIA KIDY FLEX LIGHT;1631119;SANDALIA KIDY FLEX LIGHT MARFIM;738 
163;SANDALIA KIDY FLEX LIGHT;1631119;SANDALIA KIDY FLEX LIGHT OURO;36 
163;SANDALIA KIDY FLEX LIGHT;1631119;SANDALIA KIDY FLEX LIGHT PINK;36 
163;SANDALIA KIDY FLEX LIGHT;1631119;SANDALIA KIDY FLEX LIGHT ROSA;189 
163;SANDALIA KIDY FLEX LIGHT;1631120;SANDALIA KIDY FLEX LIGHT BRANCO;249 
163;SANDALIA KIDY FLEX LIGHT;1631120;SANDALIA KIDY FLEX LIGHT OURO;303 
163;SANDALIA KIDY FLEX LIGHT;1631120;SANDALIA KIDY FLEX LIGHT ROSA;1.140 
168;TENIS KIDY MAIS;1680228;TENIS KIDY MAIS MARINHO/LARANJA NEON;174 
168;TENIS KIDY MAIS;1680228;TENIS KIDY MAIS PRETO;156 
168;TENIS KIDY MAIS;1680228;TENIS KIDY MAIS PRETO/VERDE NEON;72 
168;TENIS KIDY MAIS;1680228;TÊNIS KIDY MAIS MARINHO/AMARELO NEON;444 
168;TENIS KIDY MAIS;1680228;TÊNIS KIDY MAIS PRETO/CREPE;96 
168;TENIS KIDY MAIS;1680228;TÊNIS KIDY MAIS PRETO/VERMELHO;459 
168;TENIS KIDY MAIS;1681228;TENIS KIDY MAIS MARINHO/PINK;582 
168;TENIS KIDY MAIS;1681228;TENIS KIDY MAIS PRETO/PINK NEON;927 
168;TENIS KIDY MAIS;1681228;TÊNIS KIDY MAIS AMARELO/PINK;24 
168;TENIS KIDY MAIS;1681228;TÊNIS KIDY MAIS NUDE/AZUL;93 
172;SANDÁLIA KIDY WAVE LIGHT;1720020;SANDÁLIA KIDY WAVE LIGHT MARINHO/AZUL ROYAL;8 
172;SANDÁLIA KIDY WAVE LIGHT;1720020;SANDÁLIA KIDY WAVE LIGHT PRETO/AMARELO;12 
172;SANDÁLIA KIDY WAVE LIGHT;1720033;SANDÁLIA KIDY WAVE LIGHT MARINHO;189 
172;SANDÁLIA KIDY WAVE LIGHT;1720033;SANDÁLIA KIDY WAVE LIGHT MARINHO/AMARELO NEON;36 
172;SANDÁLIA KIDY WAVE LIGHT;1720033;SANDÁLIA KIDY WAVE LIGHT MARINHO/VERMELHO;18 
172;SANDÁLIA KIDY WAVE LIGHT;1720033;SANDÁLIA KIDY WAVE LIGHT PRETO;156 
172;SANDÁLIA KIDY WAVE LIGHT;1720033;SANDÁLIA KIDY WAVE LIGHT PRETO/LARANJA;30 
172;SANDÁLIA KIDY WAVE LIGHT;1720034;SANDÁLIA KIDY WAVE LIGHT MARINHO;9 
172;SANDÁLIA KIDY WAVE LIGHT;1720035;SANDÁLIA KIDY WAVE LIGHT AZUL/VERMELHO;48 
172;SANDÁLIA KIDY WAVE LIGHT;1720035;SANDÁLIA KIDY WAVE LIGHT MARINHO/VERMELHO;615 
172;SANDÁLIA KIDY WAVE LIGHT;1720035;SANDÁLIA KIDY WAVE LIGHT PRETO/PRATA;168 
172;SANDÁLIA KIDY WAVE LIGHT;1720036;SANDÁLIA KIDY WAVE LIGHT GRAFITE/PRETO;87 
172;SANDÁLIA KIDY WAVE LIGHT;1720036;SANDÁLIA KIDY WAVE LIGHT MARINHO/VERMELHO;276 
172;SANDÁLIA KIDY WAVE LIGHT;1720036;SANDÁLIA KIDY WAVE LIGHT PRETO/CAQUI;120 
172;SANDÁLIA KIDY WAVE LIGHT;1720036;SANDÁLIA KIDY WAVE LIGHT PRETO/GRAFITE/LARANJA;156 
172;SANDÁLIA KIDY WAVE LIGHT;1720037;SANDÁLIA KIDY WAVE LIGHT AZUL/LARANJA;24 
172;SANDÁLIA KIDY WAVE LIGHT;1720037;SANDÁLIA KIDY WAVE LIGHT MARINHO/LARANJA;42 
172;SANDÁLIA KIDY WAVE LIGHT;1720037;SANDÁLIA KIDY WAVE LIGHT PRETO/AMARELO NEON;36 
172;SANDÁLIA KIDY WAVE LIGHT;1720037;SANDÁLIA KIDY WAVE LIGHT PRETO/VERMELHO;105 
172;SANDÁLIA KIDY WAVE LIGHT;1721034;SANDÁLIA KIDY WAVE LIGHT BRANCO;18 
172;SANDÁLIA KIDY WAVE LIGHT;1721034;SANDÁLIA KIDY WAVE LIGHT NUDE;201 
172;SANDÁLIA KIDY WAVE LIGHT;1721034;SANDÁLIA KIDY WAVE LIGHT PINK;72 
172;SANDÁLIA KIDY WAVE LIGHT;1721035;SANDÁLIA KIDY WAVE LIGHT NUDE;12 
172;SANDÁLIA KIDY WAVE LIGHT;1721035;SANDÁLIA KIDY WAVE LIGHT PINK;12 
172;SANDÁLIA KIDY WAVE LIGHT;1721035;SANDÁLIA KIDY WAVE LIGHT PRATA/COLORIDO;48 
172;SANDÁLIA KIDY WAVE LIGHT;1721035;SANDÁLIA KIDY WAVE LIGHT PRETO;6 
172;SANDÁLIA KIDY WAVE LIGHT;1721036;SANDÁLIA KIDY WAVE LIGHT LILAS;9 
172;SANDÁLIA KIDY WAVE LIGHT;1721036;SANDÁLIA KIDY WAVE LIGHT NUDE;51 
172;SANDÁLIA KIDY WAVE LIGHT;1721036;SANDÁLIA KIDY WAVE LIGHT PRATA;72 
172;SANDÁLIA KIDY WAVE LIGHT;1721037;SANDÁLIA KIDY WAVE LIGHT BRANCO;69 
172;SANDÁLIA KIDY WAVE LIGHT;1721037;SANDÁLIA KIDY WAVE LIGHT LILAS;51 
172;SANDÁLIA KIDY WAVE LIGHT;1721037;SANDÁLIA KIDY WAVE LIGHT NUDE;591 
172;SANDÁLIA KIDY WAVE LIGHT;1721037;SANDÁLIA KIDY WAVE LIGHT OURO;162 
172;SANDÁLIA KIDY WAVE LIGHT;1721037;SANDÁLIA KIDY WAVE LIGHT PINK;177 
184;TÊNIS KIDY HYPE;1840017;TÊNIS KIDY HYPE PISCINA/BRANCO/CORAL;60 
184;TÊNIS KIDY HYPE;1840019;TÊNIS KIDY HYPE PRETO;72 
184;TÊNIS KIDY HYPE;1840023;TÊNIS KIDY HYPE BRANCO;60 
184;TÊNIS KIDY HYPE;1840081;TÊNIS KIDY HYPE MARINHO;348 
184;TÊNIS KIDY HYPE;1840081;TÊNIS KIDY HYPE PRETO;288 
184;TÊNIS KIDY HYPE;1840082;TÊNIS KIDY HYPE PRETO;144 
184;TÊNIS KIDY HYPE;1840088;TÊNIS KIDY HYPE PRATA;12 
184;TÊNIS KIDY HYPE;1840089;TÊNIS KIDY HYPE PRETO;12 
184;TÊNIS KIDY HYPE;1840091;TÊNIS KIDY HYPE AZUL/PRATA;18 
184;TÊNIS KIDY HYPE;1840093;TÊNIS KIDY HYPE BRANCO/AZUL;504 
184;TÊNIS KIDY HYPE;1840093;TÊNIS KIDY HYPE MARINHO;1.625 
184;TÊNIS KIDY HYPE;1840093;TÊNIS KIDY HYPE MARINHO/BRANCO;87 
184;TÊNIS KIDY HYPE;1840093;TÊNIS KIDY HYPE PRETO/AZUL ROYAL;741 
184;TÊNIS KIDY HYPE;1840094;TÊNIS KIDY HYPE BRANCO/AZUL;12 
184;TÊNIS KIDY HYPE;1840094;TÊNIS KIDY HYPE MARINHO;6 
184;TÊNIS KIDY HYPE;1840096;TÊNIS KIDY HYPE BRANCO/AZUL;12 
184;TÊNIS KIDY HYPE;1840096;TÊNIS KIDY HYPE BRANCO/CINZA;21 
184;TÊNIS KIDY HYPE;1840096;TÊNIS KIDY HYPE BRANCO/MARINHO;48 
184;TÊNIS KIDY HYPE;1840096;TÊNIS KIDY HYPE MARINHO/BRANCO;543 
184;TÊNIS KIDY HYPE;1840096;TÊNIS KIDY HYPE PRETO/AZUL ROYAL;264 
184;TÊNIS KIDY HYPE;1840097;TÊNIS KIDY HYPE BRANCO;714 
184;TÊNIS KIDY HYPE;1840097;TÊNIS KIDY HYPE BRANCO/PRATA;48 
184;TÊNIS KIDY HYPE;1840097;TÊNIS KIDY HYPE MARINHO;21 
184;TÊNIS KIDY HYPE;1840097;TÊNIS KIDY HYPE NUDE;450 
184;TÊNIS KIDY HYPE;1840097;TÊNIS KIDY HYPE PRETO;564 
184;TÊNIS KIDY HYPE;1840098;TÊNIS KIDY HYPE BRANCO;615 
184;TÊNIS KIDY HYPE;1840098;TÊNIS KIDY HYPE BRANCO/NUDE/OURO;24 
184;TÊNIS KIDY HYPE;1840098;TÊNIS KIDY HYPE MARFIM;12 
184;TÊNIS KIDY HYPE;1840098;TÊNIS KIDY HYPE MARINHO;33 
184;TÊNIS KIDY HYPE;1840098;TÊNIS KIDY HYPE NUDE;96 
184;TÊNIS KIDY HYPE;1840098;TÊNIS KIDY HYPE PRETO;498 
184;TÊNIS KIDY HYPE;1840099;TENIS KIDY HYPE GRAFITE/LARANJA;84 
184;TÊNIS KIDY HYPE;1840099;TENIS KIDY HYPE MARINHO;354 
184;TÊNIS KIDY HYPE;1840099;TENIS KIDY HYPE PRETO;477 
184;TÊNIS KIDY HYPE;1840100;TENIS KIDY HYPE BRANCO/AZUL/PRETO;83 
184;TÊNIS KIDY HYPE;1840100;TENIS KIDY HYPE BRANCO/CINZA/MARINHO;12 
184;TÊNIS KIDY HYPE;1840100;TENIS KIDY HYPE BRANCO/PRETO/VERMELHO;12 
184;TÊNIS KIDY HYPE;1840100;TENIS KIDY HYPE MARINHO;96 
184;TÊNIS KIDY HYPE;1840100;TENIS KIDY HYPE PRETO;66 
184;TÊNIS KIDY HYPE;1840101;TENIS KIDY HYPE CINZA/BRANCO;18 
184;TÊNIS KIDY HYPE;1840101;TENIS KIDY HYPE MARINHO;18 
184;TÊNIS KIDY HYPE;1840101;TENIS KIDY HYPE MARINHO/GRAFITE;9 
184;TÊNIS KIDY HYPE;1840101;TENIS KIDY HYPE PRETO;75 
184;TÊNIS KIDY HYPE;1840101;TENIS KIDY HYPE PRETO/BRANCO;276 
184;TÊNIS KIDY HYPE;1840102;TENIS KIDY HYPE CAQUI/BRANCO;36 
184;TÊNIS KIDY HYPE;1840102;TENIS KIDY HYPE CINZA/BRANCO;12 
184;TÊNIS KIDY HYPE;1840102;TENIS KIDY HYPE MARINHO;48 
184;TÊNIS KIDY HYPE;1840102;TENIS KIDY HYPE MARINHO/BRANCO;12 
184;TÊNIS KIDY HYPE;1840102;TENIS KIDY HYPE PRETO;6 
184;TÊNIS KIDY HYPE;1840102;TENIS KIDY HYPE PRETO/BRANCO;84 
184;TÊNIS KIDY HYPE;1841081;TÊNIS KIDY HYPE PRETO;215 
184;TÊNIS KIDY HYPE;1841082;TÊNIS KIDY HYPE PRETO;180 
184;TÊNIS KIDY HYPE;1841083;TÊNIS KIDY HYPE NUDE;192 
184;TÊNIS KIDY HYPE;1841093;TÊNIS KIDY HYPE BRANCO/PRATA;180 
184;TÊNIS KIDY HYPE;1841093;TÊNIS KIDY HYPE BRANCO/ROSA;69 
184;TÊNIS KIDY HYPE;1841093;TÊNIS KIDY HYPE NUDE;156 
184;TÊNIS KIDY HYPE;1841093;TÊNIS KIDY HYPE OURO;357 
184;TÊNIS KIDY HYPE;1841093;TÊNIS KIDY HYPE PRETO;765 
184;TÊNIS KIDY HYPE;1841094;TÊNIS KIDY HYPE OURO;12 
184;TÊNIS KIDY HYPE;1841094;TÊNIS KIDY HYPE PRATA;12 
184;TÊNIS KIDY HYPE;1841094;TÊNIS KIDY HYPE PRETO;12 
184;TÊNIS KIDY HYPE;1841095;TÊNIS KIDY HYPE BRANCO/ROSA;12 
184;TÊNIS KIDY HYPE;1841096;TÊNIS KIDY HYPE BRANCO;477 
184;TÊNIS KIDY HYPE;1841096;TÊNIS KIDY HYPE NUDE;357 
184;TÊNIS KIDY HYPE;1841096;TÊNIS KIDY HYPE OURO;84 
184;TÊNIS KIDY HYPE;1841096;TÊNIS KIDY HYPE PRETO;60 
184;TÊNIS KIDY HYPE;1841097;TÊNIS KIDY HYPE BRANCO;6 
184;TÊNIS KIDY HYPE;1841097;TÊNIS KIDY HYPE PRETO;6 
184;TÊNIS KIDY HYPE;1841098;TÊNIS KIDY HYPE BRANCO/DOURADO;1.645 
184;TÊNIS KIDY HYPE;1841098;TÊNIS KIDY HYPE BRANCO/NUDE;135 
184;TÊNIS KIDY HYPE;1841098;TÊNIS KIDY HYPE NUDE;426 
184;TÊNIS KIDY HYPE;1841098;TÊNIS KIDY HYPE PRETO;69 
184;TÊNIS KIDY HYPE;1841099;TÊNIS KIDY HYPE BRANCO;30 
184;TÊNIS KIDY HYPE;1841099;TÊNIS KIDY HYPE NUDE;665 
184;TÊNIS KIDY HYPE;1841099;TÊNIS KIDY HYPE OURO;30 
184;TÊNIS KIDY HYPE;1841099;TÊNIS KIDY HYPE PRETO;633 
184;TÊNIS KIDY HYPE;1841099;TÊNIS KIDY HYPE ROSA COBRE;96 
184;TÊNIS KIDY HYPE;1841100;TÊNIS KIDY HYPE BRANCO/OURO;21 
184;TÊNIS KIDY HYPE;1841100;TÊNIS KIDY HYPE NUDE;72 
184;TÊNIS KIDY HYPE;1841100;TÊNIS KIDY HYPE PRETO;185 
184;TÊNIS KIDY HYPE;1841101;TÊNIS KIDY HYPE BRANCO/PRATA;84 
184;TÊNIS KIDY HYPE;1841101;TÊNIS KIDY HYPE MARFIM;72 
184;TÊNIS KIDY HYPE;1841101;TÊNIS KIDY HYPE NUDE;30 
184;TÊNIS KIDY HYPE;1841101;TÊNIS KIDY HYPE PRETO;12 
184;TÊNIS KIDY HYPE;1841102;TÊNIS KIDY HYPE MARFIM;177 
184;TÊNIS KIDY HYPE;1841102;TÊNIS KIDY HYPE NUDE;54 
184;TÊNIS KIDY HYPE;1841102;TÊNIS KIDY HYPE PRETO;45 
184;TÊNIS KIDY HYPE;1841103;TÊNIS KIDY HYPE NUDE;36 
184;TÊNIS KIDY HYPE;1841103;TÊNIS KIDY HYPE PINK;12 
184;TÊNIS KIDY HYPE;1843002;TÊNIS KIDY HYPE PRETO;24 
184;TÊNIS KIDY HYPE;1843502;TÊNIS KIDY HYPE BRANCO;84 
184;TÊNIS KIDY HYPE;1843502;TÊNIS KIDY HYPE NUDE;9 
184;TÊNIS KIDY HYPE;1844000;TÊNIS KD.HYPE G.GALACTICO BRANCO/COLORIDO;24 
184;TÊNIS KIDY HYPE;1844001;TÊNIS KD.HYPE G.GALACTICO BRANCO/COLORIDO;120 
184;TÊNIS KIDY HYPE;1844002;TÊNIS KD.HYPE G.GALACTICO BRANCO/COLORIDO;36 
184;TÊNIS KIDY HYPE;1844500;TÊNIS KD.HYPE G.GALACTICO BRANCO/COLORIDO;66 
191;SANDALIA KIDY FLY;1910059;SANDÁLIA KIDY FLY MARINHO/AMARELO NEON;732 
191;SANDALIA KIDY FLY;1910059;SANDÁLIA KIDY FLY MARINHO/VERDE;360 
191;SANDALIA KIDY FLY;1910059;SANDÁLIA KIDY FLY PRETO/BRANCO;549 
191;SANDALIA KIDY FLY;1910059;SANDÁLIA KIDY FLY PRETO/LARANJA NEON;252 
191;SANDALIA KIDY FLY;1910060;SANDÁLIA KIDY FLY AZUL ROYAL/MARINHO/VERMELHO;12 
191;SANDALIA KIDY FLY;1910060;SANDÁLIA KIDY FLY MARINHO/VERDE;60 
191;SANDALIA KIDY FLY;1910061;SANDÁLIA KIDY FLY GRAFITE/PRETO/VERDE;12 
191;SANDALIA KIDY FLY;1910061;SANDÁLIA KIDY FLY PRETO/VERMELHO;36 
191;SANDALIA KIDY FLY;1910064;SANDÁLIA KIDY FLY MARINHO/AMARELO NEON;24 
191;SANDALIA KIDY FLY;1910064;SANDÁLIA KIDY FLY MARINHO/LARANJA;36 
191;SANDALIA KIDY FLY;1910065;SANDÁLIA KIDY FLY MARINHO;84 
191;SANDALIA KIDY FLY;1910065;SANDÁLIA KIDY FLY PRETO/AMARELO NEON;60 
191;SANDALIA KIDY FLY;1910066;SANDÁLIA KIDY FLY MARINHO/VERMELHO;12 
191;SANDALIA KIDY FLY;1910067;SANDÁLIA KIDY FLY MARINHO;6 
191;SANDALIA KIDY FLY;1910067;SANDÁLIA KIDY FLY PRETO/BRANCO;6 
191;SANDALIA KIDY FLY;1910068;SANDÁLIA KIDY FLY GRAFITE/PRETO;6 
191;SANDALIA KIDY FLY;1910068;SANDÁLIA KIDY FLY PRETO/CITRUS;18 
191;SANDALIA KIDY FLY;1910070;SANDÁLIA KIDY FLY GRAFITE/PRETO/LARANJA;126 
191;SANDALIA KIDY FLY;1910070;SANDÁLIA KIDY FLY MARINHO/AZUL PISCINA;237 
191;SANDALIA KIDY FLY;1910070;SANDÁLIA KIDY FLY MARINHO/VERMELHO;260 
191;SANDALIA KIDY FLY;1910070;SANDÁLIA KIDY FLY PRETO/BRANCO/VERDE;490 
191;SANDALIA KIDY FLY;1910071;SANDÁLIA KIDY FLY GRAFITE/AZUL ROYAL;462 
191;SANDALIA KIDY FLY;1910071;SANDÁLIA KIDY FLY MARINHO/LARANJA;1.562 
191;SANDALIA KIDY FLY;1910071;SANDÁLIA KIDY FLY PRETO/AZUL PISCINA;180 
191;SANDALIA KIDY FLY;1910071;SANDÁLIA KIDY FLY PRETO/BRANCO/VERDE;612 
191;SANDALIA KIDY FLY;1910073;SANDALIA KIDY FLY GRAFITE/PRETO;72 
191;SANDALIA KIDY FLY;1910073;SANDALIA KIDY FLY MARINHO/PRATA;21 
191;SANDALIA KIDY FLY;1910073;SANDALIA KIDY FLY PRETO/CARAMELO;144 
191;SANDALIA KIDY FLY;1910073;SANDALIA KIDY FLY PRETO/VERMELHO;129 
191;SANDALIA KIDY FLY;1910074;SANDALIA KIDY FLY GRAFITE/MARINHO;33 
191;SANDALIA KIDY FLY;1910074;SANDALIA KIDY FLY MARINHO/AMARELO NEON;345 
191;SANDALIA KIDY FLY;1910074;SANDALIA KIDY FLY MARINHO/VERMELHO/PRATA;42 
191;SANDALIA KIDY FLY;1910074;SANDALIA KIDY FLY PRETO/GELO;120 
191;SANDALIA KIDY FLY;1910075;SANDALIA KIDY FLY BRANCO/PRETO;6 
191;SANDALIA KIDY FLY;1910075;SANDALIA KIDY FLY MARINHO;87 
191;SANDALIA KIDY FLY;1910075;SANDALIA KIDY FLY PRETO;12 
191;SANDALIA KIDY FLY;1910075;SANDALIA KIDY FLY PRETO/NATURAL;78 
191;SANDALIA KIDY FLY;1910075;SANDALIA KIDY FLY PRETO/PRETO;54 
191;SANDALIA KIDY FLY;1910076;SANDALIA KIDY FLY MARINHO/VERMELHO;12 
191;SANDALIA KIDY FLY;1910076;SANDALIA KIDY FLY PRETO/LARANJA NEON;24 
191;SANDALIA KIDY FLY;1910076;SANDALIA KIDY FLY PRETO/VERMELHO;60 
191;SANDALIA KIDY FLY;1911056;SANDÁLIA KIDY FLY OURO;336 
191;SANDALIA KIDY FLY;1911057;SANDÁLIA KIDY FLY OURO;60 
191;SANDALIA KIDY FLY;1911057;SANDÁLIA KIDY FLY PRETO;36 
191;SANDALIA KIDY FLY;1911058;SANDÁLIA KIDY FLY MARFIM;144 
191;SANDALIA KIDY FLY;1911058;SANDÁLIA KIDY FLY OURO;327 
191;SANDALIA KIDY FLY;1911058;SANDÁLIA KIDY FLY PRETO;189 
191;SANDALIA KIDY FLY;1911058;SANDÁLIA KIDY FLY ROSA;132 
191;SANDALIA KIDY FLY;1911059;SANDÁLIA KIDY FLY OURO;24 
191;SANDALIA KIDY FLY;1911059;SANDÁLIA KIDY FLY PRETO;120 
191;SANDALIA KIDY FLY;1911060;SANDÁLIA KIDY FLY AZUL BB;12 
191;SANDALIA KIDY FLY;1911060;SANDÁLIA KIDY FLY BRANCO;24 
191;SANDALIA KIDY FLY;1911060;SANDÁLIA KIDY FLY NUDE;24 
191;SANDALIA KIDY FLY;1911060;SANDÁLIA KIDY FLY NUDE/BLUSH;12 
191;SANDALIA KIDY FLY;1911060;SANDÁLIA KIDY FLY PRETO;24 
191;SANDALIA KIDY FLY;1911063;SANDÁLIA KIDY FLY OURO;12 
191;SANDALIA KIDY FLY;1911064;SANDÁLIA KIDY FLY PRETO/GLOSS;6 
191;SANDALIA KIDY FLY;1911065;SANDÁLIA KIDY FLY AZUL/ROSA/PINK;6 
191;SANDALIA KIDY FLY;1911065;SANDÁLIA KIDY FLY ROSA/BRANCO;12 
191;SANDALIA KIDY FLY;1911070;SANDÁLIA KIDY FLY MARFIM;351 
191;SANDALIA KIDY FLY;1911070;SANDÁLIA KIDY FLY NUDE;752 
191;SANDALIA KIDY FLY;1911070;SANDÁLIA KIDY FLY OURO;408 
191;SANDALIA KIDY FLY;1911070;SANDÁLIA KIDY FLY PINK;105 
191;SANDALIA KIDY FLY;1911070;SANDÁLIA KIDY FLY PRETO;348 
191;SANDALIA KIDY FLY;1911071;SANDÁLIA KIDY FLY BRANCO;129 
191;SANDALIA KIDY FLY;1911071;SANDÁLIA KIDY FLY OURO;2.138 
191;SANDALIA KIDY FLY;1911071;SANDÁLIA KIDY FLY PRETO;198 
191;SANDALIA KIDY FLY;1911071;SANDÁLIA KIDY FLY ROSA;207 
191;SANDALIA KIDY FLY;1911072;SANDÁLIA KIDY FLY BRANCO;60 
191;SANDALIA KIDY FLY;1911072;SANDÁLIA KIDY FLY MARFIM;306 
191;SANDALIA KIDY FLY;1911072;SANDÁLIA KIDY FLY OURO;351 
191;SANDALIA KIDY FLY;1911072;SANDÁLIA KIDY FLY ROSA;63 
191;SANDALIA KIDY FLY;1911073;SANDÁLIA KIDY FLY MARFIM;18 
191;SANDALIA KIDY FLY;1911073;SANDÁLIA KIDY FLY NUDE;90 
191;SANDALIA KIDY FLY;1911073;SANDÁLIA KIDY FLY OURO;15 
191;SANDALIA KIDY FLY;1911074;SANDÁLIA KIDY FLY BRANCO;24 
191;SANDALIA KIDY FLY;1911074;SANDÁLIA KIDY FLY MARFIM;555 
191;SANDALIA KIDY FLY;1911074;SANDÁLIA KIDY FLY NUDE;126 
191;SANDALIA KIDY FLY;1911074;SANDÁLIA KIDY FLY OURO;60 
191;SANDALIA KIDY FLY;1911074;SANDÁLIA KIDY FLY PRETO;36 
191;SANDALIA KIDY FLY;1911075;SANDÁLIA KIDY FLY BRANCO;18 
191;SANDALIA KIDY FLY;1911075;SANDÁLIA KIDY FLY MARFIM;78 
191;SANDALIA KIDY FLY;1911075;SANDÁLIA KIDY FLY NUDE;24 
191;SANDALIA KIDY FLY;1911075;SANDÁLIA KIDY FLY OURO;12 
191;SANDALIA KIDY FLY;1911075;SANDÁLIA KIDY FLY PRETO;66 
191;SANDALIA KIDY FLY;1911076;SANDÁLIA KIDY FLY BRANCO;12 
191;SANDALIA KIDY FLY;1911076;SANDÁLIA KIDY FLY MARFIM;96 
191;SANDALIA KIDY FLY;1911076;SANDÁLIA KIDY FLY NUDE;30 
191;SANDALIA KIDY FLY;1911076;SANDÁLIA KIDY FLY NUDE/BLUSH;30 
191;SANDALIA KIDY FLY;1911076;SANDÁLIA KIDY FLY OURO;24 
191;SANDALIA KIDY FLY;1911076;SANDÁLIA KIDY FLY PINK;12 
191;SANDALIA KIDY FLY;1915000;SANDÁLIA KIDY FLY GG MARINHO/AMARELO NEON;114 
191;SANDALIA KIDY FLY;1915000;SANDÁLIA KIDY FLY GG MARINHO/PRATA;45 
191;SANDALIA KIDY FLY;1915000;SANDÁLIA KIDY FLY GG PRETO/PRATA;21 
191;SANDALIA KIDY FLY;1915000;SANDÁLIA KIDY FLY GG PRETO/VERMELHO;105 
191;SANDALIA KIDY FLY;1917000;SANDÁLIA KIDY FLY GG BRANCO/ROSA;72 
191;SANDALIA KIDY FLY;1917000;SANDÁLIA KIDY FLY GG LILAS/PINK;12 
191;SANDALIA KIDY FLY;1917000;SANDÁLIA KIDY FLY GG NUDE/ROSA;114 
192;SANDALIA KIDY FLY BABY;1920055;SANDALIA KIDY FLY BABY MARINHO/VERMELHO;120 
192;SANDALIA KIDY FLY BABY;1920060;SANDALIA KIDY FLY BABY AZUL ROYAL/VERMELHO/BRANCO;12 
192;SANDALIA KIDY FLY BABY;1920060;SANDALIA KIDY FLY BABY MARINHO/AZUL ROYAL;338 
192;SANDALIA KIDY FLY BABY;1920060;SANDALIA KIDY FLY BABY MARINHO/VERDE;108 
192;SANDALIA KIDY FLY BABY;1920060;SANDALIA KIDY FLY BABY PRETO/AMARELO NEON;216 
192;SANDALIA KIDY FLY BABY;1920060;SANDALIA KIDY FLY BABY PRETO/AZUL ROYAL/AMARELO NEON;6 
192;SANDALIA KIDY FLY BABY;1920060;SANDALIA KIDY FLY BABY PRETO/LARANJA NEON;96 
192;SANDALIA KIDY FLY BABY;1920063;SANDALIA KIDY FLY BABY MARINHO/AMARELO NEON;24 
192;SANDALIA KIDY FLY BABY;1920063;SANDALIA KIDY FLY BABY PRETO/AMARELO NEON;24 
192;SANDALIA KIDY FLY BABY;1920063;SANDALIA KIDY FLY BABY PRETO/GRAFITE;9 
192;SANDALIA KIDY FLY BABY;1920063;SANDALIA KIDY FLY BABY PRETO/LARANJA/PRATA;180 
192;SANDALIA KIDY FLY BABY;1920064;SANDALIA KIDY FLY BABY MARINHO/LARANJA NEON;294 
192;SANDALIA KIDY FLY BABY;1920064;SANDALIA KIDY FLY BABY MARINHO/VERMELHO;129 
192;SANDALIA KIDY FLY BABY;1920064;SANDALIA KIDY FLY BABY PRETO;141 
192;SANDALIA KIDY FLY BABY;1920064;SANDALIA KIDY FLY BABY PRETO/VERDE;84 
192;SANDALIA KIDY FLY BABY;1920065;SANDALIA KIDY FLY BABY MARINHO/AZUL;12 
192;SANDALIA KIDY FLY BABY;1920067;SANDALIA KIDY FLY BABY MARINHO/VERMELHO;258 
192;SANDALIA KIDY FLY BABY;1920067;SANDALIA KIDY FLY BABY PRETO/VERMELHO;66 
192;SANDALIA KIDY FLY BABY;1920068;SANDALIA KIDY FLY BABY AZUL ROYAL/MARINHO/LARANJA;171 
192;SANDALIA KIDY FLY BABY;1920068;SANDALIA KIDY FLY BABY MARINHO/VERDE;1.302 
192;SANDALIA KIDY FLY BABY;1920068;SANDALIA KIDY FLY BABY PRETO/VERMELHO;1.623 
192;SANDALIA KIDY FLY BABY;1920073;SANDALIA KIDY FLY BABY AZUL ROYAL/MARINHO/LARANJA;99 
192;SANDALIA KIDY FLY BABY;1920073;SANDALIA KIDY FLY BABY MARINHO/VERDE;1.263 
192;SANDALIA KIDY FLY BABY;1920073;SANDALIA KIDY FLY BABY PRETO/GELO/VERMELHO;707 
192;SANDALIA KIDY FLY BABY;1920075;SANDALIA KIDY FLY BABY GRAFITE/PRETO/AMARELO NEON;54 
192;SANDALIA KIDY FLY BABY;1920075;SANDALIA KIDY FLY BABY MARINHO/LARANJA NEON;182 
192;SANDALIA KIDY FLY BABY;1920075;SANDALIA KIDY FLY BABY MARINHO/VERDE;426 
192;SANDALIA KIDY FLY BABY;1920075;SANDALIA KIDY FLY BABY PRETO/VERDE MILITAR;174 
192;SANDALIA KIDY FLY BABY;1920075;SANDALIA KIDY FLY BABY PRETO/VERMELHO;36 
192;SANDALIA KIDY FLY BABY;1920076;SANDALIA KIDY FLY BABY GRAFITE/PRETO/LARANJA NEON;39 
192;SANDALIA KIDY FLY BABY;1920076;SANDALIA KIDY FLY BABY MARINHO/AZUL ROYAL;87 
192;SANDALIA KIDY FLY BABY;1920076;SANDALIA KIDY FLY BABY MARINHO/VERMELHO;90 
192;SANDALIA KIDY FLY BABY;1920076;SANDALIA KIDY FLY BABY PRETO/PRATA;204 
192;SANDALIA KIDY FLY BABY;1920077;SANDALIA KIDY FLY BABY GRAFITE/AMARELO;132 
192;SANDALIA KIDY FLY BABY;1920077;SANDALIA KIDY FLY BABY MARINHO/LARANJA;219 
192;SANDALIA KIDY FLY BABY;1920077;SANDALIA KIDY FLY BABY MARROM/VERDE PANTONE;1.530 
192;SANDALIA KIDY FLY BABY;1920077;SANDALIA KIDY FLY BABY PRETO/LARANJA;381 
192;SANDALIA KIDY FLY BABY;1920078;SANDALIA KIDY FLY BABY MARINHO/LARANJA;48 
192;SANDALIA KIDY FLY BABY;1920078;SANDALIA KIDY FLY BABY PRETO/CASTANHO/LARANJA;60 
192;SANDALIA KIDY FLY BABY;1920078;SANDALIA KIDY FLY BABY PRETO/PRATA;24 
192;SANDALIA KIDY FLY BABY;1920078;SANDALIA KIDY FLY BABY PRETO/VERMELHO;159 
192;SANDALIA KIDY FLY BABY;1920079;SANDALIA KIDY FLY BABY GRAFITE/PRETO/LARANJA;108 
192;SANDALIA KIDY FLY BABY;1920079;SANDALIA KIDY FLY BABY MARINHO/GRAFITE;24 
192;SANDALIA KIDY FLY BABY;1920079;SANDALIA KIDY FLY BABY MARINHO/VERMELHO;36 
192;SANDALIA KIDY FLY BABY;1920079;SANDALIA KIDY FLY BABY PRETO/AMARELO;30 
192;SANDALIA KIDY FLY BABY;1920080;SANDALIA KIDY FLY BABY AZUL/PRETO;24 
192;SANDALIA KIDY FLY BABY;1920080;SANDALIA KIDY FLY BABY GRAFITE/MARINHO;75 
192;SANDALIA KIDY FLY BABY;1920080;SANDALIA KIDY FLY BABY MARINHO/VERMELHO;165 
192;SANDALIA KIDY FLY BABY;1920080;SANDALIA KIDY FLY BABY PRETO/AZUL/VERDE;39 
192;SANDALIA KIDY FLY BABY;1920080;SANDALIA KIDY FLY BABY PRETO/LARANJA;114 
192;SANDALIA KIDY FLY BABY;1920081;SANDALIA KIDY FLY BABY MARINHO/GRAFITE/AMARELO NEON;153 
192;SANDALIA KIDY FLY BABY;1920081;SANDALIA KIDY FLY BABY MARINHO/LARANJA;33 
192;SANDALIA KIDY FLY BABY;1920081;SANDALIA KIDY FLY BABY MARROM/CARAMELO;102 
192;SANDALIA KIDY FLY BABY;1920081;SANDALIA KIDY FLY BABY MARROM/MARINHO;138 
192;SANDALIA KIDY FLY BABY;1920081;SANDALIA KIDY FLY BABY PRETO/AMARELO NEON;30 
192;SANDALIA KIDY FLY BABY;1920081;SANDALIA KIDY FLY BABY PRETO/GRAFITE/VERMELHO;48 
192;SANDALIA KIDY FLY BABY;1920084;SANDALIA KIDY FLY BABY CARAMELO;48 
192;SANDALIA KIDY FLY BABY;1920084;SANDALIA KIDY FLY BABY MARINHO;39 
192;SANDALIA KIDY FLY BABY;1920084;SANDALIA KIDY FLY BABY PRETO;204 
192;SANDALIA KIDY FLY BABY;1921049;SAN.KIDY FLY BABY BRANCO/ROSA;48 
192;SANDALIA KIDY FLY BABY;1921050;SAN.KIDY FLY BABY OURO;228 
192;SANDALIA KIDY FLY BABY;1921058;SANDALIA KIDY FLY BABY NUDE;60 
192;SANDALIA KIDY FLY BABY;1921059;SANDALIA KIDY FLY BABY NUDE;126 
192;SANDALIA KIDY FLY BABY;1921059;SANDALIA KIDY FLY BABY NUDE/BLUSH;803 
192;SANDALIA KIDY FLY BABY;1921059;SANDALIA KIDY FLY BABY OURO;90 
192;SANDALIA KIDY FLY BABY;1921059;SANDALIA KIDY FLY BABY PESSEGO;42 
192;SANDALIA KIDY FLY BABY;1921059;SANDALIA KIDY FLY BABY PINK;42 
192;SANDALIA KIDY FLY BABY;1921059;SANDALIA KIDY FLY BABY PRETO;87 
192;SANDALIA KIDY FLY BABY;1921060;SANDALIA KIDY FLY BABY BRANCO;96 
192;SANDALIA KIDY FLY BABY;1921061;SANDALIA KIDY FLY BABY OURO;216 
192;SANDALIA KIDY FLY BABY;1921061;SANDALIA KIDY FLY BABY ROSA;120 
192;SANDALIA KIDY FLY BABY;1921062;SAN.KIDY FLY BABY BRANCO;93 
192;SANDALIA KIDY FLY BABY;1921062;SAN.KIDY FLY BABY NUDE;210 
192;SANDALIA KIDY FLY BABY;1921062;SAN.KIDY FLY BABY OURO;39 
192;SANDALIA KIDY FLY BABY;1921064;SANDALIA KIDY FLY BABY BRANCO;189 
192;SANDALIA KIDY FLY BABY;1921064;SANDALIA KIDY FLY BABY LILAS;81 
192;SANDALIA KIDY FLY BABY;1921064;SANDALIA KIDY FLY BABY NUDE;174 
192;SANDALIA KIDY FLY BABY;1921064;SANDALIA KIDY FLY BABY PRETO;174 
192;SANDALIA KIDY FLY BABY;1921065;SANDALIA KIDY FLY BABY BRANCO;24 
192;SANDALIA KIDY FLY BABY;1921065;SANDALIA KIDY FLY BABY PRETO;24 
192;SANDALIA KIDY FLY BABY;1921069;SANDALIA KIDY FLY BABY BRANCO;111 
192;SANDALIA KIDY FLY BABY;1921069;SANDALIA KIDY FLY BABY MARFIM;1.101 
192;SANDALIA KIDY FLY BABY;1921069;SANDALIA KIDY FLY BABY OURO;366 
192;SANDALIA KIDY FLY BABY;1921069;SANDALIA KIDY FLY BABY PRETO;84 
192;SANDALIA KIDY FLY BABY;1921069;SANDALIA KIDY FLY BABY ROSA;1.713 
192;SANDALIA KIDY FLY BABY;1921070;SANDALIA KIDY FLY BABY BRANCO;168 
192;SANDALIA KIDY FLY BABY;1921070;SANDALIA KIDY FLY BABY MARFIM;1.319 
192;SANDALIA KIDY FLY BABY;1921070;SANDALIA KIDY FLY BABY NUDE;1.596 
192;SANDALIA KIDY FLY BABY;1921070;SANDALIA KIDY FLY BABY OURO;2.202 
192;SANDALIA KIDY FLY BABY;1921070;SANDALIA KIDY FLY BABY OURO/MARFIM;201 
192;SANDALIA KIDY FLY BABY;1921070;SANDALIA KIDY FLY BABY PRATA;30 
192;SANDALIA KIDY FLY BABY;1921070;SANDALIA KIDY FLY BABY PRETO;123 
192;SANDALIA KIDY FLY BABY;1921070;SANDALIA KIDY FLY BABY ROSA;24 
192;SANDALIA KIDY FLY BABY;1921073;SANDALIA KIDY FLY BABY BRANCO;447 
192;SANDALIA KIDY FLY BABY;1921073;SANDALIA KIDY FLY BABY MARINHO;429 
192;SANDALIA KIDY FLY BABY;1921073;SANDALIA KIDY FLY BABY NUDE;2.126 
192;SANDALIA KIDY FLY BABY;1921073;SANDALIA KIDY FLY BABY PRETO;195 
192;SANDALIA KIDY FLY BABY;1921074;SANDALIA KIDY FLY BABY BRANCO;18 
192;SANDALIA KIDY FLY BABY;1921074;SANDALIA KIDY FLY BABY LILAS;57 
192;SANDALIA KIDY FLY BABY;1921074;SANDALIA KIDY FLY BABY NUDE;111 
192;SANDALIA KIDY FLY BABY;1921074;SANDALIA KIDY FLY BABY PINK;18 
192;SANDALIA KIDY FLY BABY;1921076;SANDALIA KIDY FLY BABY BRANCO;9 
192;SANDALIA KIDY FLY BABY;1921076;SANDALIA KIDY FLY BABY LILAS;18 
192;SANDALIA KIDY FLY BABY;1921076;SANDALIA KIDY FLY BABY MARFIM;90 
192;SANDALIA KIDY FLY BABY;1921076;SANDALIA KIDY FLY BABY OURO;21 
192;SANDALIA KIDY FLY BABY;1921076;SANDALIA KIDY FLY BABY ROSA;231 
192;SANDALIA KIDY FLY BABY;1921077;SANDALIA KIDY FLY BABY BRANCO;33 
192;SANDALIA KIDY FLY BABY;1921077;SANDALIA KIDY FLY BABY LILAS;75 
192;SANDALIA KIDY FLY BABY;1921077;SANDALIA KIDY FLY BABY MARFIM;18 
192;SANDALIA KIDY FLY BABY;1921077;SANDALIA KIDY FLY BABY NUDE;102 
192;SANDALIA KIDY FLY BABY;1921077;SANDALIA KIDY FLY BABY OURO;60 
192;SANDALIA KIDY FLY BABY;1921078;SANDALIA KIDY FLY BABY BRANCO;12 
192;SANDALIA KIDY FLY BABY;1921078;SANDALIA KIDY FLY BABY MARFIM;468 
192;SANDALIA KIDY FLY BABY;1921078;SANDALIA KIDY FLY BABY NUDE;132 
192;SANDALIA KIDY FLY BABY;1921078;SANDALIA KIDY FLY BABY PRETO;30 
192;SANDALIA KIDY FLY BABY;1921079;SANDALIA KIDY FLY BABY BRANCO;1.044 
192;SANDALIA KIDY FLY BABY;1921079;SANDALIA KIDY FLY BABY LILAS;54 
192;SANDALIA KIDY FLY BABY;1921079;SANDALIA KIDY FLY BABY MARFIM;396 
192;SANDALIA KIDY FLY BABY;1921079;SANDALIA KIDY FLY BABY PRETO;36 
192;SANDALIA KIDY FLY BABY;1921079;SANDALIA KIDY FLY BABY ROSA;732 
192;SANDALIA KIDY FLY BABY;1921080;SANDALIA KIDY FLY BABY LILAS;63 
192;SANDALIA KIDY FLY BABY;1921080;SANDALIA KIDY FLY BABY MARFIM;207 
192;SANDALIA KIDY FLY BABY;1921080;SANDALIA KIDY FLY BABY NUDE;144 
192;SANDALIA KIDY FLY BABY;1921080;SANDALIA KIDY FLY BABY OURO;48 
313;TÊNIS KIDY HAPPY;3130017;TÊNIS KIDY HAPPY PINK NEON;12 
313;TÊNIS KIDY HAPPY;3130020;TÊNIS KIDY HAPPY ROSA/BRANCO;12 
313;TÊNIS KIDY HAPPY;3130025;TÊNIS KIDY HAPPY BRANCO;21 
313;TÊNIS KIDY HAPPY;3130025;TÊNIS KIDY HAPPY OURO;12 
313;TÊNIS KIDY HAPPY;3130030;TÊNIS KIDY HAPPY OURO;48 
313;TÊNIS KIDY HAPPY;3130032;TÊNIS KIDY HAPPY BEGE/OURO;237 
313;TÊNIS KIDY HAPPY;3130032;TÊNIS KIDY HAPPY BRANCO;285 
313;TÊNIS KIDY HAPPY;3130032;TÊNIS KIDY HAPPY LILAS/BRANCO;363 
313;TÊNIS KIDY HAPPY;3130032;TÊNIS KIDY HAPPY NUDE;369 
313;TÊNIS KIDY HAPPY;3130032;TÊNIS KIDY HAPPY PRETO/BRANCO;21 
313;TÊNIS KIDY HAPPY;3130032;TÊNIS KIDY HAPPY ROSA;24 
313;TÊNIS KIDY HAPPY;3130034;TÊNIS KIDY HAPPY BEGE/OURO;6 
313;TÊNIS KIDY HAPPY;3130034;TÊNIS KIDY HAPPY BRANCO;15 
313;TÊNIS KIDY HAPPY;3130035;TÊNIS KIDY HAPPY BEGE/OURO;609 
313;TÊNIS KIDY HAPPY;3130035;TÊNIS KIDY HAPPY BRANCO/COLORIDO;6.268 
313;TÊNIS KIDY HAPPY;3130035;TÊNIS KIDY HAPPY NUDE;1.662 
313;TÊNIS KIDY HAPPY;3130036;TÊNIS KIDY HAPPY BRANCO/NUDE;267 
313;TÊNIS KIDY HAPPY;3130036;TÊNIS KIDY HAPPY NUDE;141 
313;TÊNIS KIDY HAPPY;3130036;TÊNIS KIDY HAPPY OURO;696 
313;TÊNIS KIDY HAPPY;3130037;TÊNIS KIDY HAPPY JEANS/PRATA;27 
313;TÊNIS KIDY HAPPY;3130037;TÊNIS KIDY HAPPY NUDE;3.198 
313;TÊNIS KIDY HAPPY;3130037;TÊNIS KIDY HAPPY OURO;231 
313;TÊNIS KIDY HAPPY;3130037;TÊNIS KIDY HAPPY PRETO;630 
313;TÊNIS KIDY HAPPY;3130038;TÊNIS KIDY HAPPY BRANCO/OURO;336 
313;TÊNIS KIDY HAPPY;3130038;TÊNIS KIDY HAPPY BRANCO/PRATA;36 
313;TÊNIS KIDY HAPPY;3130038;TÊNIS KIDY HAPPY MARFIM/DOURADO;198 
313;TÊNIS KIDY HAPPY;3130038;TÊNIS KIDY HAPPY NUDE;129 
313;TÊNIS KIDY HAPPY;3130038;TÊNIS KIDY HAPPY PRETO/PINK;231 
313;TÊNIS KIDY HAPPY;3130040;TÊNIS KIDY HAPPY BRANCO/PINK;72 
313;TÊNIS KIDY HAPPY;3130040;TÊNIS KIDY HAPPY MARFIM/OURO;276 
313;TÊNIS KIDY HAPPY;3130040;TÊNIS KIDY HAPPY NUDE;237 
313;TÊNIS KIDY HAPPY;3130040;TÊNIS KIDY HAPPY PRETO/PINK;1.671 
313;TÊNIS KIDY HAPPY;3130041;TÊNIS KIDY HAPPY BRANCO/PRATA;348 
313;TÊNIS KIDY HAPPY;3130041;TÊNIS KIDY HAPPY MARFIM/OURO;1.384 
313;TÊNIS KIDY HAPPY;3130041;TÊNIS KIDY HAPPY NUDE;3.166 
313;TÊNIS KIDY HAPPY;3130041;TÊNIS KIDY HAPPY OURO;510 
313;TÊNIS KIDY HAPPY;3130041;TÊNIS KIDY HAPPY PRATA;123 
313;TÊNIS KIDY HAPPY;3130042;TÊNIS KIDY HAPPY BRANCO/OURO;1.426 
313;TÊNIS KIDY HAPPY;3130042;TÊNIS KIDY HAPPY NUDE;1.041 
313;TÊNIS KIDY HAPPY;3130042;TÊNIS KIDY HAPPY PRETO/PINK;1.171 
313;TÊNIS KIDY HAPPY;3130043;TÊNIS KIDY HAPPY PRETO/ONÇA;338 
313;TÊNIS KIDY HAPPY;3130044;TÊNIS KIDY HAPPY JEANS/NUDE;120 
313;TÊNIS KIDY HAPPY;3130044;TÊNIS KIDY HAPPY PRATA/AZUL JEANS;392 
313;TÊNIS KIDY HAPPY;3130045;TÊNIS KIDY HAPPY ANIS/NUDE;69 
313;TÊNIS KIDY HAPPY;3130045;TÊNIS KIDY HAPPY BRANCO/NUDE;501 
313;TÊNIS KIDY HAPPY;3130045;TÊNIS KIDY HAPPY LILAS/NUDE;45 
313;TÊNIS KIDY HAPPY;3130045;TÊNIS KIDY HAPPY NUDE/GLITER;1.974 
313;TÊNIS KIDY HAPPY;3130046;TÊNIS KIDY HAPPY BRANCO/NUDE;36 
313;TÊNIS KIDY HAPPY;3130046;TÊNIS KIDY HAPPY MARFIM;243 
313;TÊNIS KIDY HAPPY;3130046;TÊNIS KIDY HAPPY ROSA;63 
313;TÊNIS KIDY HAPPY;3130047;TÊNIS KIDY HAPPY ANIS;12 
313;TÊNIS KIDY HAPPY;3130047;TÊNIS KIDY HAPPY BRANCO;60 
313;TÊNIS KIDY HAPPY;3130047;TÊNIS KIDY HAPPY MARFIM;48 
313;TÊNIS KIDY HAPPY;3130047;TÊNIS KIDY HAPPY NUDE;123 
313;TÊNIS KIDY HAPPY;3130048;TÊNIS KIDY HAPPY BRANCO/PRATA;531 
313;TÊNIS KIDY HAPPY;3130048;TÊNIS KIDY HAPPY MARFIM/OURO;132 
313;TÊNIS KIDY HAPPY;3130048;TÊNIS KIDY HAPPY ROSA;36 
313;TÊNIS KIDY HAPPY;3130049;TÊNIS KIDY HAPPY BRANCO/COLORIDO;12 
313;TÊNIS KIDY HAPPY;3130049;TÊNIS KIDY HAPPY BRANCO/NUDE;93 
313;TÊNIS KIDY HAPPY;3130049;TÊNIS KIDY HAPPY MARFIM/OURO;18 
313;TÊNIS KIDY HAPPY;3130049;TÊNIS KIDY HAPPY NUDE;18 
313;TÊNIS KIDY HAPPY;3131007;TÊNIS KIDY HAPPY BRANCO/COLORIDO;12 
313;TÊNIS KIDY HAPPY;3131007;TÊNIS KIDY HAPPY MARINHO/BRANCO;12 
313;TÊNIS KIDY HAPPY;3131010;TÊNIS KIDY HAPPY JEANS;12 
313;TÊNIS KIDY HAPPY;3131027;TÊNIS KIDY HAPPY BRANCO/TAUPE;30 
313;TÊNIS KIDY HAPPY;3131027;TÊNIS KIDY HAPPY PRETO/BRANCO;12 
313;TÊNIS KIDY HAPPY;3131028;TÊNIS KIDY HAPPY BRANCO/VERDE;12 
313;TÊNIS KIDY HAPPY;3131028;TÊNIS KIDY HAPPY MARINHO;87 
313;TÊNIS KIDY HAPPY;3131028;TÊNIS KIDY HAPPY NATURAL;6 
313;TÊNIS KIDY HAPPY;3131029;TÊNIS KIDY HAPPY CINZA/MARINHO;183 
313;TÊNIS KIDY HAPPY;3131029;TÊNIS KIDY HAPPY PRETO;120 
313;TÊNIS KIDY HAPPY;3131031;TÊNIS KIDY HAPPY MARINHO;120 
313;TÊNIS KIDY HAPPY;3131032;TÊNIS KIDY HAPPY BRANCO/AZUL ROYAL;165 
313;TÊNIS KIDY HAPPY;3131032;TÊNIS KIDY HAPPY MARINHO;776 
313;TÊNIS KIDY HAPPY;3131032;TÊNIS KIDY HAPPY PRETO;603 
313;TÊNIS KIDY HAPPY;3131033;TÊNIS KIDY HAPPY AZUL/MARINHO/BRANCO;24 
313;TÊNIS KIDY HAPPY;3131033;TÊNIS KIDY HAPPY BRANCO/CINZA/MARINHO;24 
313;TÊNIS KIDY HAPPY;3131033;TÊNIS KIDY HAPPY BRANCO/MARINHO/VERMELHO;18 
313;TÊNIS KIDY HAPPY;3131033;TÊNIS KIDY HAPPY BRANCO/ROYAL;410 
313;TÊNIS KIDY HAPPY;3131033;TÊNIS KIDY HAPPY MARINHO;1.632 
313;TÊNIS KIDY HAPPY;3131033;TÊNIS KIDY HAPPY MARINHO/BRANCO;30 
313;TÊNIS KIDY HAPPY;3131033;TÊNIS KIDY HAPPY MARROM/PRETO/BEGE;33 
313;TÊNIS KIDY HAPPY;3131033;TÊNIS KIDY HAPPY PRETO/BRANCO;6.061 
313;TÊNIS KIDY HAPPY;3131033;TÊNIS KIDY HAPPY PRETO/TAUPE;87 
313;TÊNIS KIDY HAPPY;3131034;TÊNIS KIDY HAPPY BRANCO/MARINHO/VERDE;723 
313;TÊNIS KIDY HAPPY;3131034;TÊNIS KIDY HAPPY GRAFITE/CINZA/AZUL ROYAL;228 
313;TÊNIS KIDY HAPPY;3131034;TÊNIS KIDY HAPPY MARINHO;402 
313;TÊNIS KIDY HAPPY;3131034;TÊNIS KIDY HAPPY PRETO;294 
313;TÊNIS KIDY HAPPY;3131034;TÊNIS KIDY HAPPY VERDE MILITAR/BEGE;897 
313;TÊNIS KIDY HAPPY;3131035;TÊNIS KIDY HAPPY AZUL ROYAL;6 
313;TÊNIS KIDY HAPPY;3131035;TÊNIS KIDY HAPPY BRANCO/MARINHO/VERDE;129 
313;TÊNIS KIDY HAPPY;3131035;TÊNIS KIDY HAPPY MARINHO;2.421 
313;TÊNIS KIDY HAPPY;3131035;TÊNIS KIDY HAPPY NATURAL;174 
313;TÊNIS KIDY HAPPY;3131035;TÊNIS KIDY HAPPY PRETO;2.265 
313;TÊNIS KIDY HAPPY;3131036;TÊNIS KIDY HAPPY AZUL ROYAL/BRANCO;6 
313;TÊNIS KIDY HAPPY;3131036;TÊNIS KIDY HAPPY BRANCO/MARINHO;218 
313;TÊNIS KIDY HAPPY;3131036;TÊNIS KIDY HAPPY MARINHO;342 
313;TÊNIS KIDY HAPPY;3131036;TÊNIS KIDY HAPPY NATURAL/VERDE MILITAR;1.020 
313;TÊNIS KIDY HAPPY;3131036;TÊNIS KIDY HAPPY PRETO/GRAFITE;2.602 
313;TÊNIS KIDY HAPPY;3131037;TÊNIS KIDY HAPPY CINZA/MARINHO/VERMELHO;1.215 
313;TÊNIS KIDY HAPPY;3131037;TÊNIS KIDY HAPPY GRAFITE/PRETO/CAMEL;39 
313;TÊNIS KIDY HAPPY;3131037;TÊNIS KIDY HAPPY MARINHO/CARAMELO;513 
313;TÊNIS KIDY HAPPY;3131037;TÊNIS KIDY HAPPY PRETO/BRANCO/VERMELHO;449 
313;TÊNIS KIDY HAPPY;3131038;TÊNIS KIDY HAPPY CANELA;599 
313;TÊNIS KIDY HAPPY;3131038;TÊNIS KIDY HAPPY CARAMELO;832 
313;TÊNIS KIDY HAPPY;3131038;TÊNIS KIDY HAPPY MARINHO/GRAFITE;18 
313;TÊNIS KIDY HAPPY;3131038;TÊNIS KIDY HAPPY NATURAL/VERDE MILITAR;1.446 
313;TÊNIS KIDY HAPPY;3131038;TÊNIS KIDY HAPPY PRETO/CARAMELO;408 
313;TÊNIS KIDY HAPPY;3131039;TÊNIS KIDY HAPPY CANELA;126 
313;TÊNIS KIDY HAPPY;3131039;TÊNIS KIDY HAPPY CARAMELO;4.058 
313;TÊNIS KIDY HAPPY;3131039;TÊNIS KIDY HAPPY MARINHO/CINZA;150 
313;TÊNIS KIDY HAPPY;3131039;TÊNIS KIDY HAPPY NATURAL/CARAMELO;2.329 
313;TÊNIS KIDY HAPPY;3131039;TÊNIS KIDY HAPPY PRETO/CARAMELO;273 
313;TÊNIS KIDY HAPPY;3131040;TÊNIS KIDY HAPPY BEGE/PRETO;2.248 
313;TÊNIS KIDY HAPPY;3131040;TÊNIS KIDY HAPPY CINZA/AZUL ROYAL;83 
313;TÊNIS KIDY HAPPY;3131040;TÊNIS KIDY HAPPY MARINHO/BRANCO;473 
313;TÊNIS KIDY HAPPY;3131040;TÊNIS KIDY HAPPY PRETO/CARAMELO;645 
313;TÊNIS KIDY HAPPY;3131041;TÊNIS KIDY HAPPY GRAFITE/MARINHO;1.945 
313;TÊNIS KIDY HAPPY;3131041;TÊNIS KIDY HAPPY MARINHO;642 
313;TÊNIS KIDY HAPPY;3131041;TÊNIS KIDY HAPPY PRETO;828 
313;TÊNIS KIDY HAPPY;3131042;TÊNIS KIDY HAPPY CANELA;39 
313;TÊNIS KIDY HAPPY;3131042;TÊNIS KIDY HAPPY CARAMELO;987 
313;TÊNIS KIDY HAPPY;3131042;TÊNIS KIDY HAPPY MARINHO;33 
313;TÊNIS KIDY HAPPY;3131042;TÊNIS KIDY HAPPY NATURAL;243 
313;TÊNIS KIDY HAPPY;3131042;TÊNIS KIDY HAPPY PRETO;45 
313;TÊNIS KIDY HAPPY;3131043;TÊNIS KIDY HAPPY BRANCO/CINZA/MARINHO;69 
313;TÊNIS KIDY HAPPY;3131043;TÊNIS KIDY HAPPY MARINHO/AZUL ROYAL;12 
313;TÊNIS KIDY HAPPY;3131043;TÊNIS KIDY HAPPY PRETO/BRANCO;45 
313;TÊNIS KIDY HAPPY;3131043;TÊNIS KIDY HAPPY TAUPE/CARAMELO;342 
313;TÊNIS KIDY HAPPY;3131044;TÊNIS KIDY HAPPY MARINHO/BRANCO;12 
313;TÊNIS KIDY HAPPY;3131044;TÊNIS KIDY HAPPY NATURAL/MARINHO;84 
313;TÊNIS KIDY HAPPY;3131044;TÊNIS KIDY HAPPY PRETO/BRANCO;36 
313;TÊNIS KIDY HAPPY;3131044;TÊNIS KIDY HAPPY TAUPE/CARAMELO;6 
313;TÊNIS KIDY HAPPY;3131045;TÊNIS KIDY HAPPY BRANCO/CINZA/MARINHO;24 
313;TÊNIS KIDY HAPPY;3131045;TÊNIS KIDY HAPPY MARINHO/AZUL ROYAL;321 
313;TÊNIS KIDY HAPPY;3131045;TÊNIS KIDY HAPPY PRETO/BRANCO;288 
313;TÊNIS KIDY HAPPY;3131045;TÊNIS KIDY HAPPY TAUPE/MARINHO;453 
319;TÊNIS K360 RODINHA;3190001;TÊNIS RODINHA PRETO/LARANJA NEON;12 
319;TÊNIS K360 RODINHA;3190006;TÊNIS RODINHA PRETO/LARANJA NEON;12 
319;TÊNIS K360 RODINHA;3190008;TÊNIS RODINHA PRETO/BRANCO;12 
327;TÊNIS K-360 SUPER LEVE;3270006;TENIS K-360 SUPER LEVE AZUL/LARANJA;12 
327;TÊNIS K-360 SUPER LEVE;3270007;TENIS K-360 SUPER LEVE MARINHO/VERMELHO;12 
327;TÊNIS K-360 SUPER LEVE;3270008;TENIS K-360 SUPER LEVE MARINHO/VERMELHO;12 
327;TÊNIS K-360 SUPER LEVE;3270008;TENIS K-360 SUPER LEVE PRETO/GRAFITE/AMARELO NEON;48 
327;TÊNIS K-360 SUPER LEVE;3270010;TENIS K-360 SUPER LEVE MARINHO/VERDE;24 
327;TÊNIS K-360 SUPER LEVE;3270010;TENIS K-360 SUPER LEVE PRETO/AMARELO NEW;21 
327;TÊNIS K-360 SUPER LEVE;3270014;TENIS K-360 SUPER LEVE AZUL/MARINHO;282 
327;TÊNIS K-360 SUPER LEVE;3270014;TENIS K-360 SUPER LEVE BRANCO/VERMELHO/PRETO;24 
327;TÊNIS K-360 SUPER LEVE;3270014;TENIS K-360 SUPER LEVE GRAFITE/VERMELHO;714 
327;TÊNIS K-360 SUPER LEVE;3270014;TENIS K-360 SUPER LEVE MARINHO;1.819 
327;TÊNIS K-360 SUPER LEVE;3270014;TENIS K-360 SUPER LEVE MARINHO/PRATA;261 
327;TÊNIS K-360 SUPER LEVE;3270014;TENIS K-360 SUPER LEVE PRETO;5.085 
327;TÊNIS K-360 SUPER LEVE;3270014;TENIS K-360 SUPER LEVE PRETO/DOURADO;117 
327;TÊNIS K-360 SUPER LEVE;3270014;TENIS K-360 SUPER LEVE PRETO/VERMELHO;2.154 
327;TÊNIS K-360 SUPER LEVE;3270019;TENIS K-360 SUPER LEVE AMARELO NEON/PRETO;27 
327;TÊNIS K-360 SUPER LEVE;3270019;TENIS K-360 SUPER LEVE CINZA/PRETO/PRATA;165 
327;TÊNIS K-360 SUPER LEVE;3270019;TENIS K-360 SUPER LEVE CORAL/PRETO;18 
327;TÊNIS K-360 SUPER LEVE;3270019;TENIS K-360 SUPER LEVE GRAFITE/LARANJA NEON;121 
327;TÊNIS K-360 SUPER LEVE;3270019;TENIS K-360 SUPER LEVE MARINHO/AZUL ROYAL;2.883 
327;TÊNIS K-360 SUPER LEVE;3270019;TENIS K-360 SUPER LEVE PRETO/DOURADO;213 
327;TÊNIS K-360 SUPER LEVE;3270019;TENIS K-360 SUPER LEVE PRETO/VERMELHO;1.008 
327;TÊNIS K-360 SUPER LEVE;3270020;TENIS K-360 SUPER LEVE CINZA/PRETO;78 
327;TÊNIS K-360 SUPER LEVE;3270020;TENIS K-360 SUPER LEVE GRAFITE/PRETO/LARANJA NEON;51 
327;TÊNIS K-360 SUPER LEVE;3270020;TENIS K-360 SUPER LEVE MARINHO/AMARELO NEON;183 
327;TÊNIS K-360 SUPER LEVE;3270020;TENIS K-360 SUPER LEVE MARINHO/GRAFITE/AMARELO;18 
327;TÊNIS K-360 SUPER LEVE;3270020;TENIS K-360 SUPER LEVE PRETO/DOURADO;1.225 
327;TÊNIS K-360 SUPER LEVE;3270020;TENIS K-360 SUPER LEVE PRETO/VERMELHO;1.038 
327;TÊNIS K-360 SUPER LEVE;3270021;TENIS K-360 SUPER LEVE GRAFITE/PRETO/VERMELHO;12 
327;TÊNIS K-360 SUPER LEVE;3270021;TENIS K-360 SUPER LEVE MARINHO/GRAFITE;42 
327;TÊNIS K-360 SUPER LEVE;3270021;TENIS K-360 SUPER LEVE MARINHO/VERMELHO;6 
327;TÊNIS K-360 SUPER LEVE;3270021;TENIS K-360 SUPER LEVE PRETO/GRAFITE/AMARELO NEON;93 
327;TÊNIS K-360 SUPER LEVE;3270021;TENIS K-360 SUPER LEVE PRETO/LARANJA;54 
327;TÊNIS K-360 SUPER LEVE;3270022;TENIS K-360 SUPER LEVE AZUL/VERMELHO;18 
327;TÊNIS K-360 SUPER LEVE;3270022;TENIS K-360 SUPER LEVE MARINHO/GRAFITE;117 
327;TÊNIS K-360 SUPER LEVE;3270022;TENIS K-360 SUPER LEVE MARINHO/OURO;66 
327;TÊNIS K-360 SUPER LEVE;3270022;TENIS K-360 SUPER LEVE PRETO/BRONZE;69 
327;TÊNIS K-360 SUPER LEVE;3270022;TENIS K-360 SUPER LEVE PRETO/GRAFITE/VERMELHO;153 
327;TÊNIS K-360 SUPER LEVE;3270023;TENIS K-360 SUPER LEVE CINZA/MARINHO;42 
327;TÊNIS K-360 SUPER LEVE;3270023;TENIS K-360 SUPER LEVE GRAFITE/PRETO/LARANJA NEON;99 
327;TÊNIS K-360 SUPER LEVE;3270023;TENIS K-360 SUPER LEVE MARINHO/DOURADO;321 
327;TÊNIS K-360 SUPER LEVE;3270023;TENIS K-360 SUPER LEVE PRETO/BRONZE;165 
327;TÊNIS K-360 SUPER LEVE;3270023;TENIS K-360 SUPER LEVE PRETO/PRATA;273 
327;TÊNIS K-360 SUPER LEVE;3271006;TENIS K-360 SUPER LEVE MARINHO/ROSA/VERDE ACQUA;12 
327;TÊNIS K-360 SUPER LEVE;3271006;TENIS K-360 SUPER LEVE PRETO/PÊSSEGO;12 
327;TÊNIS K-360 SUPER LEVE;3271008;TENIS K-360 SUPER LEVE PRETO/ROSÊ;24 
327;TÊNIS K-360 SUPER LEVE;3271010;TENIS K-360 SUPER LEVE MARINHO/PINK NEON;24 
327;TÊNIS K-360 SUPER LEVE;3271010;TENIS K-360 SUPER LEVE PRETO/PINK/AMARELO;12 
327;TÊNIS K-360 SUPER LEVE;3271014;TENIS K-360 SUPER LEVE CINZA/AZUL/VERDE;351 
327;TÊNIS K-360 SUPER LEVE;3271014;TENIS K-360 SUPER LEVE GRAFITE/ROSA;2.771 
327;TÊNIS K-360 SUPER LEVE;3271014;TENIS K-360 SUPER LEVE MARFIM/DOURADO;618 
327;TÊNIS K-360 SUPER LEVE;3271014;TENIS K-360 SUPER LEVE MARINHO/PINK;2.646 
327;TÊNIS K-360 SUPER LEVE;3271014;TENIS K-360 SUPER LEVE PRETO/VERDE AGUA;852 
327;TÊNIS K-360 SUPER LEVE;3271019;TENIS K-360 SUPER LEVE GRAFITE/ROSA;1.476 
327;TÊNIS K-360 SUPER LEVE;3271019;TENIS K-360 SUPER LEVE MARFIM/DOURADO;189 
327;TÊNIS K-360 SUPER LEVE;3271019;TENIS K-360 SUPER LEVE MARINHO/PINK/ACQUA;45 
327;TÊNIS K-360 SUPER LEVE;3271019;TENIS K-360 SUPER LEVE NUDE/BRONZE;927 
327;TÊNIS K-360 SUPER LEVE;3271019;TENIS K-360 SUPER LEVE PRETO/ROSA CHICLETE;1.490 
327;TÊNIS K-360 SUPER LEVE;3271019;TENIS K-360 SUPER LEVE PRETO/VERDE AGUA;255 
327;TÊNIS K-360 SUPER LEVE;3271020;TENIS K-360 SUPER LEVE GRAFITE/PRETO/PINK;156 
327;TÊNIS K-360 SUPER LEVE;3271020;TENIS K-360 SUPER LEVE MARINHO/LILAS;923 
327;TÊNIS K-360 SUPER LEVE;3271020;TENIS K-360 SUPER LEVE NUDE/BRONZE;21 
327;TÊNIS K-360 SUPER LEVE;3271020;TENIS K-360 SUPER LEVE PRETO/ROSA CHICLETE;183 
327;TÊNIS K-360 SUPER LEVE;3271021;TENIS K-360 SUPER LEVE AZALEIA/ROSA;6 
327;TÊNIS K-360 SUPER LEVE;3271021;TENIS K-360 SUPER LEVE MARINHO/AZUL JEANS;78 
327;TÊNIS K-360 SUPER LEVE;3271021;TENIS K-360 SUPER LEVE PRETO/LILAS;24 
327;TÊNIS K-360 SUPER LEVE;3271021;TENIS K-360 SUPER LEVE PRETO/ROSA;54 
327;TÊNIS K-360 SUPER LEVE;3271022;TENIS K-360 SUPER LEVE BLUSH/OURO;45 
327;TÊNIS K-360 SUPER LEVE;3271022;TENIS K-360 SUPER LEVE GRAFITE/PINK/PRETO;84 
327;TÊNIS K-360 SUPER LEVE;3271022;TENIS K-360 SUPER LEVE MARINHO/MAGENTA;6 
327;TÊNIS K-360 SUPER LEVE;3271022;TENIS K-360 SUPER LEVE PRETO/ROSA;63 
327;TÊNIS K-360 SUPER LEVE;3271022;TENIS K-360 SUPER LEVE PRETO/ROSA CHICLETE;78 
327;TÊNIS K-360 SUPER LEVE;3271023;TENIS K-360 SUPER LEVE GRAFITE/ROSA;57 
327;TÊNIS K-360 SUPER LEVE;3271023;TENIS K-360 SUPER LEVE MARFIM/BRONZE;324 
327;TÊNIS K-360 SUPER LEVE;3271023;TENIS K-360 SUPER LEVE MARINHO/PINK/ACQUA;60 
327;TÊNIS K-360 SUPER LEVE;3271023;TENIS K-360 SUPER LEVE PRETO/ROSA;291 
329;TENIS KIDY ASTRAL;3290001;TÊNIS KIDY ASTRAL ROSA;12 
329;TENIS KIDY ASTRAL;3290004;TENIS KIDY ASTRAL BRANCO/LILAS;18 
329;TENIS KIDY ASTRAL;3290004;TÊNIS KIDY ASTRAL PRATA/PINK;96 
329;TENIS KIDY ASTRAL;3290004;TÊNIS KIDY ASTRAL PRETO/BRANCO/PINK;48 
329;TENIS KIDY ASTRAL;3290004;TÊNIS KIDY ASTRAL PRETO/ROSA;204 
329;TENIS KIDY ASTRAL;3290006;TÊNIS KIDY ASTRAL OURO;126 
329;TENIS KIDY ASTRAL;3290016;TÊNIS KIDY ASTRAL BRANCO/LILAS;6 
329;TENIS KIDY ASTRAL;3290016;TÊNIS KIDY ASTRAL BRANCO/PRATA;33 
329;TENIS KIDY ASTRAL;3290016;TÊNIS KIDY ASTRAL MARFIM/OURO;510 
329;TENIS KIDY ASTRAL;3290016;TÊNIS KIDY ASTRAL NUDE;297 
329;TENIS KIDY ASTRAL;3290017;TÊNIS KIDY ASTRAL PRATA;24 
329;TENIS KIDY ASTRAL;3290017;TÊNIS KIDY ASTRAL PRETO/PINK;420 
329;TENIS KIDY ASTRAL;3290020;TÊNIS KIDY ASTRAL PRETO;12 
329;TENIS KIDY ASTRAL;3290024;TÊNIS KIDY ASTRAL BEGE/OURO;9 
329;TENIS KIDY ASTRAL;3290024;TÊNIS KIDY ASTRAL BRANCO;15 
329;TENIS KIDY ASTRAL;3290025;TÊNIS KIDY ASTRAL PRETO/ROSA;6 
329;TENIS KIDY ASTRAL;3290027;TÊNIS KIDY ASTRAL JEANS/BRANCO;54 
329;TENIS KIDY ASTRAL;3290027;TÊNIS KIDY ASTRAL NUDE;1.471 
329;TENIS KIDY ASTRAL;3290027;TÊNIS KIDY ASTRAL OURO;138 
329;TENIS KIDY ASTRAL;3290029;TÊNIS KIDY ASTRAL JEANS/PRATA;30 
329;TENIS KIDY ASTRAL;3290029;TÊNIS KIDY ASTRAL NUDE;432 
329;TENIS KIDY ASTRAL;3290029;TÊNIS KIDY ASTRAL OURO/MARFIM;2.497 
329;TENIS KIDY ASTRAL;3290029;TÊNIS KIDY ASTRAL PRETO/PINK;1.063 
329;TENIS KIDY ASTRAL;3290030;TÊNIS KIDY ASTRAL NUDE;390 
329;TENIS KIDY ASTRAL;3290030;TÊNIS KIDY ASTRAL PINK;45 
329;TENIS KIDY ASTRAL;3290030;TÊNIS KIDY ASTRAL ROSA;1.122 
329;TENIS KIDY ASTRAL;3290031;TÊNIS KIDY ASTRAL PRETO/ONÇA;63 
329;TENIS KIDY ASTRAL;3290032;TÊNIS KIDY ASTRAL AZUL JEANS/BRANCO;45 
329;TENIS KIDY ASTRAL;3290032;TÊNIS KIDY ASTRAL JEANS/NUDE;105 
329;TENIS KIDY ASTRAL;3290032;TÊNIS KIDY ASTRAL JEANS/PRETO;51 
329;TENIS KIDY ASTRAL;3290032;TÊNIS KIDY ASTRAL PRATA/AZUL JEANS;123 
329;TENIS KIDY ASTRAL;3290033;TÊNIS KIDY ASTRAL BRANCO/OURO;162 
329;TENIS KIDY ASTRAL;3290033;TÊNIS KIDY ASTRAL MARFIM/OURO;9 
329;TENIS KIDY ASTRAL;3290033;TÊNIS KIDY ASTRAL NUDE;72 
329;TENIS KIDY ASTRAL;3290033;TÊNIS KIDY ASTRAL PRETO;36 
329;TENIS KIDY ASTRAL;3290034;TÊNIS KIDY ASTRAL NUDE;60 
329;TENIS KIDY ASTRAL;3290034;TÊNIS KIDY ASTRAL OURO;57 
329;TENIS KIDY ASTRAL;3290034;TÊNIS KIDY ASTRAL PRATA;108 
329;TENIS KIDY ASTRAL;3290034;TÊNIS KIDY ASTRAL PRETO;30 
329;TENIS KIDY ASTRAL;3291004;TÊNIS KIDY ASTRAL BRANCO/MARINHO;66 
329;TENIS KIDY ASTRAL;3291004;TÊNIS KIDY ASTRAL BRANCO/PRETO/LARANJA;579 
329;TENIS KIDY ASTRAL;3291004;TÊNIS KIDY ASTRAL MARINHO/CARAMELO;207 
329;TENIS KIDY ASTRAL;3291004;TÊNIS KIDY ASTRAL NATURAL/BRANCO/VERDE;167 
329;TENIS KIDY ASTRAL;3291004;TÊNIS KIDY ASTRAL PRETO/VERMELHO;102 
329;TENIS KIDY ASTRAL;3291005;TÊNIS KIDY ASTRAL NATURAL/BRANCO/VERDE;12 
329;TENIS KIDY ASTRAL;3291006;TÊNIS KIDY ASTRAL BRANCO/CINZA/AZUL CLARO;60 
329;TENIS KIDY ASTRAL;3291007;TÊNIS KIDY ASTRAL MARINHO/BRANCO;168 
329;TENIS KIDY ASTRAL;3291007;TÊNIS KIDY ASTRAL PRETO/CINZA/LARANJA;96 
329;TENIS KIDY ASTRAL;3291007;TÊNIS KIDY ASTRAL PRETO/VERMELHO;12 
329;TENIS KIDY ASTRAL;3291008;TÊNIS KIDY ASTRAL MARINHO/BRANCO;360 
329;TENIS KIDY ASTRAL;3291008;TÊNIS KIDY ASTRAL NATURAL/BRANCO/VERDE;24 
329;TENIS KIDY ASTRAL;3291008;TÊNIS KIDY ASTRAL PRETO/GRAFITE/LARANJA;390 
329;TENIS KIDY ASTRAL;3291014;TENIS KIDY ASTRAL BRANCO/CINZA/BORDÔ;426 
329;TENIS KIDY ASTRAL;3291014;TENIS KIDY ASTRAL MARINHO/BRANCO;974 
329;TENIS KIDY ASTRAL;3291014;TENIS KIDY ASTRAL NATURAL/MARINHO;1.040 
329;TENIS KIDY ASTRAL;3291014;TENIS KIDY ASTRAL PRETO/CARAMELO;330 
329;TENIS KIDY ASTRAL;3291015;TENIS KIDY ASTRAL CINZA/MARINHO;149 
329;TENIS KIDY ASTRAL;3291015;TENIS KIDY ASTRAL MARINHO/AZUL ROYAL;39 
329;TENIS KIDY ASTRAL;3291015;TENIS KIDY ASTRAL PRETO/MARROM;486 
329;TENIS KIDY ASTRAL;3291015;TENIS KIDY ASTRAL PRETO/NATURAL/VERDE;812 
329;TENIS KIDY ASTRAL;3291016;TENIS KIDY ASTRAL BRANCO/MARINHO/VERDE;2.918 
329;TENIS KIDY ASTRAL;3291016;TENIS KIDY ASTRAL GELO/AZUL ROYAL/MARINHO;189 
329;TENIS KIDY ASTRAL;3291016;TENIS KIDY ASTRAL MARINHO;513 
329;TENIS KIDY ASTRAL;3291016;TENIS KIDY ASTRAL PRETO;912 
329;TENIS KIDY ASTRAL;3291018;TENIS KIDY ASTRAL AZUL ROYAL/MARINHO;21 
329;TENIS KIDY ASTRAL;3291018;TENIS KIDY ASTRAL GRAFITE;1.705 
329;TENIS KIDY ASTRAL;3291018;TENIS KIDY ASTRAL PRETO;384 
329;TENIS KIDY ASTRAL;3291018;TENIS KIDY ASTRAL VERDE MILITAR;39 
329;TENIS KIDY ASTRAL;3291019;TENIS KIDY ASTRAL BEGE/PRETO;508 
329;TENIS KIDY ASTRAL;3291019;TENIS KIDY ASTRAL BRANCO/PRETO;1.239 
329;TENIS KIDY ASTRAL;3291019;TENIS KIDY ASTRAL MARINHO/GELO;54 
329;TENIS KIDY ASTRAL;3291019;TENIS KIDY ASTRAL PRETO/CARAMELO;96 
329;TENIS KIDY ASTRAL;3291020;TENIS KIDY ASTRAL BEGE/MARINHO;57 
329;TENIS KIDY ASTRAL;3291020;TENIS KIDY ASTRAL BRANCO/PRETO/VERDE;57 
329;TENIS KIDY ASTRAL;3291020;TENIS KIDY ASTRAL MARINHO;63 
329;TENIS KIDY ASTRAL;3291021;TENIS KIDY ASTRAL BEGE/MARINHO;354 
329;TENIS KIDY ASTRAL;3291021;TENIS KIDY ASTRAL MARINHO;105 
329;TENIS KIDY ASTRAL;3291021;TENIS KIDY ASTRAL PRETO/BRANCO;27 
329;TENIS KIDY ASTRAL;3291021;TENIS KIDY ASTRAL PRETO/TAUPE;9 
329;TENIS KIDY ASTRAL;3294003;TÊNIS KIDY ASTRAL BRANCO/COLORIDO;54 
329;TENIS KIDY ASTRAL;3294003;TÊNIS KIDY ASTRAL PRETO/VERMELHO;30 
329;TENIS KIDY ASTRAL;3294503;TÊNIS KIDY ASTRAL BRANCO/LILÁS;24 
337;TENIS KIDY LEBLON;3370001;TÊNIS KIDY LEBLON BRANCO;108 
337;TENIS KIDY LEBLON;3370004;TÊNIS KIDY LEBLON BRANCO;222 
369;SANDÁLIA KIDY GLOSS;3693000;SANDÁLIA KIDY GLOSS AMARELO/GLITER;63 
369;SANDÁLIA KIDY GLOSS;3693000;SANDÁLIA KIDY GLOSS FUME/GLITER;799 
369;SANDÁLIA KIDY GLOSS;3693000;SANDÁLIA KIDY GLOSS LILAS/GLITER;694 
369;SANDÁLIA KIDY GLOSS;3693000;SANDÁLIA KIDY GLOSS OURO/GLITER;2.724 
369;SANDÁLIA KIDY GLOSS;3693000;SANDÁLIA KIDY GLOSS OURO/PESSEGO;2.341 
369;SANDÁLIA KIDY GLOSS;3693000;SANDÁLIA KIDY GLOSS PINK/GLITER;5.968 
369;SANDÁLIA KIDY GLOSS;3693000;SANDÁLIA KIDY GLOSS PRETO/GLITER;1.362 
369;SANDÁLIA KIDY GLOSS;3693000;SANDÁLIA KIDY GLOSS ROXO/GLITER;269 
369;SANDÁLIA KIDY GLOSS;3693000;SANDÁLIA KIDY GLOSS VERDE/GLITER;355 
369;SANDÁLIA KIDY GLOSS;3693001;SANDÁLIA KIDY GLOSS LILÁS;285 
369;SANDÁLIA KIDY GLOSS;3693001;SANDÁLIA KIDY GLOSS MARINE;54 
369;SANDÁLIA KIDY GLOSS;3693001;SANDÁLIA KIDY GLOSS PINK;684 
369;SANDÁLIA KIDY GLOSS;3693001;SANDÁLIA KIDY GLOSS PRETO;123 
369;SANDÁLIA KIDY GLOSS;3693001;SANDÁLIA KIDY GLOSS ROSA;791 
370;TÊNIS ENERGY TEEN MINE CRAFT;3700004;TÊNIS ENERGY TEEN MINECRAFT MARINHO/VERDE;12 
391;SANDÁLIA KIDY TOYS BABY;3910017;SANDÁLIA KIDY TOYS BABY PRETO/AMARELO;144 
391;SANDÁLIA KIDY TOYS BABY;3910019;SANDALIA KIDY TOYS BABY CINZA/AZUL;6 
391;SANDÁLIA KIDY TOYS BABY;3910019;SANDALIA KIDY TOYS BABY GRAFITE/PRETO/AMARELO NEON;285 
391;SANDÁLIA KIDY TOYS BABY;3910019;SANDALIA KIDY TOYS BABY MARINHO/VERMELHO;129 
391;SANDÁLIA KIDY TOYS BABY;3910019;SANDALIA KIDY TOYS BABY PRETO/AMARELO;468 
391;SANDÁLIA KIDY TOYS BABY;3910020;SANDÁLIA KIDY TOYS BABY AZUL/PRETO/LARANJA;498 
391;SANDÁLIA KIDY TOYS BABY;3910020;SANDÁLIA KIDY TOYS BABY GRAFITE/PRETO/AZUL ROYAL;540 
391;SANDÁLIA KIDY TOYS BABY;3910020;SANDÁLIA KIDY TOYS BABY MARINHO/AZUL ROYAL;588 
391;SANDÁLIA KIDY TOYS BABY;3910020;SANDÁLIA KIDY TOYS BABY PRETO/LARANJA;603 
391;SANDÁLIA KIDY TOYS BABY;3911018;SANDÁLIA KIDY TOYS BABY BRANCO;441 
391;SANDÁLIA KIDY TOYS BABY;3911018;SANDÁLIA KIDY TOYS BABY MARFIM;81 
391;SANDÁLIA KIDY TOYS BABY;3911018;SANDÁLIA KIDY TOYS BABY OURO;198 
391;SANDÁLIA KIDY TOYS BABY;3911018;SANDÁLIA KIDY TOYS BABY ROSA;219 
391;SANDÁLIA KIDY TOYS BABY;3911019;SANDÁLIA KIDY TOYS BABY NUDE;66 
391;SANDÁLIA KIDY TOYS BABY;3911019;SANDÁLIA KIDY TOYS BABY OURO;153 
391;SANDÁLIA KIDY TOYS BABY;3911019;SANDÁLIA KIDY TOYS BABY PRATA/COLORIDO;228 
391;SANDÁLIA KIDY TOYS BABY;3911019;SANDÁLIA KIDY TOYS BABY PRETO;24 
391;SANDÁLIA KIDY TOYS BABY;3911019;SANDÁLIA KIDY TOYS BABY ROSA;1.803 
392;SANDÁLIA KIDY TOYS;3920007;SANDÁLIA KIDY TOYS GRAFITE/PRETO;297 
392;SANDÁLIA KIDY TOYS;3920007;SANDÁLIA KIDY TOYS MARINHO/LARANJA;624 
392;SANDÁLIA KIDY TOYS;3920007;SANDÁLIA KIDY TOYS PRETO/LARANJA/PRATA;1.659 
392;SANDÁLIA KIDY TOYS;3920007;SANDÁLIA KIDY TOYS PRETO/VERMELHO;582 
392;SANDÁLIA KIDY TOYS;3920019;SANDÁLIA KIDY TOYS GRAFITE/LARANJA;30 
392;SANDÁLIA KIDY TOYS;3920019;SANDÁLIA KIDY TOYS MARINHO/VERDE;21 
392;SANDÁLIA KIDY TOYS;3920019;SANDÁLIA KIDY TOYS PRETO/AZUL ROYAL/AMARELO NEON;21 
392;SANDÁLIA KIDY TOYS;3920020;SANDÁLIA KIDY TOYS GRAFITE/LARANJA;24 
392;SANDÁLIA KIDY TOYS;3920020;SANDÁLIA KIDY TOYS MARINHO/VERDE;30 
392;SANDÁLIA KIDY TOYS;3920021;SANDALIA KIDY TOYS CINZA/MARINHO;66 
392;SANDÁLIA KIDY TOYS;3920021;SANDALIA KIDY TOYS GRAFITE/VERDE NEON;36 
392;SANDÁLIA KIDY TOYS;3920021;SANDALIA KIDY TOYS MARINHO/VERDE NEON;198 
392;SANDÁLIA KIDY TOYS;3920021;SANDALIA KIDY TOYS PRETO/LARANJA;747 
392;SANDÁLIA KIDY TOYS;3921001;SANDÁLIA KIDY TOYS INFANTIL BRANCO/ROSA;48 
392;SANDÁLIA KIDY TOYS;3921017;SANDÁLIA KIDY TOYS PRATA;156 
392;SANDÁLIA KIDY TOYS;3921019;SANDÁLIA KIDY TOYS AZUL BB;153 
392;SANDÁLIA KIDY TOYS;3921019;SANDÁLIA KIDY TOYS BRANCO;357 
392;SANDÁLIA KIDY TOYS;3921019;SANDÁLIA KIDY TOYS LILAS;69 
392;SANDÁLIA KIDY TOYS;3921019;SANDÁLIA KIDY TOYS NUDE;1.410 
392;SANDÁLIA KIDY TOYS;3921020;SANDÁLIA KIDY TOYS BRANCO;93 
392;SANDÁLIA KIDY TOYS;3921020;SANDÁLIA KIDY TOYS LILAS;60 
392;SANDÁLIA KIDY TOYS;3921020;SANDÁLIA KIDY TOYS MARFIM;165 
392;SANDÁLIA KIDY TOYS;3921020;SANDÁLIA KIDY TOYS ROSA/BRANCO;492 
392;SANDÁLIA KIDY TOYS;3922017;SANDÁLIA KIDY TOYS MARINHO/AMARELO NEON;12 
392;SANDÁLIA KIDY TOYS;3922017;SANDÁLIA KIDY TOYS PRETO/GELO/AMARELO;108 
420;SANDÁLIA KIDY ISIS;4200021;SANDALIA KIDY ISIS MARINE;12 
420;SANDÁLIA KIDY ISIS;4200035;SANDALIA KIDY ISIS OURO;12 
420;SANDÁLIA KIDY ISIS;4200035;SANDALIA KIDY ISIS PRATA;12 
420;SANDÁLIA KIDY ISIS;4200038;SANDALIA KIDY ISIS BRANCO;12 
420;SANDÁLIA KIDY ISIS;4200038;SANDALIA KIDY ISIS PRETO;12 
420;SANDÁLIA KIDY ISIS;4200039;SANDALIA KIDY ISIS NUDE;9 
420;SANDÁLIA KIDY ISIS;4200040;SANDALIA KIDY ISIS OURO;12 
420;SANDÁLIA KIDY ISIS;4200045;SANDALIA KIDY ISIS OURO;9 
420;SANDÁLIA KIDY ISIS;4200046;SANDALIA KIDY ISIS BRANCO;219 
420;SANDÁLIA KIDY ISIS;4200046;SANDALIA KIDY ISIS OURO;1.053 
420;SANDÁLIA KIDY ISIS;4200046;SANDALIA KIDY ISIS PRETO;381 
420;SANDÁLIA KIDY ISIS;4200047;SANDALIA KIDY ISIS MARFIM;81 
420;SANDÁLIA KIDY ISIS;4200047;SANDALIA KIDY ISIS NUDE;93 
420;SANDÁLIA KIDY ISIS;4200047;SANDALIA KIDY ISIS OURO;27 
420;SANDÁLIA KIDY ISIS;4200047;SANDALIA KIDY ISIS PRETO;66 
420;SANDÁLIA KIDY ISIS;4200048;SANDALIA KIDY ISIS BRANCO;45 
420;SANDÁLIA KIDY ISIS;4200048;SANDALIA KIDY ISIS BRONZE;384 
420;SANDÁLIA KIDY ISIS;4200048;SANDALIA KIDY ISIS MARFIM;362 
420;SANDÁLIA KIDY ISIS;4200048;SANDALIA KIDY ISIS OURO;88 
420;SANDÁLIA KIDY ISIS;4200048;SANDALIA KIDY ISIS PRETO;180 
420;SANDÁLIA KIDY ISIS;4200049;SANDALIA KIDY ISIS BRANCO;12 
420;SANDÁLIA KIDY ISIS;4200049;SANDALIA KIDY ISIS MARFIM;360 
420;SANDÁLIA KIDY ISIS;4200049;SANDALIA KIDY ISIS NUDE;72 
420;SANDÁLIA KIDY ISIS;4200049;SANDALIA KIDY ISIS PRETO;189 
420;SANDÁLIA KIDY ISIS;4200050;SANDALIA KIDY ISIS OURO;12 
420;SANDÁLIA KIDY ISIS;4200052;SANDALIA KIDY ISIS BRANCO;18 
420;SANDÁLIA KIDY ISIS;4200052;SANDALIA KIDY ISIS MARFIM NEW;87 
420;SANDÁLIA KIDY ISIS;4200052;SANDALIA KIDY ISIS NUDE;168 
420;SANDÁLIA KIDY ISIS;4200052;SANDALIA KIDY ISIS OURO;45 
420;SANDÁLIA KIDY ISIS;4200052;SANDALIA KIDY ISIS PRETO;129 
420;SANDÁLIA KIDY ISIS;4200053;SANDALIA KIDY ISIS BRANCO;12 
420;SANDÁLIA KIDY ISIS;4200053;SANDALIA KIDY ISIS MARFIM;180 
420;SANDÁLIA KIDY ISIS;4200053;SANDALIA KIDY ISIS OURO;30 
420;SANDÁLIA KIDY ISIS;4200053;SANDALIA KIDY ISIS PRETO;51 
420;SANDÁLIA KIDY ISIS;4200054;SANDALIA KIDY ISIS BRANCO;120 
420;SANDÁLIA KIDY ISIS;4200054;SANDALIA KIDY ISIS MARFIM;264 
420;SANDÁLIA KIDY ISIS;4200054;SANDALIA KIDY ISIS NUDE;36 
420;SANDÁLIA KIDY ISIS;4200054;SANDALIA KIDY ISIS OURO;150 
420;SANDÁLIA KIDY ISIS;4200054;SANDALIA KIDY ISIS PRATA;12 
420;SANDÁLIA KIDY ISIS;4200054;SANDALIA KIDY ISIS PRETO;132 
428;TENIS K360 JOGGER;4280010;TENIS K360 JOGGER BRANCO/BEGE/MARINHO;228 
428;TENIS K360 JOGGER;4280010;TENIS K360 JOGGER CINZA/MARINHO;72 
428;TENIS K360 JOGGER;4280010;TENIS K360 JOGGER NATURAL/MARROM;711 
428;TENIS K360 JOGGER;4280010;TENIS K360 JOGGER PRETO;216 
428;TENIS K360 JOGGER;4280010;TENIS K360 JOGGER VERDE/PRETO;12 
428;TENIS K360 JOGGER;4280011;TENIS K360 JOGGER BRANCO/MARINHO/VERDE;60 
428;TENIS K360 JOGGER;4280011;TENIS K360 JOGGER MARINHO/CARAMELO;948 
428;TENIS K360 JOGGER;4280011;TENIS K360 JOGGER NATURAL/MARINHO;480 
428;TENIS K360 JOGGER;4280011;TENIS K360 JOGGER PRETO/BRANCO;81 
428;TENIS K360 JOGGER;4280011;TENIS K360 JOGGER PRETO/CARAMELO;99 
428;TENIS K360 JOGGER;4281010;TENIS K360 JOGGER BRANCO;33 
428;TENIS K360 JOGGER;4281010;TENIS K360 JOGGER MARFIM;714 
428;TENIS K360 JOGGER;4281010;TENIS K360 JOGGER OURO;60 
428;TENIS K360 JOGGER;4281010;TENIS K360 JOGGER PRETO;87 
428;TENIS K360 JOGGER;4281011;TENIS K360 JOGGER ANIS/AMARELO/NUDE;9 
428;TENIS K360 JOGGER;4281011;TENIS K360 JOGGER BEGE/ONÇA;15 
428;TENIS K360 JOGGER;4281011;TENIS K360 JOGGER BRANCO/PRATA;60 
428;TENIS K360 JOGGER;4281011;TENIS K360 JOGGER BRANCO/ROSA;288 
428;TENIS K360 JOGGER;4281011;TENIS K360 JOGGER MARFIM/MULTICOLORIDO;27 
428;TENIS K360 JOGGER;4281011;TENIS K360 JOGGER MARFIM/OURO;300 
428;TENIS K360 JOGGER;4281011;TENIS K360 JOGGER PRETO;240 
437;PAPETE KIDY FASHION;4370005;PAPETE KIDY FASHION PINK;12 
437;PAPETE KIDY FASHION;4370011;PAPETE KIDY FASHION OURO;12 
437;PAPETE KIDY FASHION;4370013;PAPETE KIDY FASHION OURO;167 
437;PAPETE KIDY FASHION;4373000;PAPETE KIDY FASHION PRETO;12 
438;TENIS KIDY SUPER CONFORTO RESPI-TEC;4380002;T.KIDY SUPER CONFORTO RESPI-TEC MARINHO;975 
438;TENIS KIDY SUPER CONFORTO RESPI-TEC;4380002;T.KIDY SUPER CONFORTO RESPI-TEC PTO/AMRL NEON;564 
438;TENIS KIDY SUPER CONFORTO RESPI-TEC;4380002;T.KIDY SUPER CONFORTO RESPI-TEC PTO/GELO/VERMELHO;322 
438;TENIS KIDY SUPER CONFORTO RESPI-TEC;4380002;T.KIDY SUPER CONFORTO RESPI-TEC PTO/GRAFITE/LARANJA;201 
438;TENIS KIDY SUPER CONFORTO RESPI-TEC;4380004;T.KIDY SUPER CONFORTO RESPITEC MARINHO;250 
438;TENIS KIDY SUPER CONFORTO RESPI-TEC;4380004;T.KIDY SUPER CONFORTO RESPITEC MARINHO/AMARELO NEON;2.458 
438;TENIS KIDY SUPER CONFORTO RESPI-TEC;4380004;T.KIDY SUPER CONFORTO RESPITEC PRETO;3.512 
438;TENIS KIDY SUPER CONFORTO RESPI-TEC;4380004;T.KIDY SUPER CONFORTO RESPITEC PRETO/AMARELO NEON;842 
438;TENIS KIDY SUPER CONFORTO RESPI-TEC;4380004;T.KIDY SUPER CONFORTO RESPITEC PRETO/AZUL ROYAL;1.038 
438;TENIS KIDY SUPER CONFORTO RESPI-TEC;4380004;T.KIDY SUPER CONFORTO RESPITEC PRETO/BRANCO;2.068 
438;TENIS KIDY SUPER CONFORTO RESPI-TEC;4380004;T.KIDY SUPER CONFORTO RESPITEC PRETO/VERMELHO;1.625 
438;TENIS KIDY SUPER CONFORTO RESPI-TEC;4380006;T.KIDY SUPER CONFORTO RESPITEC GRAFITE/PRETO/VERMELHO;24 
438;TENIS KIDY SUPER CONFORTO RESPI-TEC;4380006;T.KIDY SUPER CONFORTO RESPITEC MARINHO/AMARELO;921 
438;TENIS KIDY SUPER CONFORTO RESPI-TEC;4380006;T.KIDY SUPER CONFORTO RESPITEC PRETO;1.503 
438;TENIS KIDY SUPER CONFORTO RESPI-TEC;4380006;T.KIDY SUPER CONFORTO RESPITEC PRETO/AMARELO NEON;241 
438;TENIS KIDY SUPER CONFORTO RESPI-TEC;4380006;T.KIDY SUPER CONFORTO RESPITEC PRETO/AZUL ROYAL;81 
438;TENIS KIDY SUPER CONFORTO RESPI-TEC;4380006;T.KIDY SUPER CONFORTO RESPITEC PRETO/LARANJA NEON;575 
438;TENIS KIDY SUPER CONFORTO RESPI-TEC;4380007;T.KIDY SUPER CONFORTO RESPI-TEC PRETO/VERDE FLUOR;12 
438;TENIS KIDY SUPER CONFORTO RESPI-TEC;4380008;T.KIDY SUPER CONFORTO RESPI-TEC PRETO/VERDE FLUOR;12 
438;TENIS KIDY SUPER CONFORTO RESPI-TEC;4380009;T.KIDY SUPER CONFORTO RESPI-TEC PRETO/GELO/VERMELHO;9 
438;TENIS KIDY SUPER CONFORTO RESPI-TEC;4381002;T.KIDY SUPER CONFORTO RESPI-TEC AZALEIA;345 
438;TENIS KIDY SUPER CONFORTO RESPI-TEC;4381002;T.KIDY SUPER CONFORTO RESPI-TEC MARINHO/PINK NEON;1.140 
438;TENIS KIDY SUPER CONFORTO RESPI-TEC;4381002;T.KIDY SUPER CONFORTO RESPI-TEC PRETO/GRAFITE/GLOSS;81 
438;TENIS KIDY SUPER CONFORTO RESPI-TEC;4381002;T.KIDY SUPER CONFORTO RESPI-TEC PRETO/GRAFITE/PINK;48 
438;TENIS KIDY SUPER CONFORTO RESPI-TEC;4381002;T.KIDY SUPER CONFORTO RESPI-TEC PRETO/PINK NEON;477 
438;TENIS KIDY SUPER CONFORTO RESPI-TEC;4381002;T.KIDY SUPER CONFORTO RESPI-TEC ROSA;273 
438;TENIS KIDY SUPER CONFORTO RESPI-TEC;4381004;T.KIDY SUPER CONFORTO RESPITEC AZALEIA/JEANS;1.289 
438;TENIS KIDY SUPER CONFORTO RESPI-TEC;4381004;T.KIDY SUPER CONFORTO RESPITEC BRANCO/PINK NEON;207 
438;TENIS KIDY SUPER CONFORTO RESPI-TEC;4381004;T.KIDY SUPER CONFORTO RESPITEC MARINHO/PINK;1.615 
438;TENIS KIDY SUPER CONFORTO RESPI-TEC;4381004;T.KIDY SUPER CONFORTO RESPITEC NUDE/ROSA;9 
438;TENIS KIDY SUPER CONFORTO RESPI-TEC;4381004;T.KIDY SUPER CONFORTO RESPITEC PRETO/GLOSS;174 
438;TENIS KIDY SUPER CONFORTO RESPI-TEC;4381004;T.KIDY SUPER CONFORTO RESPITEC PRETO/MAGENTA;18 
438;TENIS KIDY SUPER CONFORTO RESPI-TEC;4381004;T.KIDY SUPER CONFORTO RESPITEC PRETO/PINK NEON;1.859 
438;TENIS KIDY SUPER CONFORTO RESPI-TEC;4381004;T.KIDY SUPER CONFORTO RESPITEC PRETO/RS.CHICLETE;3.532 
438;TENIS KIDY SUPER CONFORTO RESPI-TEC;4381006;T.KIDY SUPER CONFORTO RESPITEC CINZA/PINK;48 
438;TENIS KIDY SUPER CONFORTO RESPI-TEC;4381006;T.KIDY SUPER CONFORTO RESPITEC MARINHO/PINK NEW;297 
438;TENIS KIDY SUPER CONFORTO RESPI-TEC;4381006;T.KIDY SUPER CONFORTO RESPITEC NUDE/PINK;36 
438;TENIS KIDY SUPER CONFORTO RESPI-TEC;4381006;T.KIDY SUPER CONFORTO RESPITEC PRETO/ACQUA/PINK;1.166 
438;TENIS KIDY SUPER CONFORTO RESPI-TEC;4381006;T.KIDY SUPER CONFORTO RESPITEC PRETO/PINK;724 
438;TENIS KIDY SUPER CONFORTO RESPI-TEC;4381006;T.KIDY SUPER CONFORTO RESPITEC PRETO/PINK NEON;174 
438;TENIS KIDY SUPER CONFORTO RESPI-TEC;4381009;T.KIDY SUPER CONFORTO RESPI-TEC PRETO/PINK NEON;9 
438;TENIS KIDY SUPER CONFORTO RESPI-TEC;4381017;T.KIDY SUPER CONFORTO RESPI-TEC NUDE;744 
440;SANDALIA KIDY MINI FLAT FORM;4400002;SAND.KIDY MINI FLAT FORM LILAS;12 
440;SANDALIA KIDY MINI FLAT FORM;4400003;SAND.KIDY MINI FLAT FORM MARFIM;348 
440;SANDALIA KIDY MINI FLAT FORM;4400003;SAND.KIDY MINI FLAT FORM NUDE;198 
440;SANDALIA KIDY MINI FLAT FORM;4400003;SAND.KIDY MINI FLAT FORM PRETO;279 
440;SANDALIA KIDY MINI FLAT FORM;4400005;SAND.KIDY MINI FLAT FORM BRANCO;12 
440;SANDALIA KIDY MINI FLAT FORM;4400005;SAND.KIDY MINI FLAT FORM PRETO;12 
440;SANDALIA KIDY MINI FLAT FORM;4400006;SAND.KIDY MINI FLAT FORM PINK;12 
440;SANDALIA KIDY MINI FLAT FORM;4400008;SAND.KIDY MINI FLAT FORM MARFIM;24 
440;SANDALIA KIDY MINI FLAT FORM;4400010;SAND.KIDY MINI FLAT FORM NUDE;18 
440;SANDALIA KIDY MINI FLAT FORM;4400013;SAND.KIDY MINI FLAT FORM BRANCO/COLORIDO;1.278 
440;SANDALIA KIDY MINI FLAT FORM;4400013;SAND.KIDY MINI FLAT FORM LILÁS;126 
440;SANDALIA KIDY MINI FLAT FORM;4400013;SAND.KIDY MINI FLAT FORM NUDE;552 
440;SANDALIA KIDY MINI FLAT FORM;4400013;SAND.KIDY MINI FLAT FORM OURO;108 
440;SANDALIA KIDY MINI FLAT FORM;4400015;SAND.KIDY MINI FLAT FORM BRANCO;21 
440;SANDALIA KIDY MINI FLAT FORM;4400015;SAND.KIDY MINI FLAT FORM LILAS;87 
440;SANDALIA KIDY MINI FLAT FORM;4400015;SAND.KIDY MINI FLAT FORM NUDE;576 
440;SANDALIA KIDY MINI FLAT FORM;4400015;SAND.KIDY MINI FLAT FORM OURO;27 
440;SANDALIA KIDY MINI FLAT FORM;4400016;SAND.KIDY MINI FLAT FORM BRANCO/ROSA;132 
440;SANDALIA KIDY MINI FLAT FORM;4400016;SAND.KIDY MINI FLAT FORM OURO;23 
440;SANDALIA KIDY MINI FLAT FORM;4400017;SAND.KIDY MINI FLAT FORM OURO;24 
440;SANDALIA KIDY MINI FLAT FORM;4400017;SAND.KIDY MINI FLAT FORM PINK;24 
440;SANDALIA KIDY MINI FLAT FORM;4400017;SAND.KIDY MINI FLAT FORM PRETO;21 
440;SANDALIA KIDY MINI FLAT FORM;4400019;SAND.KIDY MINI FLAT FORM MARFIM;204 
440;SANDALIA KIDY MINI FLAT FORM;4400020;SAND.KIDY MINI FLAT FORM MARFIM;168 
440;SANDALIA KIDY MINI FLAT FORM;4400020;SAND.KIDY MINI FLAT FORM NUDE;876 
440;SANDALIA KIDY MINI FLAT FORM;4400020;SAND.KIDY MINI FLAT FORM OURO;117 
440;SANDALIA KIDY MINI FLAT FORM;4400020;SAND.KIDY MINI FLAT FORM PRETO;165 
440;SANDALIA KIDY MINI FLAT FORM;4400021;SAND.KIDY MINI FLAT FORM BRANCO;834 
440;SANDALIA KIDY MINI FLAT FORM;4400021;SAND.KIDY MINI FLAT FORM MARFIM;1.149 
440;SANDALIA KIDY MINI FLAT FORM;4400021;SAND.KIDY MINI FLAT FORM NUDE;138 
440;SANDALIA KIDY MINI FLAT FORM;4400021;SAND.KIDY MINI FLAT FORM OURO;228 
440;SANDALIA KIDY MINI FLAT FORM;4400022;SAND.KIDY MINI FLAT FORM BRANCO;18 
440;SANDALIA KIDY MINI FLAT FORM;4400022;SAND.KIDY MINI FLAT FORM MARFIM;45 
440;SANDALIA KIDY MINI FLAT FORM;4400022;SAND.KIDY MINI FLAT FORM NUDE;42 
440;SANDALIA KIDY MINI FLAT FORM;4400022;SAND.KIDY MINI FLAT FORM PINK;33 
440;SANDALIA KIDY MINI FLAT FORM;4400022;SAND.KIDY MINI FLAT FORM PRETO;147 
440;SANDALIA KIDY MINI FLAT FORM;4400023;SAND.KIDY MINI FLAT FORM BRANCO;108 
440;SANDALIA KIDY MINI FLAT FORM;4400023;SAND.KIDY MINI FLAT FORM LILÁS;39 
440;SANDALIA KIDY MINI FLAT FORM;4400023;SAND.KIDY MINI FLAT FORM NUDE;489 
440;SANDALIA KIDY MINI FLAT FORM;4400023;SAND.KIDY MINI FLAT FORM OURO;264 
440;SANDALIA KIDY MINI FLAT FORM;4400024;SAND.KIDY MINI FLAT FORM NUDE;42 
440;SANDALIA KIDY MINI FLAT FORM;4400024;SAND.KIDY MINI FLAT FORM PINK;21 
440;SANDALIA KIDY MINI FLAT FORM;4400025;SAND.KIDY MINI FLAT FORM MARFIM;399 
440;SANDALIA KIDY MINI FLAT FORM;4400025;SAND.KIDY MINI FLAT FORM NUDE;168 
440;SANDALIA KIDY MINI FLAT FORM;4400025;SAND.KIDY MINI FLAT FORM OURO;27 
440;SANDALIA KIDY MINI FLAT FORM;4400025;SAND.KIDY MINI FLAT FORM PINK;12 
440;SANDALIA KIDY MINI FLAT FORM;4400025;SAND.KIDY MINI FLAT FORM PRETO;78 
440;SANDALIA KIDY MINI FLAT FORM;4400026;SAND.KIDY MINI FLAT FORM LILAS;18 
440;SANDALIA KIDY MINI FLAT FORM;4400026;SAND.KIDY MINI FLAT FORM NUDE;84 
440;SANDALIA KIDY MINI FLAT FORM;4400026;SAND.KIDY MINI FLAT FORM OURO;12 
440;SANDALIA KIDY MINI FLAT FORM;4400026;SAND.KIDY MINI FLAT FORM PRATA;12 
440;SANDALIA KIDY MINI FLAT FORM;4400027;SAND.KIDY MINI FLAT FORM BRANCO/ROSA;12 
440;SANDALIA KIDY MINI FLAT FORM;4400027;SAND.KIDY MINI FLAT FORM OURO;159 
440;SANDALIA KIDY MINI FLAT FORM;4400027;SAND.KIDY MINI FLAT FORM PINK;6 
440;SANDALIA KIDY MINI FLAT FORM;4400027;SAND.KIDY MINI FLAT FORM PRETO;12 
440;SANDALIA KIDY MINI FLAT FORM;4400028;SAND.KIDY MINI FLAT FORM BRANCO;48 
440;SANDALIA KIDY MINI FLAT FORM;4400028;SAND.KIDY MINI FLAT FORM NUDE;318 
440;SANDALIA KIDY MINI FLAT FORM;4400028;SAND.KIDY MINI FLAT FORM OURO;1.059 
440;SANDALIA KIDY MINI FLAT FORM;4400028;SAND.KIDY MINI FLAT FORM PRETO;24 
440;SANDALIA KIDY MINI FLAT FORM;4400029;SAND.KIDY MINI FLAT FORM BRANCO;102 
440;SANDALIA KIDY MINI FLAT FORM;4400029;SAND.KIDY MINI FLAT FORM MARFIM;102 
440;SANDALIA KIDY MINI FLAT FORM;4400029;SAND.KIDY MINI FLAT FORM PINK;12 
440;SANDALIA KIDY MINI FLAT FORM;4400029;SAND.KIDY MINI FLAT FORM ROSA;183 
441;RASTEIRA FLAT;4410002;RASTEIRA FLAT BRANCO;165 
441;RASTEIRA FLAT;4410002;RASTEIRA FLAT OURO;399 
441;RASTEIRA FLAT;4410002;RASTEIRA FLAT PESSEGO;24 
441;RASTEIRA FLAT;4410002;RASTEIRA FLAT PRETO;231 
441;RASTEIRA FLAT;4410002;RASTEIRA FLAT ROSA;69 
441;RASTEIRA FLAT;4410003;RASTEIRA FLAT NUDE;249 
441;RASTEIRA FLAT;4410003;RASTEIRA FLAT OURO;576 
441;RASTEIRA FLAT;4410003;RASTEIRA FLAT PRATA;60 
441;RASTEIRA FLAT;4410003;RASTEIRA FLAT PRETO;93 
441;RASTEIRA FLAT;4410005;RASTEIRA FLAT LILAS;12 
441;RASTEIRA FLAT;4410012;RASTEIRA FLAT BRANCO;153 
441;RASTEIRA FLAT;4410012;RASTEIRA FLAT MARFIM;2.178 
441;RASTEIRA FLAT;4410012;RASTEIRA FLAT OURO;90 
441;RASTEIRA FLAT;4410012;RASTEIRA FLAT PRETO;24 
441;RASTEIRA FLAT;4410012;RASTEIRA FLAT ROSA;30 
441;RASTEIRA FLAT;4410013;RASTEIRA FLAT BRANCO;12 
441;RASTEIRA FLAT;4410013;RASTEIRA FLAT MARFIM;39 
441;RASTEIRA FLAT;4410013;RASTEIRA FLAT PRETO;45 
441;RASTEIRA FLAT;4410013;RASTEIRA FLAT ROSA;132 
441;RASTEIRA FLAT;4413000;RASTEIRA FLAT MARFIM/OURO;12 
441;RASTEIRA FLAT;4413000;RASTEIRA FLAT NUDE;33 
441;RASTEIRA FLAT;4413000;RASTEIRA FLAT OURO;78 
441;RASTEIRA FLAT;4413000;RASTEIRA FLAT PRETO;21 
441;RASTEIRA FLAT;4413001;RASTEIRA FLAT BRANCO;24 
441;RASTEIRA FLAT;4413001;RASTEIRA FLAT MARFIM/OURO;207 
441;RASTEIRA FLAT;4413001;RASTEIRA FLAT OURO;363 
441;RASTEIRA FLAT;4413001;RASTEIRA FLAT PRETO;168 
442;FLAT FORM;4420001;SANDALIA KIDY FLAT FORM OURO;12 
442;FLAT FORM;4420001;SANDALIA KIDY FLAT FORM PRETO;21 
442;FLAT FORM;4420002;SANDALIA KIDY FLAT FORM OURO;33 
442;FLAT FORM;4420005;SANDALIA KIDY FLAT FORM BRANCO;174 
442;FLAT FORM;4420005;SANDALIA KIDY FLAT FORM BRONZE;33 
442;FLAT FORM;4420005;SANDALIA KIDY FLAT FORM NUDE;96 
442;FLAT FORM;4420005;SANDALIA KIDY FLAT FORM OURO;1.866 
442;FLAT FORM;4420005;SANDALIA KIDY FLAT FORM PINK;48 
442;FLAT FORM;4420005;SANDALIA KIDY FLAT FORM PRATA/MARFIM;78 
442;FLAT FORM;4420005;SANDALIA KIDY FLAT FORM PRETO;291 
442;FLAT FORM;4420009;SANDALIA KIDY FLAT FORM BEGE/OURO;12 
442;FLAT FORM;4420009;SANDALIA KIDY FLAT FORM BRANCO;30 
442;FLAT FORM;4420009;SANDALIA KIDY FLAT FORM OURO;696 
442;FLAT FORM;4420009;SANDALIA KIDY FLAT FORM PRETO;126 
442;FLAT FORM;4420009;SANDALIA KIDY FLAT FORM ROSA;12 
442;FLAT FORM;4420010;SANDALIA KIDY FLAT FORM BRANCO;192 
442;FLAT FORM;4420010;SANDALIA KIDY FLAT FORM OURO;213 
442;FLAT FORM;4420010;SANDALIA KIDY FLAT FORM PRETO;156 
442;FLAT FORM;4420010;SANDALIA KIDY FLAT FORM ROSA;30 
442;FLAT FORM;4420011;SANDALIA KIDY FLAT FORM MARFIM;264 
442;FLAT FORM;4420011;SANDALIA KIDY FLAT FORM NUDE;120 
442;FLAT FORM;4420011;SANDALIA KIDY FLAT FORM OURO;156 
442;FLAT FORM;4420011;SANDALIA KIDY FLAT FORM PRETO;765 
442;FLAT FORM;4420014;SANDALIA KIDY FLAT FORM BEGE/OURO;18 
442;FLAT FORM;4420014;SANDALIA KIDY FLAT FORM BRANCO;81 
442;FLAT FORM;4420014;SANDALIA KIDY FLAT FORM MARFIM/OURO;78 
442;FLAT FORM;4420014;SANDALIA KIDY FLAT FORM OURO;735 
442;FLAT FORM;4420014;SANDALIA KIDY FLAT FORM PRETO;90 
442;FLAT FORM;4420014;SANDALIA KIDY FLAT FORM ROSA;36 
442;FLAT FORM;4420015;SANDALIA KIDY FLAT FORM BRANCO;48 
442;FLAT FORM;4420015;SANDALIA KIDY FLAT FORM MARFIM;936 
442;FLAT FORM;4420015;SANDALIA KIDY FLAT FORM NUDE;108 
442;FLAT FORM;4420015;SANDALIA KIDY FLAT FORM PRETO;159 
442;FLAT FORM;4420017;SANDALIA KIDY FLAT FORM MARFIM;210 
442;FLAT FORM;4420017;SANDALIA KIDY FLAT FORM NUDE;24 
442;FLAT FORM;4420017;SANDALIA KIDY FLAT FORM PRETO;30 
442;FLAT FORM;4420018;SANDALIA KIDY FLAT FORM BRANCO;60 
442;FLAT FORM;4420018;SANDALIA KIDY FLAT FORM MARFIM;246 
442;FLAT FORM;4420018;SANDALIA KIDY FLAT FORM OURO;75 
442;FLAT FORM;4420018;SANDALIA KIDY FLAT FORM PRETO;108 
442;FLAT FORM;4420019;SANDALIA KIDY FLAT FORM MARFIM;93 
442;FLAT FORM;4420019;SANDALIA KIDY FLAT FORM OURO;18 
442;FLAT FORM;4420019;SANDALIA KIDY FLAT FORM PRETO;300 
442;FLAT FORM;4420020;SANDALIA KIDY FLAT FORM MARFIM;75 
442;FLAT FORM;4420020;SANDALIA KIDY FLAT FORM OURO;294 
442;FLAT FORM;4420020;SANDALIA KIDY FLAT FORM PRETO;24 
442;FLAT FORM;4420021;SANDALIA KIDY FLAT FORM BEGE;66 
442;FLAT FORM;4420021;SANDALIA KIDY FLAT FORM MARFIM;183 
442;FLAT FORM;4420021;SANDALIA KIDY FLAT FORM OURO;24 
442;FLAT FORM;4420021;SANDALIA KIDY FLAT FORM PRETO;129 
442;FLAT FORM;4420021;SANDALIA KIDY FLAT FORM ROSA;84 
442;FLAT FORM;4423000;SANDALIA KIDY FLAT FORM MARFIM;708 
442;FLAT FORM;4423000;SANDALIA KIDY FLAT FORM NUDE;12 
442;FLAT FORM;4423000;SANDALIA KIDY FLAT FORM OURO;21 
442;FLAT FORM;4423000;SANDALIA KIDY FLAT FORM PINK;876 
442;FLAT FORM;4423000;SANDALIA KIDY FLAT FORM PRETO;216 
442;FLAT FORM;4423001;SANDALIA KIDY FLAT FORM MARFIM;381 
442;FLAT FORM;4423001;SANDALIA KIDY FLAT FORM NUDE;57 
442;FLAT FORM;4423001;SANDALIA KIDY FLAT FORM OURO;126 
442;FLAT FORM;4423001;SANDALIA KIDY FLAT FORM PRETO;243 
444;PAPETE IMPULSO;4440001;PAPETE IMPULSO BABY AZ.ROYAL/AMRL.NEON;12 
444;PAPETE IMPULSO;4440002;PAPETE IMPULSO BABY MARINHO/AZUL/VERMELHO;12 
444;PAPETE IMPULSO;4440003;PAPETE IMPULSO BABY PRETO/GRAFITE;12 
445;TENIS KIDY ULTRA FLEX;4450002;TENIS KIDY ULTRA FLEX PRETO/AMRL.NEON;12 
445;TENIS KIDY ULTRA FLEX;4450004;TENIS KIDY ULTRA FLEX MARINHO/AMARELO NEON;158 
445;TENIS KIDY ULTRA FLEX;4450004;TENIS KIDY ULTRA FLEX MARINHO/AZUL;759 
445;TENIS KIDY ULTRA FLEX;4450004;TENIS KIDY ULTRA FLEX PRETO;1.017 
445;TENIS KIDY ULTRA FLEX;4450004;TENIS KIDY ULTRA FLEX PRETO/LARANJA NEON;81 
445;TENIS KIDY ULTRA FLEX;4450005;TENIS KIDY ULTRA FLEX BRANCO/MARINHO;33 
445;TENIS KIDY ULTRA FLEX;4450005;TENIS KIDY ULTRA FLEX GRAFITE/PRETO;570 
445;TENIS KIDY ULTRA FLEX;4450005;TENIS KIDY ULTRA FLEX MARINHO/VERDE;272 
445;TENIS KIDY ULTRA FLEX;4450005;TENIS KIDY ULTRA FLEX PRETO/BRANCO;201 
445;TENIS KIDY ULTRA FLEX;4450005;TENIS KIDY ULTRA FLEX PRETO/GRAFITE;519 
445;TENIS KIDY ULTRA FLEX;4450006;TENIS KIDY ULTRA FLEX CINZA/MARINHO;36 
445;TENIS KIDY ULTRA FLEX;4450006;TENIS KIDY ULTRA FLEX GRAFITE/PRETO/AMARELO NEON;114 
445;TENIS KIDY ULTRA FLEX;4450006;TENIS KIDY ULTRA FLEX MARINHO/BRANCO/AZUL;1.473 
445;TENIS KIDY ULTRA FLEX;4450006;TENIS KIDY ULTRA FLEX MARINHO/VERMELHO;828 
445;TENIS KIDY ULTRA FLEX;4450006;TENIS KIDY ULTRA FLEX PRETO/AZUL;141 
445;TENIS KIDY ULTRA FLEX;4450007;TENIS KIDY ULTRA FLEX CINZA/MARINHO/VERDE;54 
445;TENIS KIDY ULTRA FLEX;4450007;TENIS KIDY ULTRA FLEX MARINHO/BRANCO/VERMELHO;144 
445;TENIS KIDY ULTRA FLEX;4450007;TENIS KIDY ULTRA FLEX MARINHO/VERDE;429 
445;TENIS KIDY ULTRA FLEX;4450007;TENIS KIDY ULTRA FLEX PRETO/AZUL ROYAL;642 
445;TENIS KIDY ULTRA FLEX;4450007;TENIS KIDY ULTRA FLEX PRETO/GRAFITE;108 
445;TENIS KIDY ULTRA FLEX;4450008;TENIS KIDY ULTRA FLEX CINZA/MARINHO/VERDE;66 
445;TENIS KIDY ULTRA FLEX;4450008;TENIS KIDY ULTRA FLEX GRAFITE/MARINHO;12 
445;TENIS KIDY ULTRA FLEX;4450008;TENIS KIDY ULTRA FLEX MARINHO/BRANCO/VERMELHO;33 
445;TENIS KIDY ULTRA FLEX;4450008;TENIS KIDY ULTRA FLEX MARINHO/VERDE;1.128 
445;TENIS KIDY ULTRA FLEX;4450008;TENIS KIDY ULTRA FLEX NATURAL/CARAMELO;36 
445;TENIS KIDY ULTRA FLEX;4450008;TENIS KIDY ULTRA FLEX PRETO;111 
445;TENIS KIDY ULTRA FLEX;4450008;TENIS KIDY ULTRA FLEX PRETO/AZUL ROYAL;1.674 
445;TENIS KIDY ULTRA FLEX;4450008;TENIS KIDY ULTRA FLEX PRETO/CARAMELO;72 
445;TENIS KIDY ULTRA FLEX;4450008;TENIS KIDY ULTRA FLEX PRETO/GRAFITE;642 
445;TENIS KIDY ULTRA FLEX;4450009;TENIS KIDY ULTRA FLEX CINZA/MARINHO;48 
445;TENIS KIDY ULTRA FLEX;4450009;TENIS KIDY ULTRA FLEX GRAFITE/PRETO/AMARELO NEON;30 
445;TENIS KIDY ULTRA FLEX;4450009;TENIS KIDY ULTRA FLEX MARINHO/BRANCO/AZUL;309 
445;TENIS KIDY ULTRA FLEX;4450009;TENIS KIDY ULTRA FLEX MARINHO/VERMELHO;147 
445;TENIS KIDY ULTRA FLEX;4450009;TENIS KIDY ULTRA FLEX PRETO/AZUL;72 
445;TENIS KIDY ULTRA FLEX;4450010;TENIS KIDY ULTRA FLEX MARINHO;138 
445;TENIS KIDY ULTRA FLEX;4450010;TENIS KIDY ULTRA FLEX PRETO/BEGE;141 
445;TENIS KIDY ULTRA FLEX;4450010;TENIS KIDY ULTRA FLEX PRETO/LARANJA NEON;393 
445;TENIS KIDY ULTRA FLEX;4450012;TENIS KIDY ULTRA FLEX PRETO;6 
445;TENIS KIDY ULTRA FLEX;4450013;TENIS KIDY ULTRA FLEX AZUL/MARINHO/LARANJA NEON;213 
445;TENIS KIDY ULTRA FLEX;4450013;TENIS KIDY ULTRA FLEX MARINHO;468 
445;TENIS KIDY ULTRA FLEX;4450013;TENIS KIDY ULTRA FLEX MARINHO/PRATA;219 
445;TENIS KIDY ULTRA FLEX;4450013;TENIS KIDY ULTRA FLEX PRETO/LARANJA NEON;1.588 
445;TENIS KIDY ULTRA FLEX;4450013;TENIS KIDY ULTRA FLEX PRETO/VERMELHO;1.035 
445;TENIS KIDY ULTRA FLEX;4450014;TENIS KIDY ULTRA FLEX AZUL ROYAL/LARANJA NEON;87 
445;TENIS KIDY ULTRA FLEX;4450014;TENIS KIDY ULTRA FLEX CINZA/MARINHO/AMARELO NEON;21 
445;TENIS KIDY ULTRA FLEX;4450014;TENIS KIDY ULTRA FLEX GRAFITE/AMARELO NEON;60 
445;TENIS KIDY ULTRA FLEX;4450014;TENIS KIDY ULTRA FLEX MARINHO/AMARELO NEON;99 
445;TENIS KIDY ULTRA FLEX;4450014;TENIS KIDY ULTRA FLEX MARINHO/LARANJA NEON;141 
445;TENIS KIDY ULTRA FLEX;4450014;TENIS KIDY ULTRA FLEX PRETO/AZUL PACIFICO;36 
445;TENIS KIDY ULTRA FLEX;4450016;TENIS KIDY ULTRA FLEX MARINHO/VERDE;480 
445;TENIS KIDY ULTRA FLEX;4450016;TENIS KIDY ULTRA FLEX PRETO/VERMELHO;1.029 
445;TENIS KIDY ULTRA FLEX;4450016;TENIS KIDY ULTRA FLEX VERDE MILITAR/LARANJA;1.351 
445;TENIS KIDY ULTRA FLEX;4450022;TENIS KIDY ULTRA FLEX MARINHO/VERDE;1.182 
445;TENIS KIDY ULTRA FLEX;4450022;TENIS KIDY ULTRA FLEX MARROM/CAFE;678 
445;TENIS KIDY ULTRA FLEX;4450022;TENIS KIDY ULTRA FLEX VERDE MILITAR/LARANJA;408 
445;TENIS KIDY ULTRA FLEX;4450023;TENIS KIDY ULTRA FLEX MARINHO/VERDE;27 
445;TENIS KIDY ULTRA FLEX;4450023;TENIS KIDY ULTRA FLEX VERDE MARROM/CAFE;156 
445;TENIS KIDY ULTRA FLEX;4450023;TENIS KIDY ULTRA FLEX VERDE MILITAR/LARANJA;24 
445;TENIS KIDY ULTRA FLEX;4450024;TENIS KIDY ULTRA FLEX PRETO/VERMELHO;744 
445;TENIS KIDY ULTRA FLEX;4451004;TENIS KIDY ULTRA FLEX GRAFITE/PINK/PRETO;177 
445;TENIS KIDY ULTRA FLEX;4451004;TENIS KIDY ULTRA FLEX MARINHO/ROSA;504 
445;TENIS KIDY ULTRA FLEX;4451004;TENIS KIDY ULTRA FLEX PRETO/LILAS;51 
445;TENIS KIDY ULTRA FLEX;4451004;TENIS KIDY ULTRA FLEX PRETO/PINK NEON;510 
445;TENIS KIDY ULTRA FLEX;4451005;TENIS KIDY ULTRA FLEX BRANCO/ROSA/PINK;285 
445;TENIS KIDY ULTRA FLEX;4451005;TENIS KIDY ULTRA FLEX CINZA/ROSA;51 
445;TENIS KIDY ULTRA FLEX;4451005;TENIS KIDY ULTRA FLEX MARINHO/ROSA;285 
445;TENIS KIDY ULTRA FLEX;4451005;TENIS KIDY ULTRA FLEX PRETO/GLOSS;899 
445;TENIS KIDY ULTRA FLEX;4451006;TENIS KIDY ULTRA FLEX BRANCO/COLORIDO;885 
445;TENIS KIDY ULTRA FLEX;4451006;TENIS KIDY ULTRA FLEX NUDE;270 
445;TENIS KIDY ULTRA FLEX;4451006;TENIS KIDY ULTRA FLEX PRETO;825 
445;TENIS KIDY ULTRA FLEX;4451007;TENIS KIDY ULTRA FLEX COLORIDO;149 
445;TENIS KIDY ULTRA FLEX;4451007;TENIS KIDY ULTRA FLEX NUDE;1.403 
445;TENIS KIDY ULTRA FLEX;4451007;TENIS KIDY ULTRA FLEX OURO;96 
445;TENIS KIDY ULTRA FLEX;4451007;TENIS KIDY ULTRA FLEX PRATA;875 
445;TENIS KIDY ULTRA FLEX;4451007;TENIS KIDY ULTRA FLEX PRETO;2.133 
445;TENIS KIDY ULTRA FLEX;4451009;TENIS KIDY ULTRA FLEX NUDE;2.334 
445;TENIS KIDY ULTRA FLEX;4451009;TENIS KIDY ULTRA FLEX OURO;69 
445;TENIS KIDY ULTRA FLEX;4451009;TENIS KIDY ULTRA FLEX PRETO;489 
445;TENIS KIDY ULTRA FLEX;4451010;TENIS KIDY ULTRA FLEX BRANCO/COLORIDO;78 
445;TENIS KIDY ULTRA FLEX;4451010;TENIS KIDY ULTRA FLEX NUDE;549 
445;TENIS KIDY ULTRA FLEX;4451010;TENIS KIDY ULTRA FLEX PRETO;237 
445;TENIS KIDY ULTRA FLEX;4451012;TENIS KIDY ULTRA FLEX NUDE;33 
445;TENIS KIDY ULTRA FLEX;4451012;TENIS KIDY ULTRA FLEX PRETO/BRANCO;168 
445;TENIS KIDY ULTRA FLEX;4451012;TENIS KIDY ULTRA FLEX PRETO/PINK;429 
445;TENIS KIDY ULTRA FLEX;4451012;TENIS KIDY ULTRA FLEX ROSA;30 
445;TENIS KIDY ULTRA FLEX;4451013;TENIS KIDY ULTRA FLEX MARINHO/ROSA;6 
445;TENIS KIDY ULTRA FLEX;4451013;TENIS KIDY ULTRA FLEX NUDE;18 
445;TENIS KIDY ULTRA FLEX;4451013;TENIS KIDY ULTRA FLEX PRETO/LILAS;30 
445;TENIS KIDY ULTRA FLEX;4451013;TENIS KIDY ULTRA FLEX PRETO/PINK NEON;6 
445;TENIS KIDY ULTRA FLEX;4451014;TENIS KIDY ULTRA FLEX PRATA/ROSA;102 
445;TENIS KIDY ULTRA FLEX;4451014;TENIS KIDY ULTRA FLEX PRETO;21 
445;TENIS KIDY ULTRA FLEX;4451014;TENIS KIDY ULTRA FLEX ROSA;12 
445;TENIS KIDY ULTRA FLEX;4451015;TENIS KIDY ULTRA FLEX BRANCO;36 
445;TENIS KIDY ULTRA FLEX;4451015;TENIS KIDY ULTRA FLEX NUDE;915 
445;TENIS KIDY ULTRA FLEX;4451015;TENIS KIDY ULTRA FLEX OURO;165 
445;TENIS KIDY ULTRA FLEX;4451015;TENIS KIDY ULTRA FLEX PRETO;472 
445;TENIS KIDY ULTRA FLEX;4451016;TENIS KIDY ULTRA FLEX LILAS;87 
445;TENIS KIDY ULTRA FLEX;4451016;TENIS KIDY ULTRA FLEX PRETO;717 
445;TENIS KIDY ULTRA FLEX;4451016;TENIS KIDY ULTRA FLEX ROSA;1.113 
445;TENIS KIDY ULTRA FLEX;4451020;TENIS KIDY ULTRA FLEX MARFIM;669 
445;TENIS KIDY ULTRA FLEX;4451020;TENIS KIDY ULTRA FLEX MARROM/CAFE;204 
445;TENIS KIDY ULTRA FLEX;4451020;TENIS KIDY ULTRA FLEX ROSA;1.722 
445;TENIS KIDY ULTRA FLEX;4451021;TENIS KIDY ULTRA FLEX MARFIM;27 
445;TENIS KIDY ULTRA FLEX;4451021;TENIS KIDY ULTRA FLEX MARROM/CAFE;24 
445;TENIS KIDY ULTRA FLEX;4451021;TENIS KIDY ULTRA FLEX ROSA;156 
445;TENIS KIDY ULTRA FLEX;4452001;TENIS KIDY ULTRA FLEX MARINHO/AMARELO NEON;90 
445;TENIS KIDY ULTRA FLEX;4452001;TENIS KIDY ULTRA FLEX PRETO/LARANJA NEON;102 
446;TENIS KIDY EQUILIBRIO;4460001;TENIS KIDY EQUILIBRIO AZUL ROYAL/CINZA;75 
446;TENIS KIDY EQUILIBRIO;4460001;TENIS KIDY EQUILIBRIO CINZA/MARINHO;93 
446;TENIS KIDY EQUILIBRIO;4460001;TENIS KIDY EQUILIBRIO MARINHO;267 
446;TENIS KIDY EQUILIBRIO;4460001;TENIS KIDY EQUILIBRIO MARINHO/VERDE;30 
446;TENIS KIDY EQUILIBRIO;4460001;TENIS KIDY EQUILIBRIO PRETO;108 
446;TENIS KIDY EQUILIBRIO;4460001;TENIS KIDY EQUILIBRIO PRETO/GRAFITE;102 
446;TENIS KIDY EQUILIBRIO;4460002;TENIS KIDY EQUILIBRIO BRANCO;530 
446;TENIS KIDY EQUILIBRIO;4460002;TENIS KIDY EQUILIBRIO BRANCO/MARINHO;2.520 
446;TENIS KIDY EQUILIBRIO;4460002;TENIS KIDY EQUILIBRIO MARINHO;2.352 
446;TENIS KIDY EQUILIBRIO;4460002;TENIS KIDY EQUILIBRIO PRETO;225 
446;TENIS KIDY EQUILIBRIO;4460003;TENIS KIDY EQUILIBRIO AZUL ROYAL/MARINHO/VERMELHO;66 
446;TENIS KIDY EQUILIBRIO;4460003;TENIS KIDY EQUILIBRIO CINZA CLARO/AZUL/VERDE;156 
446;TENIS KIDY EQUILIBRIO;4460003;TENIS KIDY EQUILIBRIO MARINHO;51 
446;TENIS KIDY EQUILIBRIO;4460003;TENIS KIDY EQUILIBRIO MARINHO/LARANJA;36 
446;TENIS KIDY EQUILIBRIO;4460003;TENIS KIDY EQUILIBRIO PRETO/MARINHO;72 
446;TENIS KIDY EQUILIBRIO;4460004;TENIS KIDY EQUILIBRIO AZUL ROYAL;48 
446;TENIS KIDY EQUILIBRIO;4460004;TENIS KIDY EQUILIBRIO GRAFITE;42 
446;TENIS KIDY EQUILIBRIO;4460004;TENIS KIDY EQUILIBRIO MARINHO;1.217 
446;TENIS KIDY EQUILIBRIO;4460004;TENIS KIDY EQUILIBRIO PRETO;378 
446;TENIS KIDY EQUILIBRIO;4460005;TENIS KIDY EQUILIBRIO AZUL ROYAL/VERDE;21 
446;TENIS KIDY EQUILIBRIO;4460005;TENIS KIDY EQUILIBRIO GRAFITE/VERMELHO;273 
446;TENIS KIDY EQUILIBRIO;4460005;TENIS KIDY EQUILIBRIO MARINHO;414 
446;TENIS KIDY EQUILIBRIO;4460005;TENIS KIDY EQUILIBRIO PRETO;134 
446;TENIS KIDY EQUILIBRIO;4460006;TENIS KIDY EQUILIBRIO MARINHO;417 
446;TENIS KIDY EQUILIBRIO;4460006;TENIS KIDY EQUILIBRIO PRETO;1.155 
446;TENIS KIDY EQUILIBRIO;4460007;TENIS KIDY EQUILIBRIO MARINHO/AZUL ROYAL;279 
446;TENIS KIDY EQUILIBRIO;4460007;TENIS KIDY EQUILIBRIO MARINHO/BRANCO;12 
446;TENIS KIDY EQUILIBRIO;4460007;TENIS KIDY EQUILIBRIO PRETO/LARANJA;21 
446;TENIS KIDY EQUILIBRIO;4460008;TENIS KIDY EQUILIBRIO AZUL ROYAL/MARINHO;30 
446;TENIS KIDY EQUILIBRIO;4460008;TENIS KIDY EQUILIBRIO GRAFITE/VERMELHO;12 
446;TENIS KIDY EQUILIBRIO;4460008;TENIS KIDY EQUILIBRIO MARINHO/LARANJA;6 
446;TENIS KIDY EQUILIBRIO;4460008;TENIS KIDY EQUILIBRIO PRETO/VERDE;78 
446;TENIS KIDY EQUILIBRIO;4461001;TENIS KIDY EQUILIBRIO NUDE;213 
446;TENIS KIDY EQUILIBRIO;4461001;TENIS KIDY EQUILIBRIO NUDE/BRANCO;93 
446;TENIS KIDY EQUILIBRIO;4461001;TENIS KIDY EQUILIBRIO NUDE/VERDE PISCINA;63 
446;TENIS KIDY EQUILIBRIO;4461001;TENIS KIDY EQUILIBRIO ROSA/LILAS;81 
446;TENIS KIDY EQUILIBRIO;4461002;TENIS KIDY EQUILIBRIO BRANCO/NUDE;825 
446;TENIS KIDY EQUILIBRIO;4461002;TENIS KIDY EQUILIBRIO NUDE/PINK NEON;4.152 
446;TENIS KIDY EQUILIBRIO;4461002;TENIS KIDY EQUILIBRIO PRETO/PINK;165 
446;TENIS KIDY EQUILIBRIO;4461003;TENIS KIDY EQUILIBRIO AZUL BB/COLORIDO;21 
446;TENIS KIDY EQUILIBRIO;4461003;TENIS KIDY EQUILIBRIO NUDE/COLORIDO;12 
446;TENIS KIDY EQUILIBRIO;4461003;TENIS KIDY EQUILIBRIO PINK/COLORIDO;165 
446;TENIS KIDY EQUILIBRIO;4461004;NU-TENIS KIDY EQUILIBRIO AZUL/NUDE;51 
446;TENIS KIDY EQUILIBRIO;4461004;NU-TENIS KIDY EQUILIBRIO NUDE;372 
446;TENIS KIDY EQUILIBRIO;4461004;TENIS KIDY EQUILIBRIO ROSA;363 
446;TENIS KIDY EQUILIBRIO;4461005;TENIS KIDY EQUILIBRIO AZUL/ROSA;204 
446;TENIS KIDY EQUILIBRIO;4461005;TENIS KIDY EQUILIBRIO BRANCO/NUDE;9 
446;TENIS KIDY EQUILIBRIO;4461005;TENIS KIDY EQUILIBRIO NUDE/VERDE ACQUA;24 
446;TENIS KIDY EQUILIBRIO;4461005;TENIS KIDY EQUILIBRIO ROSA/PINK NEON;585 
446;TENIS KIDY EQUILIBRIO;4461006;TENIS KIDY EQUILIBRIO PRETO;783 
446;TENIS KIDY EQUILIBRIO;4461006;TENIS KIDY EQUILIBRIO ROSA;1.125 
446;TENIS KIDY EQUILIBRIO;4461007;TENIS KIDY EQUILIBRIO BRANCO/NUDE;279 
446;TENIS KIDY EQUILIBRIO;4461007;TENIS KIDY EQUILIBRIO MARFIM;39 
446;TENIS KIDY EQUILIBRIO;4461007;TENIS KIDY EQUILIBRIO NUDE;42 
446;TENIS KIDY EQUILIBRIO;4461007;TENIS KIDY EQUILIBRIO PRETO/PINK;9 
446;TENIS KIDY EQUILIBRIO;4461008;TENIS KIDY EQUILIBRIO LILAS/NUDE;54 
446;TENIS KIDY EQUILIBRIO;4461008;TENIS KIDY EQUILIBRIO NUDE/ANIS;36 
446;TENIS KIDY EQUILIBRIO;4461008;TENIS KIDY EQUILIBRIO PRETO/PINK;24 
446;TENIS KIDY EQUILIBRIO;4461008;TENIS KIDY EQUILIBRIO ROSA/BRANCO;57 
448;TENIS K-360 ESTILO RESPI-TEC;4480001;TÊNIS K360 ESTILO RESPITEC BRANCO/CANELA;882 
448;TENIS K-360 ESTILO RESPI-TEC;4480001;TÊNIS K360 ESTILO RESPITEC NATURAL/MARINHO;331 
448;TENIS K-360 ESTILO RESPI-TEC;4480001;TÊNIS K360 ESTILO RESPITEC PRETO;647 
448;TENIS K-360 ESTILO RESPI-TEC;4480001;TÊNIS K360 ESTILO RESPITEC PRETO/BRANCO/VERMELHO;423 
448;TENIS K-360 ESTILO RESPI-TEC;4480001;TÊNIS K360 ESTILO RESPITEC PRETO/GRAFITE;1.991 
448;TENIS K-360 ESTILO RESPI-TEC;4480002;TÊNIS K360 ESTILO RESPITEC BRANCO/CANELA;174 
448;TENIS K-360 ESTILO RESPI-TEC;4480002;TÊNIS K360 ESTILO RESPITEC BRANCO/CINZA;1.633 
448;TENIS K-360 ESTILO RESPI-TEC;4480002;TÊNIS K360 ESTILO RESPITEC BRANCO/CINZA/VERDE;6.647 
448;TENIS K-360 ESTILO RESPI-TEC;4480002;TÊNIS K360 ESTILO RESPITEC MARINHO/VERDE;639 
448;TENIS K-360 ESTILO RESPI-TEC;4480002;TÊNIS K360 ESTILO RESPITEC PRETO/BRANCO;2.861 
448;TENIS K-360 ESTILO RESPI-TEC;4480003;TÊNIS K360 ESTILO RESPITEC BRANCO/VERDE MILITAR/BEGE;45 
448;TENIS K-360 ESTILO RESPI-TEC;4480003;TÊNIS K360 ESTILO RESPITEC CARAMELO/PRETO;141 
448;TENIS K-360 ESTILO RESPI-TEC;4480003;TÊNIS K360 ESTILO RESPITEC NATURAL/MARINHO;2.468 
448;TENIS K-360 ESTILO RESPI-TEC;4480003;TÊNIS K360 ESTILO RESPITEC PRETO/BRANCO/VERMELHO;426 
448;TENIS K-360 ESTILO RESPI-TEC;4480003;TÊNIS K360 ESTILO RESPITEC PRETO/CARAMELO;180 
448;TENIS K-360 ESTILO RESPI-TEC;4480004;TÊNIS K360 ESTILO RESPITEC BRANCO/CINZA/AZUL CLARO;329 
448;TENIS K-360 ESTILO RESPI-TEC;4480004;TÊNIS K360 ESTILO RESPITEC BRANCO/MARINHO;153 
448;TENIS K-360 ESTILO RESPI-TEC;4480004;TÊNIS K360 ESTILO RESPITEC CARAMELO/PRETO;294 
448;TENIS K-360 ESTILO RESPI-TEC;4480004;TÊNIS K360 ESTILO RESPITEC PRETO/BRANCO;21 
448;TENIS K-360 ESTILO RESPI-TEC;4480004;TÊNIS K360 ESTILO RESPITEC PRETO/BRANCO/VERMELHO;6.591 
448;TENIS K-360 ESTILO RESPI-TEC;4480004;TÊNIS K360 ESTILO RESPITEC PRETO/CARAMELO;318 
448;TENIS K-360 ESTILO RESPI-TEC;4480006;TÊNIS K360 ESTILO RESPITEC BRANCO/PRETO;24 
448;TENIS K-360 ESTILO RESPI-TEC;4480006;TÊNIS K360 ESTILO RESPITEC MARINHO/BRANCO;27 
448;TENIS K-360 ESTILO RESPI-TEC;4480006;TÊNIS K360 ESTILO RESPITEC PRETO/BEGE;846 
448;TENIS K-360 ESTILO RESPI-TEC;4480006;TÊNIS K360 ESTILO RESPITEC PRETO/BRANCO;390 
448;TENIS K-360 ESTILO RESPI-TEC;4480006;TÊNIS K360 ESTILO RESPITEC PRETO/BRANCO/PRETO;42 
448;TENIS K-360 ESTILO RESPI-TEC;4480007;TÊNIS K360 ESTILO RESPITEC BRANCO/CINZA;534 
448;TENIS K-360 ESTILO RESPI-TEC;4480007;TÊNIS K360 ESTILO RESPITEC NATURAL/TAUPE;234 
448;TENIS K-360 ESTILO RESPI-TEC;4480007;TÊNIS K360 ESTILO RESPITEC PRETO/BEGE;24 
448;TENIS K-360 ESTILO RESPI-TEC;4480007;TÊNIS K360 ESTILO RESPITEC PRETO/BRANCO;12 
448;TENIS K-360 ESTILO RESPI-TEC;4480007;TÊNIS K360 ESTILO RESPITEC PRETO/CASTANHO;45 
448;TENIS K-360 ESTILO RESPI-TEC;4481001;TÊNIS K360 ESTILO RESPITEC BRANCO/MARFIM;273 
448;TENIS K-360 ESTILO RESPI-TEC;4481001;TÊNIS K360 ESTILO RESPITEC BRANCO/NUDE/AMARELO;1.818 
448;TENIS K-360 ESTILO RESPI-TEC;4481001;TÊNIS K360 ESTILO RESPITEC BRANCO/PRATA;117 
448;TENIS K-360 ESTILO RESPI-TEC;4481001;TÊNIS K360 ESTILO RESPITEC BRANCO/PRETO;93 
448;TENIS K-360 ESTILO RESPI-TEC;4481002;TÊNIS K360 ESTILO RESPITEC BRANCO/BEGE;504 
448;TENIS K-360 ESTILO RESPI-TEC;4481002;TÊNIS K360 ESTILO RESPITEC BRANCO/COLORIDO;936 
448;TENIS K-360 ESTILO RESPI-TEC;4481002;TÊNIS K360 ESTILO RESPITEC BRANCO/NUDE;813 
448;TENIS K-360 ESTILO RESPI-TEC;4481002;TÊNIS K360 ESTILO RESPITEC BRANCO/PRATA;1.619 
448;TENIS K-360 ESTILO RESPI-TEC;4481002;TÊNIS K360 ESTILO RESPITEC BRANCO/PRETO;87 
448;TENIS K-360 ESTILO RESPI-TEC;4481002;TÊNIS K360 ESTILO RESPITEC PRETO;366 
448;TENIS K-360 ESTILO RESPI-TEC;4481003;TÊNIS K360 ESTILO RESPITEC BRANCO/AZUL;352 
448;TENIS K-360 ESTILO RESPI-TEC;4481003;TÊNIS K360 ESTILO RESPITEC BRANCO/BEGE;9.746 
448;TENIS K-360 ESTILO RESPI-TEC;4481003;TÊNIS K360 ESTILO RESPITEC BRANCO/NUDE/AMARELO;564 
448;TENIS K-360 ESTILO RESPI-TEC;4481003;TÊNIS K360 ESTILO RESPITEC BRANCO/PRETO;222 
448;TENIS K-360 ESTILO RESPI-TEC;4481003;TÊNIS K360 ESTILO RESPITEC MARFIM;42 
448;TENIS K-360 ESTILO RESPI-TEC;4481003;TÊNIS K360 ESTILO RESPITEC PRETO;156 
448;TENIS K-360 ESTILO RESPI-TEC;4481004;TÊNIS K360 ESTILO RESPITEC BRANCO/NUDE;101 
448;TENIS K-360 ESTILO RESPI-TEC;4481004;TÊNIS K360 ESTILO RESPITEC BRANCO/PINK/PRETO;489 
448;TENIS K-360 ESTILO RESPI-TEC;4481004;TÊNIS K360 ESTILO RESPITEC PRETO;75 
448;TENIS K-360 ESTILO RESPI-TEC;4481006;TÊNIS K360 ESTILO RESPITEC BRANCO/MARFIM;54 
448;TENIS K-360 ESTILO RESPI-TEC;4481006;TÊNIS K360 ESTILO RESPITEC BRANCO/ONCA;6 
448;TENIS K-360 ESTILO RESPI-TEC;4481006;TÊNIS K360 ESTILO RESPITEC BRANCO/PRATA;60 
448;TENIS K-360 ESTILO RESPI-TEC;4481006;TÊNIS K360 ESTILO RESPITEC MARFIM/OURO;708 
448;TENIS K-360 ESTILO RESPI-TEC;4481006;TÊNIS K360 ESTILO RESPITEC PRETO/MARFIM;45 
448;TENIS K-360 ESTILO RESPI-TEC;4481007;TÊNIS K360 ESTILO RESPITEC BRANCO/PRATA;114 
448;TENIS K-360 ESTILO RESPI-TEC;4481007;TÊNIS K360 ESTILO RESPITEC MARFIM;24 
448;TENIS K-360 ESTILO RESPI-TEC;4481007;TÊNIS K360 ESTILO RESPITEC PRETO;21 
448;TENIS K-360 ESTILO RESPI-TEC;4481008;TÊNIS K360 ESTILO RESPITEC BRANCO/OURO;363 
448;TENIS K-360 ESTILO RESPI-TEC;4481008;TÊNIS K360 ESTILO RESPITEC MARFIM;240 
448;TENIS K-360 ESTILO RESPI-TEC;4481008;TÊNIS K360 ESTILO RESPITEC PRETO;39 
448;TENIS K-360 ESTILO RESPI-TEC;4481009;TÊNIS K360 ESTILO RESPITEC BRANCO/NUDE;12 
448;TENIS K-360 ESTILO RESPI-TEC;4481009;TÊNIS K360 ESTILO RESPITEC MARFIM;24 
448;TENIS K-360 ESTILO RESPI-TEC;4481009;TÊNIS K360 ESTILO RESPITEC MARINHO;12 
448;TENIS K-360 ESTILO RESPI-TEC;4481009;TÊNIS K360 ESTILO RESPITEC PRETO;12 
448;TENIS K-360 ESTILO RESPI-TEC;4484000;TÊNIS K360 ESTILO RESPITEC AZUL ROYAL/VERMELHO/BRANCO;60 
448;TENIS K-360 ESTILO RESPI-TEC;4484000;TÊNIS K360 ESTILO RESPITEC BRANCO/AZUL ROYAL;24 
448;TENIS K-360 ESTILO RESPI-TEC;4484000;TÊNIS K360 ESTILO RESPITEC MARINHO/AZUL ROYAL/GELO;9 
448;TENIS K-360 ESTILO RESPI-TEC;4484000;TÊNIS K360 ESTILO RESPITEC PRETO/BRANCO/VERMELHO;93 
448;TENIS K-360 ESTILO RESPI-TEC;4485000;TÊNIS K360 ESTILO RESPITEC AZUL BB/BRANCO;105 
448;TENIS K-360 ESTILO RESPI-TEC;4485000;TÊNIS K360 ESTILO RESPITEC BRANCO/NUDE;9 
448;TENIS K-360 ESTILO RESPI-TEC;4485000;TÊNIS K360 ESTILO RESPITEC LAVANDA/UVA;84 
448;TENIS K-360 ESTILO RESPI-TEC;4485000;TÊNIS K360 ESTILO RESPITEC ROSA/GLOSS;36 
451;PAPETE KIDY PLAY;4510002;PAPEPTE KIDY PLAY GRAFITE/LARANJA NEON;123 
451;PAPETE KIDY PLAY;4510002;PAPEPTE KIDY PLAY MARINHO/AZUL CIANO;726 
451;PAPETE KIDY PLAY;4510002;PAPEPTE KIDY PLAY MARINHO/VERDE FLUOR;195 
451;PAPETE KIDY PLAY;4510002;PAPEPTE KIDY PLAY PRETO/VERMELHO;156 
452;TENIS RK 70;4520001;TÊNIS RK 70 BEGE/AREIA;423 
452;TENIS RK 70;4520001;TÊNIS RK 70 BEGE/VERDE MUSGO;177 
452;TENIS RK 70;4520001;TÊNIS RK 70 BRANCO/AZUL ROYAL;24 
452;TENIS RK 70;4520001;TÊNIS RK 70 BRANCO/CINZA;84 
452;TENIS RK 70;4520001;TÊNIS RK 70 BRANCO/PRETO/CINZA;2.375 
452;TENIS RK 70;4520001;TÊNIS RK 70 MARINHO/CINZA;657 
452;TENIS RK 70;4520001;TÊNIS RK 70 PRETO;2.435 
452;TENIS RK 70;4520001;TÊNIS RK 70 PRETO/GRAFITE;99 
452;TENIS RK 70;4520002;TÊNIS RK 70 BEGE/MARINHO;338 
452;TENIS RK 70;4520002;TÊNIS RK 70 BRANCO/BEGE/AZUL;57 
452;TENIS RK 70;4520002;TÊNIS RK 70 BRANCO/CINZA/MARINHO;1.077 
452;TENIS RK 70;4520002;TÊNIS RK 70 GRAFITE/PRETO;6 
452;TENIS RK 70;4520002;TÊNIS RK 70 PRETO;93 
452;TENIS RK 70;4520002;TÊNIS RK 70 VERDE MUSGO/PRETO;66 
452;TENIS RK 70;4520003;TÊNIS RK 70 AZUL ROYAL;5.386 
452;TENIS RK 70;4520003;TÊNIS RK 70 BEGE/AREIA;63 
452;TENIS RK 70;4520003;TÊNIS RK 70 BRANCO/PRETO/CINZA;76 
452;TENIS RK 70;4520003;TÊNIS RK 70 CINZA/BRANCO/ROYAL;408 
452;TENIS RK 70;4520003;TÊNIS RK 70 GRAFITE;2.805 
452;TENIS RK 70;4520003;TÊNIS RK 70 PRETO;253 
452;TENIS RK 70;4520005;TÊNIS RK 70 BRANCO/AZUL ROYAL;18 
452;TENIS RK 70;4520005;TÊNIS RK 70 CARAMELO/MARROM;87 
452;TENIS RK 70;4520005;TÊNIS RK 70 MARINHO;36 
452;TENIS RK 70;4520005;TÊNIS RK 70 PRETO;30 
452;TENIS RK 70;4520005;TÊNIS RK 70 PRETO/BRANCO;30 
452;TENIS RK 70;4520006;TÊNIS RK 70 BRANCO;30 
452;TENIS RK 70;4520006;TÊNIS RK 70 MARINHO;18 
452;TENIS RK 70;4520006;TÊNIS RK 70 PRETO;219 
452;TENIS RK 70;4520006;TÊNIS RK 70 PRETO/BRANCO;12 
452;TENIS RK 70;4521001;TÊNIS RK 70 BRANCO/BEGE;105 
452;TENIS RK 70;4521001;TÊNIS RK 70 BRANCO/PRATA/ROSA;909 
452;TENIS RK 70;4521001;TÊNIS RK 70 BRANCO/ROSA;4.883 
452;TENIS RK 70;4521001;TÊNIS RK 70 PINK;33 
452;TENIS RK 70;4521001;TÊNIS RK 70 PRETO;259 
452;TENIS RK 70;4521001;TÊNIS RK 70 ROSA;242 
452;TENIS RK 70;4521002;TÊNIS RK 70 NUDE;297 
452;TENIS RK 70;4521002;TÊNIS RK 70 OURO;66 
452;TENIS RK 70;4521002;TÊNIS RK 70 PRATA;1.560 
452;TENIS RK 70;4521002;TÊNIS RK 70 PRETO;81 
452;TENIS RK 70;4521003;TÊNIS RK 70 AZUL/ROSA;1.526 
452;TENIS RK 70;4521003;TÊNIS RK 70 BEGE/OURO;170 
452;TENIS RK 70;4521003;TÊNIS RK 70 NUDE/MARINE;27 
452;TENIS RK 70;4521003;TÊNIS RK 70 PINK/BRANCO;512 
452;TENIS RK 70;4521003;TÊNIS RK 70 ROSA;2.518 
452;TENIS RK 70;4521004;TÊNIS RK 70 PRETO/ONÇA;36 
452;TENIS RK 70;4521005;TÊNIS RK 70 PRETO/ONÇA;45 
452;TENIS RK 70;4521007;TÊNIS RK 70 OURO;168 
452;TENIS RK 70;4521007;TÊNIS RK 70 PRATA;39 
452;TENIS RK 70;4521007;TÊNIS RK 70 PRETO;12 
452;TENIS RK 70;4521008;TÊNIS RK 70 PRATA;48 
452;TENIS RK 70;4521008;TÊNIS RK 70 ROSA;120 
453;TENIS K360 ENERGY 2;4530001;TENIS K360 ENERGY 2 AZUL ROYAL/MARINHO;187 
453;TENIS K360 ENERGY 2;4530001;TENIS K360 ENERGY 2 CINZA/AMARELO NEON;786 
453;TENIS K360 ENERGY 2;4530001;TENIS K360 ENERGY 2 GRAFITE/LARANJA NEON;1.322 
453;TENIS K360 ENERGY 2;4530001;TENIS K360 ENERGY 2 MARINHO/AMARELO NEON;2.034 
453;TENIS K360 ENERGY 2;4530001;TENIS K360 ENERGY 2 MARINHO/PRATA;2.172 
453;TENIS K360 ENERGY 2;4530001;TENIS K360 ENERGY 2 PRETO/BRONZE;5.122 
453;TENIS K360 ENERGY 2;4530001;TENIS K360 ENERGY 2 PRETO/CORAL;117 
453;TENIS K360 ENERGY 2;4530001;TENIS K360 ENERGY 2 PRETO/VERMELHO;1.254 
453;TENIS K360 ENERGY 2;4530002;TENIS K360 ENERGY 2 CINZA/PRETO;190 
453;TENIS K360 ENERGY 2;4530002;TENIS K360 ENERGY 2 GRAFITE/AMARELO NEON;111 
453;TENIS K360 ENERGY 2;4530002;TENIS K360 ENERGY 2 MARINHO;786 
453;TENIS K360 ENERGY 2;4530002;TENIS K360 ENERGY 2 MARINHO/AZUL ROYAL;561 
453;TENIS K360 ENERGY 2;4530002;TENIS K360 ENERGY 2 PRETO/AMARELO NEON;2.781 
453;TENIS K360 ENERGY 2;4530002;TENIS K360 ENERGY 2 PRETO/AZUL;755 
453;TENIS K360 ENERGY 2;4530002;TENIS K360 ENERGY 2 PRETO/CITRUS;249 
453;TENIS K360 ENERGY 2;4530002;TENIS K360 ENERGY 2 PRETO/LARANJA NEON;210 
453;TENIS K360 ENERGY 2;4530002;TENIS K360 ENERGY 2 PRETO/PRATA;756 
453;TENIS K360 ENERGY 2;4530002;TENIS K360 ENERGY 2 PRETO/VERMELHO;225 
453;TENIS K360 ENERGY 2;4530003;TENIS K360 ENERGY 2 GRAFITE/PRETO/AMARELO NEON;42 
453;TENIS K360 ENERGY 2;4530003;TENIS K360 ENERGY 2 MARINHO;2.694 
453;TENIS K360 ENERGY 2;4530003;TENIS K360 ENERGY 2 MARINHO/AZUL ROYAL;3.102 
453;TENIS K360 ENERGY 2;4530003;TENIS K360 ENERGY 2 PRETO;96 
453;TENIS K360 ENERGY 2;4530003;TENIS K360 ENERGY 2 PRETO/BRONZE;2.523 
453;TENIS K360 ENERGY 2;4530003;TENIS K360 ENERGY 2 PRETO/VERMELHO;4.050 
453;TENIS K360 ENERGY 2;4530003;TENIS K360 ENERGY 2 VERDE MILITAR/PRETO/LARANJA;66 
453;TENIS K360 ENERGY 2;4530006;TENIS K360 ENERGY 2 BRANCO/AZUL CLARO;24 
453;TENIS K360 ENERGY 2;4530006;TENIS K360 ENERGY 2 BRANCO/PRETO/AZUL;90 
453;TENIS K360 ENERGY 2;4530006;TENIS K360 ENERGY 2 CINZA/MARINHO;54 
453;TENIS K360 ENERGY 2;4530006;TENIS K360 ENERGY 2 GRAFITE/PRETO/VERMELHO;75 
453;TENIS K360 ENERGY 2;4530006;TENIS K360 ENERGY 2 MARINHO/LARANJA;45 
453;TENIS K360 ENERGY 2;4530006;TENIS K360 ENERGY 2 PRETO/AMARELO NEON;51 
453;TENIS K360 ENERGY 2;4530007;TENIS K360 ENERGY 2 GRAFITE/PRATA;12 
453;TENIS K360 ENERGY 2;4530007;TENIS K360 ENERGY 2 MARINHO/PRATA;339 
453;TENIS K360 ENERGY 2;4530007;TENIS K360 ENERGY 2 PRETO;120 
453;TENIS K360 ENERGY 2;4530007;TENIS K360 ENERGY 2 PRETO/BRONZE;105 
453;TENIS K360 ENERGY 2;4530008;TENIS K360 ENERGY 2 MARINHO/AMARELO NEON;36 
453;TENIS K360 ENERGY 2;4530008;TENIS K360 ENERGY 2 MARINHO/PRATA;30 
453;TENIS K360 ENERGY 2;4530008;TENIS K360 ENERGY 2 PRETO/LARANJA;108 
453;TENIS K360 ENERGY 2;4530008;TENIS K360 ENERGY 2 PRETO/PRATA;48 
453;TENIS K360 ENERGY 2;4530008;TENIS K360 ENERGY 2PRETO/BRONZE;30 
453;TENIS K360 ENERGY 2;4531001;TENIS K360 ENERGY 2 GRAFITE/VERDE/ACQUA/PINK;159 
453;TENIS K360 ENERGY 2;4531001;TENIS K360 ENERGY 2 MARFIM/BRONZE;2.756 
453;TENIS K360 ENERGY 2;4531001;TENIS K360 ENERGY 2 MARINHO/NUDE;234 
453;TENIS K360 ENERGY 2;4531001;TENIS K360 ENERGY 2 MARINHO/ROSA/PRATA;1.451 
453;TENIS K360 ENERGY 2;4531001;TENIS K360 ENERGY 2 PRETO/ROSA;4.188 
453;TENIS K360 ENERGY 2;4531001;TENIS K360 ENERGY 2 PRETO/VERDE AGUA;648 
453;TENIS K360 ENERGY 2;4531002;TENIS K360 ENERGY 2 CINZA/VERDE;93 
453;TENIS K360 ENERGY 2;4531002;TENIS K360 ENERGY 2 GRAFITE/AZUL PISCINA;639 
453;TENIS K360 ENERGY 2;4531002;TENIS K360 ENERGY 2 MARFIM/DOURADO;384 
453;TENIS K360 ENERGY 2;4531002;TENIS K360 ENERGY 2 MARINHO/PRATA/ROSA;737 
453;TENIS K360 ENERGY 2;4531002;TENIS K360 ENERGY 2 PRETO/BRONZE;156 
453;TENIS K360 ENERGY 2;4531002;TENIS K360 ENERGY 2 PRETO/ROSA CHICLETE;1.863 
453;TENIS K360 ENERGY 2;4531003;TENIS K360 ENERGY 2 CINZA/LILAS/PINK;609 
453;TENIS K360 ENERGY 2;4531003;TENIS K360 ENERGY 2 GRAFITE/VERDE ACQUA/PINK;219 
453;TENIS K360 ENERGY 2;4531003;TENIS K360 ENERGY 2 MARFIM/DOURADO;558 
453;TENIS K360 ENERGY 2;4531003;TENIS K360 ENERGY 2 MARINHO/NUDE;24 
453;TENIS K360 ENERGY 2;4531003;TENIS K360 ENERGY 2 PRETO/ROSA;192 
453;TENIS K360 ENERGY 2;4531003;TENIS K360 ENERGY 2 PRETO/VERDE AGUA;3.801 
453;TENIS K360 ENERGY 2;4531003;TENIS K360 ENERGY 2 ROSA/AZALÉIA;2.036 
453;TENIS K360 ENERGY 2;4531006;TENIS K360 ENERGY 2 BRANCO/AZUL CLARO/LILAS;12 
453;TENIS K360 ENERGY 2;4531006;TENIS K360 ENERGY 2 MARINHO/MAGENTA;42 
453;TENIS K360 ENERGY 2;4531006;TENIS K360 ENERGY 2 PRETO/LILAS;60 
453;TENIS K360 ENERGY 2;4531006;TENIS K360 ENERGY 2 ROSA/PINK;12 
453;TENIS K360 ENERGY 2;4531007;TENIS K360 ENERGY 2 MARINHO/ROSA;78 
453;TENIS K360 ENERGY 2;4531007;TENIS K360 ENERGY 2 PRETO;12 
453;TENIS K360 ENERGY 2;4531007;TENIS K360 ENERGY 2 PRETO/ROSA;261 
453;TENIS K360 ENERGY 2;4531007;TENIS K360 ENERGY 2 PRETO/ROSA CHICLETE;27 
453;TENIS K360 ENERGY 2;4531007;TENIS K360 ENERGY 2 RAFITE/ROSA;27 
453;TENIS K360 ENERGY 2;4531008;TENIS K360 ENERGY 2 BRANCO/ROSA;60 
453;TENIS K360 ENERGY 2;4531008;TENIS K360 ENERGY 2 MARINHO/PINK;30 
453;TENIS K360 ENERGY 2;4531008;TENIS K360 ENERGY 2 PRETO/LILAS;78 
453;TENIS K360 ENERGY 2;4531008;TENIS K360 ENERGY 2 ROSA/OURO;48 
454;SANDÁLIA KIDY AURORA;4540001;SANDALIA KIDY AURORA MARFIM;171 
454;SANDÁLIA KIDY AURORA;4540002;SANDALIA KIDY AURORA BRANCO;68 
454;SANDÁLIA KIDY AURORA;4540002;SANDALIA KIDY AURORA MARFIM;246 
454;SANDÁLIA KIDY AURORA;4540002;SANDALIA KIDY AURORA PRETO;12 
454;SANDÁLIA KIDY AURORA;4540003;SANDALIA KIDY AURORA MARFIM;27 
454;SANDÁLIA KIDY AURORA;4540003;SANDALIA KIDY AURORA OURO;534 
454;SANDÁLIA KIDY AURORA;4540003;SANDALIA KIDY AURORA PRETO;69 
454;SANDÁLIA KIDY AURORA;4540004;SANDALIA KIDY AURORA BRANCO;30 
454;SANDÁLIA KIDY AURORA;4540004;SANDALIA KIDY AURORA MARFIM;80 
454;SANDÁLIA KIDY AURORA;4540004;SANDALIA KIDY AURORA OURO;147 
454;SANDÁLIA KIDY AURORA;4540004;SANDALIA KIDY AURORA PRETO;579 
454;SANDÁLIA KIDY AURORA;4540005;SANDALIA KIDY AURORA NUDE;78 
454;SANDÁLIA KIDY AURORA;4540005;SANDALIA KIDY AURORA OURO;69 
454;SANDÁLIA KIDY AURORA;4540005;SANDALIA KIDY AURORA PRETO;24 
454;SANDÁLIA KIDY AURORA;4540006;SANDALIA KIDY AURORA BRANCO;63 
454;SANDÁLIA KIDY AURORA;4540006;SANDALIA KIDY AURORA MARFIM;12 
454;SANDÁLIA KIDY AURORA;4540007;SANDALIA KIDY AURORA BRANCO;39 
454;SANDÁLIA KIDY AURORA;4540007;SANDALIA KIDY AURORA MARFIM;273 
454;SANDÁLIA KIDY AURORA;4540007;SANDALIA KIDY AURORA NUDE;9 
454;SANDÁLIA KIDY AURORA;4540007;SANDALIA KIDY AURORA OURO;144 
454;SANDÁLIA KIDY AURORA;4540007;SANDALIA KIDY AURORA PRATA;270 
454;SANDÁLIA KIDY AURORA;4540007;SANDALIA KIDY AURORA PRETO;72 
454;SANDÁLIA KIDY AURORA;4540008;SANDALIA KIDY AURORA OURO;107 
455;TENIS K360 RETRO;4550001;TENIS K360 RETRO BRANCO/AZUL;768 
455;TENIS K360 RETRO;4550001;TENIS K360 RETRO BRANCO/CINZA/MARINHO;222 
455;TENIS K360 RETRO;4550001;TENIS K360 RETRO CINZA/MARINHO;462 
455;TENIS K360 RETRO;4550001;TENIS K360 RETRO CINZA/PRETO;21 
455;TENIS K360 RETRO;4550001;TENIS K360 RETRO MRNHO/VRLHO/PRATA;108 
455;TENIS K360 RETRO;4550001;TENIS K360 RETRO PRETO/OURO;300 
455;TENIS K360 RETRO;4550001;TENIS K360 RETRO PRETO/PRATA;711 
455;TENIS K360 RETRO;4550002;TENIS K360 RETRO BRANCO/PRETO;210 
455;TENIS K360 RETRO;4550002;TENIS K360 RETRO CINZA/MARINHO;681 
455;TENIS K360 RETRO;4550002;TENIS K360 RETRO GRAFITE/PRETO;282 
455;TENIS K360 RETRO;4550002;TENIS K360 RETRO MARINHO/AZUL;75 
455;TENIS K360 RETRO;4550002;TENIS K360 RETRO PRETO/GRAFITE;1.752 
455;TENIS K360 RETRO;4551001;TENIS K360 RETRO BRANCO/ROSA;528 
455;TENIS K360 RETRO;4551001;TENIS K360 RETRO CINZA/ROSA;126 
455;TENIS K360 RETRO;4551001;TENIS K360 RETRO MARFIM/OURO;1.029 
455;TENIS K360 RETRO;4551001;TENIS K360 RETRO MARINHO/GLOSS;480 
455;TENIS K360 RETRO;4551001;TENIS K360 RETRO PRETO/ROSA;228 
455;TENIS K360 RETRO;4551002;TENIS K360 RETRO CINZA/ROSA;111 
455;TENIS K360 RETRO;4551002;TENIS K360 RETRO MARFIM/OURO;1.209 
455;TENIS K360 RETRO;4551002;TENIS K360 RETRO NUDE/PRATA;489 
455;TENIS K360 RETRO;4551002;TENIS K360 RETRO PRETO/ROSA/PRATA;75 
456;SANDALIA KIDY CRISTAL;4560001;SANDALIA KIDY CRISTAL BRANCO;57 
456;SANDALIA KIDY CRISTAL;4560001;SANDALIA KIDY CRISTAL MARFIM;208 
456;SANDALIA KIDY CRISTAL;4560001;SANDALIA KIDY CRISTAL PRETO;42 
456;SANDALIA KIDY CRISTAL;4560001;SANDALIA KIDY CRISTAL ROSA;171 
456;SANDALIA KIDY CRISTAL;4560002;SANDALIA KIDY CRISTAL NUDE;306 
456;SANDALIA KIDY CRISTAL;4560002;SANDALIA KIDY CRISTAL PRATA;36 
456;SANDALIA KIDY CRISTAL;4560003;SANDALIA KIDY CRISTAL MARFIM;30 
456;SANDALIA KIDY CRISTAL;4560003;SANDALIA KIDY CRISTAL NUDE;12 
456;SANDALIA KIDY CRISTAL;4560003;SANDALIA KIDY CRISTAL OURO;255 
456;SANDALIA KIDY CRISTAL;4560004;SANDALIA KIDY CRISTAL BRANCO;385 
456;SANDALIA KIDY CRISTAL;4560004;SANDALIA KIDY CRISTAL NUDE;21 
456;SANDALIA KIDY CRISTAL;4560004;SANDALIA KIDY CRISTAL OURO;181 
456;SANDALIA KIDY CRISTAL;4560004;SANDALIA KIDY CRISTAL PRATA;33 
456;SANDALIA KIDY CRISTAL;4560005;SANDALIA KIDY CRISTAL BRANCO;216 
456;SANDALIA KIDY CRISTAL;4560005;SANDALIA KIDY CRISTAL MARFIM;417 
456;SANDALIA KIDY CRISTAL;4560005;SANDALIA KIDY CRISTAL NUDE;456 
457;TENIS K360 ULTRA LEVE;4570001;TENIS K360 ULTRA LEVE BRANCO/GELO/AZUL;459 
457;TENIS K360 ULTRA LEVE;4570001;TENIS K360 ULTRA LEVE CAFE;6 
457;TENIS K360 ULTRA LEVE;4570001;TENIS K360 ULTRA LEVE NATURAL/CARAMELO;219 
457;TENIS K360 ULTRA LEVE;4570001;TENIS K360 ULTRA LEVE PRETO/BRANCO;33 
457;TENIS K360 ULTRA LEVE;4570001;TENIS K360 ULTRA LEVE PRETO/BRANCO/PRETO;12 
457;TENIS K360 ULTRA LEVE;4570002;TENIS K360 ULTRA LEVE CAFE;48 
457;TENIS K360 ULTRA LEVE;4570002;TENIS K360 ULTRA LEVE CARAMELO;780 
457;TENIS K360 ULTRA LEVE;4570002;TENIS K360 ULTRA LEVE MARINHO;45 
457;TENIS K360 ULTRA LEVE;4570002;TENIS K360 ULTRA LEVE NATURAL;24 
457;TENIS K360 ULTRA LEVE;4570002;TENIS K360 ULTRA LEVE PRETO;129 
457;TENIS K360 ULTRA LEVE;4570002;TENIS K360 ULTRA LEVE PRETO/BRANCO;102 
457;TENIS K360 ULTRA LEVE;4570003;TENIS K360 ULTRA LEVE CAFE;123 
457;TENIS K360 ULTRA LEVE;4570003;TENIS K360 ULTRA LEVE MARROM;141 
457;TENIS K360 ULTRA LEVE;4570003;TENIS K360 ULTRA LEVE PRETO/BRANCO;36 
457;TENIS K360 ULTRA LEVE;4570005;TENIS K360 ULTRA LEVE CARAMELO;42 
457;TENIS K360 ULTRA LEVE;4570005;TENIS K360 ULTRA LEVE MARINHO;9 
457;TENIS K360 ULTRA LEVE;4570005;TENIS K360 ULTRA LEVE NATURAL;42 
457;TENIS K360 ULTRA LEVE;4570005;TENIS K360 ULTRA LEVE PRETO;63 
;;;;
